Text,Token,Count,Freq,Length,Lemma,PoS,Tag,Dep,Shape,Sentiment
www.flipkart.com,www.flipkart.com,1,1,16,www.flipkart.com,X,ADD,ROOT,xxx.xxxx.xxx,0.0
latitud.com,latitud.com,1,1,11,latitud.com,X,ADD,ROOT,xxxx.xxx,0.0
web.mit.edu,web.mit.edu,1,1,11,web.mit.edu,X,ADD,ROOT,xxx.xxx.xxx,0.0
www.nexford.org,www.nexford.org,1,1,15,www.nexford.org,NOUN,NN,ROOT,xxx.xxxx.xxx,0.0
www.umich.edu/,www.umich.edu/,1,1,14,www.umich.edu/,NOUN,NN,ROOT,xxx.xxxx.xxx/,0.0
www.berkeley.edu/,www.berkeley.edu/,1,1,17,www.berkeley.edu/,VERB,VB,ROOT,xxx.xxxx.xxx/,0.0
harvard.edu,harvard.edu,1,1,11,harvard.edu,X,ADD,ROOT,xxxx.xxx,0.0
www.subject.com/,www.subject.com/,1,1,16,www.subject.com/,NOUN,NN,ROOT,xxx.xxxx.xxx/,0.0
www.cmu.edu,www.cmu.edu,1,1,11,www.cmu.edu,SPACE,_SP,ROOT,xxx.xxx.xxx,0.0
www.myntra.com,www.myntra.com,1,1,14,www.myntra.com,X,ADD,ROOT,xxx.xxxx.xxx,0.0
www.northwestern.edu/,www.northwestern.edu/,1,1,21,www.northwestern.edu/,SPACE,_SP,ROOT,xxx.xxxx.xxx/,0.0
www.usf.edu,www.usf.edu,1,1,11,www.usf.edu,PRON,PRP,ROOT,xxx.xxx.xxx,0.0
www.yale.edu/,www.yale.edu/,1,1,13,www.yale.edu/,X,FW,ROOT,xxx.xxxx.xxx/,0.0
www.duke.edu,www.duke.edu,1,1,12,www.duke.edu,X,ADD,ROOT,xxx.xxxx.xxx,0.0
openclassrooms.com/,openclassrooms.com/,1,1,19,openclassrooms.com/,VERB,VB,ROOT,xxxx.xxx/,0.0
generalassemb.ly/,generalassemb.ly/,1,1,17,generalassemb.ly/,NOUN,NN,ROOT,xxxx.xx/,0.0
www.usask.ca,www.usask.ca,1,1,12,www.usask.ca,ADV,RB,ROOT,xxx.xxxx.xx,0.0
www.iit.edu,www.iit.edu,1,1,11,www.iit.edu,X,XX,ROOT,xxx.xxx.xxx,0.0
louisville.edu/,louisville.edu/,1,1,15,louisville.edu/,NOUN,NNS,ROOT,xxxx.xxx/,0.0
www.sfu.ca/,www.sfu.ca/,1,1,11,www.sfu.ca/,PROPN,NNP,ROOT,xxx.xxx.xx/,0.0
www.ucla.edu/,www.ucla.edu/,1,1,13,www.ucla.edu/,SPACE,_SP,ROOT,xxx.xxxx.xxx/,0.0
create-x.gatech.edu/,create-x.gatech.edu/,1,1,20,create-x.gatech.edu/,NOUN,NN,ROOT,xxxx-x.xxxx.xxx/,0.0
www.caltech.edu,www.caltech.edu,1,1,15,www.caltech.edu,X,ADD,ROOT,xxx.xxxx.xxx,0.0
www.ucsf.edu,www.ucsf.edu,1,1,12,www.ucsf.edu,NOUN,NN,ROOT,xxx.xxxx.xxx,0.0
www.babson.edu,www.babson.edu,1,1,14,www.babson.edu,NOUN,NN,ROOT,xxx.xxxx.xxx,0.0
www.brown.edu/,www.brown.edu/,1,1,14,www.brown.edu/,SPACE,_SP,ROOT,xxx.xxxx.xxx/,0.0
corporatefinanceinstitute.com/,corporatefinanceinstitute.com/,1,1,30,corporatefinanceinstitute.com/,PROPN,NNP,ROOT,xxxx.xxx/,0.0
www.ironhack.com,www.ironhack.com,1,1,16,www.ironhack.com,X,ADD,ROOT,xxx.xxxx.xxx,0.0
twin-cities.umn.edu,twin-cities.umn.edu,1,1,19,twin-cities.umn.edu,PROPN,NNP,ROOT,xxxx-xxxx.xxx.xxx,0.0
www.mdc.edu/,www.mdc.edu/,1,1,12,www.mdc.edu/,NOUN,NN,ROOT,xxx.xxx.xxx/,0.0
www.uams.edu/,www.uams.edu/,1,1,13,www.uams.edu/,X,XX,ROOT,xxx.xxxx.xxx/,0.0
www.technion.ac.il/,www.technion.ac.il/,1,1,19,www.technion.ac.il/,NOUN,NN,ROOT,xxx.xxxx.xx.xx/,0.0
www.umd.edu/,www.umd.edu/,1,1,12,www.umd.edu/,NOUN,NN,ROOT,xxx.xxx.xxx/,0.0
www.ccny.cuny.edu,www.ccny.cuny.edu,1,1,17,www.ccny.cuny.edu,PRON,PRP,ROOT,xxx.xxxx.xxxx.xxx,0.0
www.ualberta.ca/,www.ualberta.ca/,1,1,16,www.ualberta.ca/,VERB,VB,ROOT,xxx.xxxx.xx/,0.0
www.wethinkcode.co.za,www.wethinkcode.co.za,1,1,21,www.wethinkcode.co.za,NOUN,NN,ROOT,xxx.xxxx.xx.xx,0.0
www.washington.edu/,www.washington.edu/,1,1,19,www.washington.edu/,SPACE,_SP,ROOT,xxx.xxxx.xxx/,0.0
www.howard.edu/,www.howard.edu/,1,1,15,www.howard.edu/,NOUN,NN,ROOT,xxx.xxxx.xxx/,0.0
www.uchicago.edu,www.uchicago.edu,1,1,16,www.uchicago.edu,X,ADD,ROOT,xxx.xxxx.xxx,0.0
www.cam.ac.uk/,www.cam.ac.uk/,1,1,14,www.cam.ac.uk/,NOUN,NN,ROOT,xxx.xxx.xx.xx/,0.0
www.endeavorschools.com,www.endeavorschools.com,1,1,23,www.endeavorschools.com,X,ADD,ROOT,xxx.xxxx.xxx,0.0
illinois.edu/,illinois.edu/,1,1,13,illinois.edu/,PROPN,NNP,ROOT,xxxx.xxx/,0.0
www.nyu.edu,www.nyu.edu,1,1,11,www.nyu.edu,X,XX,ROOT,xxx.xxx.xxx,0.0
www.rice.edu/,www.rice.edu/,1,1,13,www.rice.edu/,X,FW,ROOT,xxx.xxxx.xxx/,0.0
gemseducation.com/,gemseducation.com/,1,1,18,gemseducation.com/,PROPN,NNP,ROOT,xxxx.xxx/,0.0
dartmouth.edu,dartmouth.edu,1,1,13,dartmouth.edu,X,ADD,ROOT,xxxx.xxx,0.0
www.case.edu,www.case.edu,1,1,12,www.case.edu,NUM,CD,ROOT,xxx.xxxx.xxx,0.0
www.wichita.edu,www.wichita.edu,1,1,15,www.wichita.edu,NOUN,NN,ROOT,xxx.xxxx.xxx,0.0
www.utoronto.ca,www.utoronto.ca,1,1,15,www.utoronto.ca,SPACE,_SP,ROOT,xxx.xxxx.xx,0.0
www.osu.edu/,www.osu.edu/,1,1,12,www.osu.edu/,VERB,VB,ROOT,xxx.xxx.xxx/,0.0
www.wayne.edu/,www.wayne.edu/,1,1,14,www.wayne.edu/,PROPN,NNP,ROOT,xxx.xxxx.xxx/,0.0
purdue.edu,purdue.edu,1,1,10,purdue.edu,X,ADD,ROOT,xxxx.xxx,0.0
www.princeton.edu,www.princeton.edu,1,1,17,www.princeton.edu,X,ADD,ROOT,xxx.xxxx.xxx,0.0
flatironschool.com,flatironschool.com,1,1,18,flatironschool.com,X,ADD,ROOT,xxxx.xxx,0.0
www.northeastern.edu,www.northeastern.edu,1,1,20,www.northeastern.edu,NOUN,NN,ROOT,xxx.xxxx.xxx,0.0
www.jhu.edu/,www.jhu.edu/,1,1,12,www.jhu.edu/,VERB,VB,ROOT,xxx.xxx.xxx/,0.0
www.cprit.state.tx.us/,www.cprit.state.tx.us/,1,1,22,www.cprit.state.tx.us/,NOUN,NN,ROOT,xxx.xxxx.xxxx.xx.xx/,0.0
www.holbertonschool.com,www.holbertonschool.com,1,1,23,www.holbertonschool.com,X,ADD,ROOT,xxx.xxxx.xxx,0.0
www.drexel.edu/,www.drexel.edu/,1,1,15,www.drexel.edu/,PROPN,NNP,ROOT,xxx.xxxx.xxx/,0.0
www.arizona.edu,www.arizona.edu,1,1,15,www.arizona.edu,PUNCT,.,ROOT,xxx.xxxx.xxx,0.0
quantic.edu,quantic.edu,1,1,11,quantic.edu,X,ADD,ROOT,xxxx.xxx,0.0
www.essex.ac.uk/,www.essex.ac.uk/,1,1,16,www.essex.ac.uk/,NOUN,NN,ROOT,xxx.xxxx.xx.xx/,0.0
www.isb.edu,www.isb.edu,1,1,11,www.isb.edu,PUNCT,.,ROOT,xxx.xxx.xxx,0.0
www.emory.edu/,www.emory.edu/,1,1,14,www.emory.edu/,SPACE,_SP,ROOT,xxx.xxxx.xxx/,0.0
www.kellogg.northwestern.edu/,www.kellogg.northwestern.edu/,1,1,29,www.kellogg.northwestern.edu/,NOUN,NN,ROOT,xxx.xxxx.xxxx.xxx/,0.0
scripps.edu,scripps.edu,1,1,11,scripps.edu,X,ADD,ROOT,xxxx.xxx,0.0
www.wharton.upenn.edu/,www.wharton.upenn.edu/,1,1,22,www.wharton.upenn.edu/,NOUN,NN,ROOT,xxx.xxxx.xxxx.xxx/,0.0
weill.cornell.edu,weill.cornell.edu,1,1,17,weill.cornell.edu,PROPN,NNP,ROOT,xxxx.xxxx.xxx,0.0
su.org,su.org,1,1,6,su.org,ADJ,JJ,ROOT,xx.xxx,0.0
digitalmarketinginstitute.com/,digitalmarketinginstitute.com/,1,1,30,digitalmarketinginstitute.com/,NUM,CD,ROOT,xxxx.xxx/,0.0
www.sgu.edu,www.sgu.edu,1,1,11,www.sgu.edu,NOUN,NN,ROOT,xxx.xxx.xxx,0.0
kcl.ac.uk/,kcl.ac.uk/,1,1,10,kcl.ac.uk/,NUM,CD,ROOT,xxx.xx.xx/,0.0
www.uthsc.edu/,www.uthsc.edu/,1,1,14,www.uthsc.edu/,VERB,VB,ROOT,xxx.xxxx.xxx/,0.0
www.iitm.ac.in/,www.iitm.ac.in/,1,1,15,www.iitm.ac.in/,VERB,VB,ROOT,xxx.xxxx.xx.xx/,0.0
www.mcw.edu/,www.mcw.edu/,1,1,12,www.mcw.edu/,VERB,VB,ROOT,xxx.xxx.xxx/,0.0
www.nd.edu/,www.nd.edu/,1,1,11,www.nd.edu/,SPACE,_SP,ROOT,xxx.xx.xxx/,0.0
www.asu.edu/,www.asu.edu/,1,1,12,www.asu.edu/,VERB,VB,ROOT,xxx.xxx.xxx/,0.0
www.upenn.edu/,www.upenn.edu/,1,1,14,www.upenn.edu/,X,XX,ROOT,xxx.xxxx.xxx/,0.0
www.africanleadershipacademy.org/,www.africanleadershipacademy.org/,1,1,33,www.africanleadershipacademy.org/,NOUN,NN,ROOT,xxx.xxxx.xxx/,0.0
www.ncsu.edu/,www.ncsu.edu/,1,1,13,www.ncsu.edu/,X,XX,ROOT,xxx.xxxx.xxx/,0.0
www.ucc.ie,www.ucc.ie,1,1,10,www.ucc.ie,NOUN,NN,ROOT,xxx.xxx.xx,0.0
scu.edu,scu.edu,1,1,7,scu.edu,VERB,VB,ROOT,xxx.xxx,0.0
www.utexas.edu,www.utexas.edu,1,2,14,www.utexas.edu,NOUN,NN,ROOT,xxx.xxxx.xxx,0.0
www.lse.ac.uk/,www.lse.ac.uk/,1,1,14,www.lse.ac.uk/,NOUN,NN,ROOT,xxx.xxx.xx.xx/,0.0
www.uiowa.edu/,www.uiowa.edu/,1,1,14,www.uiowa.edu/,SPACE,_SP,ROOT,xxx.xxxx.xxx/,0.0
www.chaminade.edu/,www.chaminade.edu/,1,1,18,www.chaminade.edu/,X,XX,ROOT,xxx.xxxx.xxx/,0.0
www.mcgill.ca/,www.mcgill.ca/,1,1,14,www.mcgill.ca/,NOUN,NN,ROOT,xxx.xxxx.xx/,0.0
hms.harvard.edu/,hms.harvard.edu/,1,1,16,hms.harvard.edu/,ADV,RB,ROOT,xxx.xxxx.xxx/,0.0
www.tum.de,www.tum.de,1,1,10,www.tum.de,ADP,IN,ROOT,xxx.xxx.xx,0.0
ucsd.edu,ucsd.edu,1,1,8,ucsd.edu,X,ADD,ROOT,xxxx.xxx,0.0
www.fsu.edu/,www.fsu.edu/,1,1,12,www.fsu.edu/,NOUN,NN,ROOT,xxx.xxx.xxx/,0.0
www.bcu.ac.uk/,www.bcu.ac.uk/,1,1,14,www.bcu.ac.uk/,NOUN,NN,ROOT,xxx.xxx.xx.xx/,0.0
www.calstate.edu,www.calstate.edu,1,1,16,www.calstate.edu,NOUN,NN,ROOT,xxx.xxxx.xxx,0.0
www.fiu.edu/,www.fiu.edu/,1,1,12,www.fiu.edu/,NOUN,NN,ROOT,xxx.xxx.xxx/,0.0
www.einstein.yu.edu/,www.einstein.yu.edu/,1,1,20,www.einstein.yu.edu/,PROPN,NNP,ROOT,xxx.xxxx.xx.xxx/,0.0
www.tamu.edu/,www.tamu.edu/,1,1,13,www.tamu.edu/,NOUN,NN,ROOT,xxx.xxxx.xxx/,0.0
www.virginia.edu/,www.virginia.edu/,1,1,17,www.virginia.edu/,SPACE,_SP,ROOT,xxx.xxxx.xxx/,0.0
www.vanderbilt.edu,www.vanderbilt.edu,1,1,18,www.vanderbilt.edu,X,ADD,ROOT,xxx.xxxx.xxx,0.0
www.unisg.ch/,www.unisg.ch/,1,1,13,www.unisg.ch/,VERB,VB,ROOT,xxx.xxxx.xx/,0.0
www.swri.org,www.swri.org,1,1,12,www.swri.org,VERB,VBD,ROOT,xxx.xxxx.xxx,0.0
www.rutgers.edu,www.rutgers.edu,1,1,15,www.rutgers.edu,NOUN,NN,ROOT,xxx.xxxx.xxx,0.0
www.k-state.edu/,www.k-state.edu/,1,1,16,www.k-state.edu/,PROPN,NNP,ROOT,xxx.x-xxxx.xxx/,0.0
english.tau.ac.il/,english.tau.ac.il/,1,1,18,english.tau.ac.il/,NOUN,NNS,ROOT,xxxx.xxx.xx.xx/,0.0
www.smu.edu,www.smu.edu,1,1,11,www.smu.edu,PUNCT,.,ROOT,xxx.xxx.xxx,0.0
www.ncat.edu/,www.ncat.edu/,1,1,13,www.ncat.edu/,PROPN,NNP,ROOT,xxx.xxxx.xxx/,0.0
www.ufl.edu,www.ufl.edu,1,1,11,www.ufl.edu,PROPN,NNP,ROOT,xxx.xxx.xxx,0.0
mila.quebec/en/mila/,mila.quebec/en/mila/,1,1,20,mila.quebec/en/mila/,NOUN,NN,ROOT,xxxx.xxxx/xx/xxxx/,0.0
www.vt.edu,www.vt.edu,1,1,10,www.vt.edu,NOUN,NN,ROOT,xxx.xx.xxx,0.0
media.mit.edu,media.mit.edu,1,1,13,media.mit.edu,NOUN,NNS,ROOT,xxxx.xxx.xxx,0.0
medicine.wustl.edu/,medicine.wustl.edu/,1,1,19,medicine.wustl.edu/,NOUN,NN,ROOT,xxxx.xxxx.xxx/,0.0
www.fau.edu/,www.fau.edu/,1,1,12,www.fau.edu/,NOUN,NN,ROOT,xxx.xxx.xxx/,0.0
www.iu.edu,www.iu.edu,1,1,10,www.iu.edu,PROPN,NNP,ROOT,xxx.xx.xxx,0.0
imperial.ac.uk,imperial.ac.uk,1,1,14,imperial.ac.uk,VERB,VB,ROOT,xxxx.xx.xx,0.0
www.curtin.edu.au/,www.curtin.edu.au/,1,1,18,www.curtin.edu.au/,VERB,VB,ROOT,xxx.xxxx.xxx.xx/,0.0
ixperience.co/,ixperience.co/,1,1,14,ixperience.co/,PROPN,NNP,ROOT,xxxx.xx/,0.0
www.uwo.ca/,www.uwo.ca/,1,1,11,www.uwo.ca/,VERB,VB,ROOT,xxx.xxx.xx/,0.0
www.unc.edu,www.unc.edu,1,1,11,www.unc.edu,X,XX,ROOT,xxx.xxx.xxx,0.0
acloudguru.com/,acloudguru.com/,1,1,15,acloudguru.com/,X,FW,ROOT,xxxx.xxx/,0.0
www.salk.edu/,www.salk.edu/,1,1,13,www.salk.edu/,VERB,VB,ROOT,xxx.xxxx.xxx/,0.0
www.bu.edu/,www.bu.edu/,1,1,11,www.bu.edu/,PROPN,NNP,ROOT,xxx.xx.xxx/,0.0
www.hopkinsmedicine.org,www.hopkinsmedicine.org,1,1,23,www.hopkinsmedicine.org,NOUN,NN,ROOT,xxx.xxxx.xxx,0.0
tulane.edu/,tulane.edu/,1,1,11,tulane.edu/,NOUN,NNS,ROOT,xxxx.xxx/,0.0
www.vitamina.cl/,www.vitamina.cl/,1,1,16,www.vitamina.cl/,NOUN,NN,ROOT,xxx.xxxx.xx/,0.0
www.tcd.ie/,www.tcd.ie/,1,1,11,www.tcd.ie/,PROPN,NNP,ROOT,xxx.xxx.xx/,0.0
codecool.com,codecool.com,1,1,12,codecool.com,X,ADD,ROOT,xxxx.xxx,0.0
www.alleninstitute.org/,www.alleninstitute.org/,1,1,23,www.alleninstitute.org/,NOUN,NN,ROOT,xxx.xxxx.xxx/,0.0
www.stanford.edu,www.stanford.edu,1,1,16,www.stanford.edu,PUNCT,.,ROOT,xxx.xxxx.xxx,0.0
uwaterloo.ca,uwaterloo.ca,1,1,12,uwaterloo.ca,X,LS,ROOT,xxxx.xx,0.0
www.uky.edu/,www.uky.edu/,1,1,12,www.uky.edu/,NOUN,NN,ROOT,xxx.xxx.xxx/,0.0
montefiore.org,montefiore.org,1,1,14,montefiore.org,X,ADD,ROOT,xxxx.xxx,0.0
wustl.edu/,wustl.edu/,1,1,10,wustl.edu/,PROPN,NNP,ROOT,xxxx.xxx/,0.0
www.psu.edu/,www.psu.edu/,1,1,12,www.psu.edu/,VERB,VB,ROOT,xxx.xxx.xxx/,0.0
www.alueducation.com/,www.alueducation.com/,1,1,21,www.alueducation.com/,NOUN,NN,ROOT,xxx.xxxx.xxx/,0.0
pitt.edu,pitt.edu,1,1,8,pitt.edu,X,ADD,ROOT,xxxx.xxx,0.0
www.ucd.ie,www.ucd.ie,1,1,10,www.ucd.ie,X,ADD,ROOT,xxx.xxx.xx,0.0
www.swinburne.edu.au/,www.swinburne.edu.au/,1,1,21,www.swinburne.edu.au/,VERB,VB,ROOT,xxx.xxxx.xxx.xx/,0.0
www.gwu.edu,www.gwu.edu,1,1,11,www.gwu.edu,NOUN,NN,ROOT,xxx.xxx.xxx,0.0
msu.edu,msu.edu,1,1,7,msu.edu,NOUN,NN,ROOT,xxx.xxx,0.0
www.phoenix.edu,www.phoenix.edu,1,1,15,www.phoenix.edu,X,ADD,ROOT,xxx.xxxx.xxx,0.0
www.njit.edu/,www.njit.edu/,1,1,13,www.njit.edu/,SPACE,_SP,ROOT,xxx.xxxx.xxx/,0.0
www.utsa.edu/,www.utsa.edu/,1,1,13,www.utsa.edu/,SPACE,_SP,ROOT,xxx.xxxx.xxx/,0.0
www.unicaf.org/,www.unicaf.org/,1,1,15,www.unicaf.org/,NOUN,NN,ROOT,xxx.xxxx.xxx/,0.0
www.sun.ac.za/,www.sun.ac.za/,1,1,14,www.sun.ac.za/,SPACE,_SP,ROOT,xxx.xxx.xx.xx/,0.0
www.hawaii.edu/,www.hawaii.edu/,1,1,15,www.hawaii.edu/,PROPN,NNP,ROOT,xxx.xxxx.xxx/,0.0
www.dcccd.edu,www.dcccd.edu,1,1,13,www.dcccd.edu,X,ADD,ROOT,xxx.xxxx.xxx,0.0
www.stevens.edu/,www.stevens.edu/,1,1,16,www.stevens.edu/,SPACE,_SP,ROOT,xxx.xxxx.xxx/,0.0
www.auburn.edu,www.auburn.edu,1,1,14,www.auburn.edu,PUNCT,.,ROOT,xxx.xxxx.xxx,0.0
www.lunduniversity.lu.se,www.lunduniversity.lu.se,1,1,24,www.lunduniversity.lu.se,ADJ,JJ,ROOT,xxx.xxxx.xx.xx,0.0
www.chicagobooth.edu/,www.chicagobooth.edu/,1,1,21,www.chicagobooth.edu/,X,ADD,ROOT,xxx.xxxx.xxx/,0.0
www.wpi.edu,www.wpi.edu,1,1,11,www.wpi.edu,X,XX,ROOT,xxx.xxx.xxx,0.0
www.columbia.edu,www.columbia.edu,1,1,16,www.columbia.edu,NOUN,NN,ROOT,xxx.xxxx.xxx,0.0
www.buffalo.edu/,www.buffalo.edu/,1,1,16,www.buffalo.edu/,SPACE,_SP,ROOT,xxx.xxxx.xxx/,0.0
www.syracuse.edu/,www.syracuse.edu/,1,1,17,www.syracuse.edu/,SPACE,_SP,ROOT,xxx.xxxx.xxx/,0.0
www.cranfield.ac.uk/,www.cranfield.ac.uk/,1,1,20,www.cranfield.ac.uk/,ADV,RB,ROOT,xxx.xxxx.xx.xx/,0.0
earlybirdeducation.com/,earlybirdeducation.com/,1,1,23,earlybirdeducation.com/,NOUN,NN,ROOT,xxxx.xxx/,0.0
www.ulster.ac.uk,www.ulster.ac.uk,1,1,16,www.ulster.ac.uk,VERB,VB,ROOT,xxx.xxxx.xx.xx,0.0
www.ipd.uw.edu/,www.ipd.uw.edu/,1,1,15,www.ipd.uw.edu/,NOUN,NNS,ROOT,xxx.xxx.xx.xxx/,0.0
www.georgetown.edu,www.georgetown.edu,1,1,18,www.georgetown.edu,NOUN,NN,ROOT,xxx.xxxx.xxx,0.0
wsu.edu,wsu.edu,1,1,7,wsu.edu,NUM,CD,ROOT,xxx.xxx,0.0
www.cau.edu,www.cau.edu,1,1,11,www.cau.edu,INTJ,UH,ROOT,xxx.xxx.xxx,0.0
www.umassmed.edu,www.umassmed.edu,1,1,16,www.umassmed.edu,X,ADD,ROOT,xxx.xxxx.xxx,0.0
www.missouri.edu/,www.missouri.edu/,1,1,17,www.missouri.edu/,SPACE,_SP,ROOT,xxx.xxxx.xxx/,0.0
www.ivey.uwo.ca,www.ivey.uwo.ca,1,1,15,www.ivey.uwo.ca,PROPN,NNP,ROOT,xxx.xxxx.xxx.xx,0.0
bowvalleycollege.ca,bowvalleycollege.ca,1,1,19,bowvalleycollege.ca,X,ADD,ROOT,xxxx.xx,0.0
www.umassd.edu/,www.umassd.edu/,1,1,15,www.umassd.edu/,PROPN,NNP,ROOT,xxx.xxxx.xxx/,0.0
www.umass.edu/,www.umass.edu/,1,1,14,www.umass.edu/,X,ADD,ROOT,xxx.xxxx.xxx/,0.0
www.uchicagomedicine.org/,www.uchicagomedicine.org/,1,1,25,www.uchicagomedicine.org/,NOUN,NN,ROOT,xxx.xxxx.xxx/,0.0
www.med.upenn.edu,www.med.upenn.edu,1,1,17,www.med.upenn.edu,NOUN,NN,ROOT,xxx.xxx.xxxx.xxx,0.0
www.ubc.ca/,www.ubc.ca/,1,1,11,www.ubc.ca/,NOUN,NN,ROOT,xxx.xxx.xx/,0.0
www.ryerson.ca/,www.ryerson.ca/,1,1,15,www.ryerson.ca/,VERB,VB,ROOT,xxx.xxxx.xx/,0.0
www.cmc.edu/,www.cmc.edu/,1,1,12,www.cmc.edu/,VERB,VB,ROOT,xxx.xxx.xxx/,0.0
www.aston.ac.uk,www.aston.ac.uk,1,1,15,www.aston.ac.uk,VERB,VB,ROOT,xxx.xxxx.xx.xx,0.0
www.strath.ac.uk/,www.strath.ac.uk/,1,1,17,www.strath.ac.uk/,NOUN,NN,ROOT,xxx.xxxx.xx.xx/,0.0
www.haskell.edu/,www.haskell.edu/,1,1,16,www.haskell.edu/,NOUN,NN,ROOT,xxx.xxxx.xxx/,0.0
www.ust.hk,www.ust.hk,1,1,10,www.ust.hk,VERB,VB,ROOT,xxx.xxx.xx,0.0
www.rcsi.com,www.rcsi.com,1,1,12,www.rcsi.com,X,ADD,ROOT,xxx.xxxx.xxx,0.0
www.etown.edu/,www.etown.edu/,1,1,14,www.etown.edu/,SPACE,_SP,ROOT,xxx.xxxx.xxx/,0.0
www.colorado.edu/,www.colorado.edu/,1,1,17,www.colorado.edu/,NOUN,NNS,ROOT,xxx.xxxx.xxx/,0.0
uthscsa.edu,uthscsa.edu,1,1,11,uthscsa.edu,X,ADD,ROOT,xxxx.xxx,0.0
www.artcenter.edu/,www.artcenter.edu/,1,1,18,www.artcenter.edu/,X,ADD,ROOT,xxx.xxxx.xxx/,0.0
www.manchester.ac.uk/,www.manchester.ac.uk/,1,1,21,www.manchester.ac.uk/,VERB,VB,ROOT,xxx.xxxx.xx.xx/,0.0
gatech.edu,gatech.edu,1,1,10,gatech.edu,X,ADD,ROOT,xxxx.xxx,0.0
www.nottingham.ac.uk,www.nottingham.ac.uk,1,1,20,www.nottingham.ac.uk,NOUN,NN,ROOT,xxx.xxxx.xx.xx,0.0
www.concordia.ca/,www.concordia.ca/,1,1,17,www.concordia.ca/,NOUN,NN,ROOT,xxx.xxxx.xx/,0.0
www.cmich.edu/,www.cmich.edu/,1,1,14,www.cmich.edu/,ADV,RB,ROOT,xxx.xxxx.xxx/,0.0
fogartyinstitute.org/,fogartyinstitute.org/,1,1,21,fogartyinstitute.org/,NOUN,NN,ROOT,xxxx.xxx/,0.0
www.hkbu.edu.hk,www.hkbu.edu.hk,1,1,15,www.hkbu.edu.hk,ADJ,JJ,ROOT,xxx.xxxx.xxx.xx,0.0
www.sinclair.edu/,www.sinclair.edu/,1,1,17,www.sinclair.edu/,NOUN,NN,ROOT,xxx.xxxx.xxx/,0.0
www.raritanval.edu/,www.raritanval.edu/,1,1,19,www.raritanval.edu/,SPACE,_SP,ROOT,xxx.xxxx.xxx/,0.0
school.wakehealth.edu,school.wakehealth.edu,1,1,21,school.wakehealth.edu,PROPN,NNP,ROOT,xxxx.xxxx.xxx,0.0
www.ucalgary.ca/,www.ucalgary.ca/,1,1,16,www.ucalgary.ca/,VERB,VBP,ROOT,xxx.xxxx.xx/,0.0
www.cgu.edu/,www.cgu.edu/,1,1,12,www.cgu.edu/,NOUN,NN,ROOT,xxx.xxx.xxx/,0.0
www.qub.ac.uk,www.qub.ac.uk,1,1,13,www.qub.ac.uk,VERB,VB,ROOT,xxx.xxx.xx.xx,0.0
www.sdstate.edu/,www.sdstate.edu/,1,1,16,www.sdstate.edu/,VERB,VB,ROOT,xxx.xxxx.xxx/,0.0
www.umontreal.ca/,www.umontreal.ca/,1,1,17,www.umontreal.ca/,NOUN,NN,ROOT,xxx.xxxx.xx/,0.0
www.uc.edu/,www.uc.edu/,1,1,11,www.uc.edu/,NOUN,NN,ROOT,xxx.xx.xxx/,0.0
www.strathmore.edu/en/,www.strathmore.edu/en/,1,1,22,www.strathmore.edu/en/,NOUN,NN,ROOT,xxx.xxxx.xxx/xx/,0.0
www.umanitoba.ca/,www.umanitoba.ca/,1,1,17,www.umanitoba.ca/,NOUN,NN,ROOT,xxx.xxxx.xx/,0.0
www.matc.edu,www.matc.edu,1,1,12,www.matc.edu,X,ADD,ROOT,xxx.xxxx.xxx,0.0
www.usherbrooke.ca/,www.usherbrooke.ca/,1,1,19,www.usherbrooke.ca/,VERB,VBN,ROOT,xxx.xxxx.xx/,0.0
oregonstate.edu/,oregonstate.edu/,1,1,16,oregonstate.edu/,VERB,VBZ,ROOT,xxxx.xxx/,0.0
uq.edu.au,uq.edu.au,1,1,9,uq.edu.au,PROPN,NNP,ROOT,xx.xxx.xx,0.0
www.intoglobal.com/,www.intoglobal.com/,1,1,19,www.intoglobal.com/,VERB,VB,ROOT,xxx.xxxx.xxx/,0.0
som.yale.edu,som.yale.edu,1,1,12,som.yale.edu,X,ADD,ROOT,xxx.xxxx.xxx,0.0
www.ou.edu,www.ou.edu,1,1,10,www.ou.edu,PROPN,NNP,ROOT,xxx.xx.xxx,0.0
www.stern.nyu.edu,www.stern.nyu.edu,1,1,17,www.stern.nyu.edu,NOUN,NNS,ROOT,xxx.xxxx.xxx.xxx,0.0
www.bs.ilsole24ore.com,www.bs.ilsole24ore.com,1,1,22,www.bs.ilsole24ore.com,X,ADD,ROOT,xxx.xx.xxxxddxxx.xxx,0.0
www.cuanschutz.edu/,www.cuanschutz.edu/,1,1,19,www.cuanschutz.edu/,PROPN,NNP,ROOT,xxx.xxxx.xxx/,0.0
www.yu.edu/,www.yu.edu/,1,1,11,www.yu.edu/,PUNCT,:,ROOT,xxx.xx.xxx/,0.0
www.pdx.edu,www.pdx.edu,1,1,11,www.pdx.edu,SPACE,_SP,ROOT,xxx.xxx.xxx,0.0
www.wisc.edu,www.wisc.edu,1,1,12,www.wisc.edu,NOUN,NN,ROOT,xxx.xxxx.xxx,0.0
www.palmbeachstate.edu/,www.palmbeachstate.edu/,1,1,23,www.palmbeachstate.edu/,SPACE,_SP,ROOT,xxx.xxxx.xxx/,0.0
www.stetson.edu/,www.stetson.edu/,1,1,16,www.stetson.edu/,PROPN,NNP,ROOT,xxx.xxxx.xxx/,0.0
uncg.edu/,uncg.edu/,1,1,9,uncg.edu/,NOUN,NNS,ROOT,xxxx.xxx/,0.0
www.lehigh.edu/,www.lehigh.edu/,1,1,15,www.lehigh.edu/,VERB,VB,ROOT,xxx.xxxx.xxx/,0.0
www.dcu.ie/,www.dcu.ie/,1,1,11,www.dcu.ie/,NOUN,NN,ROOT,xxx.xxx.xx/,0.0
www.ucl.ac.uk/,www.ucl.ac.uk/,1,1,14,www.ucl.ac.uk/,SPACE,_SP,ROOT,xxx.xxx.xx.xx/,0.0
www.ucf.edu/,www.ucf.edu/,1,1,12,www.ucf.edu/,ADJ,JJR,ROOT,xxx.xxx.xxx/,0.0
www.blueschool.org,www.blueschool.org,1,1,18,www.blueschool.org,VERB,VBN,ROOT,xxx.xxxx.xxx,0.0
soal.io,soal.io,1,1,7,soal.io,X,ADD,ROOT,xxxx.xx,0.0
www.bates.edu/,www.bates.edu/,1,1,14,www.bates.edu/,NOUN,NN,ROOT,xxx.xxxx.xxx/,0.0
ubiquityuniversity.org/,ubiquityuniversity.org/,1,1,23,ubiquityuniversity.org/,NOUN,NN,ROOT,xxxx.xxx/,0.0
www.colby.edu,www.colby.edu,1,1,13,www.colby.edu,PUNCT,.,ROOT,xxx.xxxx.xxx,0.0
www.uic.edu/,www.uic.edu/,1,1,12,www.uic.edu/,PROPN,NNP,ROOT,xxx.xxx.xxx/,0.0
www.ohsu.edu/,www.ohsu.edu/,1,1,13,www.ohsu.edu/,NUM,CD,ROOT,xxx.xxxx.xxx/,0.0
sydney.edu.au/,sydney.edu.au/,1,1,14,sydney.edu.au/,ADV,RB,ROOT,xxxx.xxx.xx/,0.0
www.uab.edu/,www.uab.edu/,1,1,12,www.uab.edu/,NOUN,NN,ROOT,xxx.xxx.xxx/,0.0
www.hssu.edu/,www.hssu.edu/,1,1,13,www.hssu.edu/,PROPN,NNP,ROOT,xxx.xxxx.xxx/,0.0
www.bellarmine.edu/,www.bellarmine.edu/,1,1,19,www.bellarmine.edu/,NOUN,NN,ROOT,xxx.xxxx.xxx/,0.0
med.nyu.edu/education,med.nyu.edu/education,1,1,21,med.nyu.edu/education,X,XX,ROOT,xxx.xxx.xxx/xxxx,0.0
www.vcu.edu/,www.vcu.edu/,1,1,12,www.vcu.edu/,NOUN,NN,ROOT,xxx.xxx.xxx/,0.0
www.rushu.rush.edu/,www.rushu.rush.edu/,1,1,19,www.rushu.rush.edu/,NOUN,NN,ROOT,xxx.xxxx.xxxx.xxx/,0.0
www.usc.edu,www.usc.edu,1,1,11,www.usc.edu,X,ADD,ROOT,xxx.xxx.xxx,0.0
slu.edu,slu.edu,1,1,7,slu.edu,X,ADD,ROOT,xxx.xxx,0.0
www.pccc.edu/,www.pccc.edu/,1,1,13,www.pccc.edu/,X,ADD,ROOT,xxx.xxxx.xxx/,0.0
www.beacademy.com.br,www.beacademy.com.br,1,1,20,www.beacademy.com.br,NOUN,NN,ROOT,xxx.xxxx.xxx.xx,0.0
www.uwindsor.ca/,www.uwindsor.ca/,1,1,16,www.uwindsor.ca/,VERB,VB,ROOT,xxx.xxxx.xx/,0.0
www.northumbria.ac.uk/,www.northumbria.ac.uk/,1,1,22,www.northumbria.ac.uk/,VERB,VB,ROOT,xxx.xxxx.xx.xx/,0.0
www.carrollu.edu/,www.carrollu.edu/,1,1,17,www.carrollu.edu/,PROPN,NNP,ROOT,xxx.xxxx.xxx/,0.0
www.marquette.edu/,www.marquette.edu/,1,1,18,www.marquette.edu/,SPACE,_SP,ROOT,xxx.xxxx.xxx/,0.0
utah.edu,utah.edu,1,1,8,utah.edu,NOUN,NN,ROOT,xxxx.xxx,0.0
www.ed.ac.uk,www.ed.ac.uk,1,1,12,www.ed.ac.uk,NOUN,NN,ROOT,xxx.xx.xx.xx,0.0
www.morgan.edu/,www.morgan.edu/,1,1,15,www.morgan.edu/,SPACE,_SP,ROOT,xxx.xxxx.xxx/,0.0
www.boisestate.edu,www.boisestate.edu,1,1,18,www.boisestate.edu,NOUN,NN,ROOT,xxx.xxxx.xxx,0.0
www.marshall.edu/,www.marshall.edu/,1,1,17,www.marshall.edu/,X,ADD,ROOT,xxx.xxxx.xxx/,0.0
www.clemson.edu,www.clemson.edu,1,1,15,www.clemson.edu,NOUN,NN,ROOT,xxx.xxxx.xxx,0.0
goizueta.emory.edu/,goizueta.emory.edu/,1,1,19,goizueta.emory.edu/,NOUN,NN,ROOT,xxxx.xxxx.xxx/,0.0
www.rit.edu,www.rit.edu,1,1,11,www.rit.edu,PRON,PRP,ROOT,xxx.xxx.xxx,0.0
www.brocku.ca/,www.brocku.ca/,1,1,14,www.brocku.ca/,VERB,VB,ROOT,xxx.xxxx.xx/,0.0
www.iastate.edu,www.iastate.edu,1,1,15,www.iastate.edu,NUM,CD,ROOT,xxx.xxxx.xxx,0.0
www.medicine.iu.edu/,www.medicine.iu.edu/,1,1,20,www.medicine.iu.edu/,NOUN,NNS,ROOT,xxx.xxxx.xx.xxx/,0.0
www.uvm.edu/,www.uvm.edu/,1,1,12,www.uvm.edu/,NOUN,NN,ROOT,xxx.xxx.xxx/,0.0
www.bcm.edu/,www.bcm.edu/,1,1,12,www.bcm.edu/,ADJ,JJ,ROOT,xxx.xxx.xxx/,0.0
www.uh.edu/,www.uh.edu/,1,1,11,www.uh.edu/,VERB,VBD,ROOT,xxx.xx.xxx/,0.0
www.cuny.edu/,www.cuny.edu/,1,1,13,www.cuny.edu/,X,ADD,ROOT,xxx.xxxx.xxx/,0.0
www.baylor.edu,www.baylor.edu,1,1,14,www.baylor.edu,NOUN,NN,ROOT,xxx.xxxx.xxx,0.0
www.rpi.edu/,www.rpi.edu/,1,1,12,www.rpi.edu/,ADJ,JJ,ROOT,xxx.xxx.xxx/,0.0
gama.academy/,gama.academy/,1,1,13,gama.academy/,NUM,CD,ROOT,xxxx.xxxx/,0.0
www.amherst.edu/,www.amherst.edu/,1,1,16,www.amherst.edu/,NOUN,NNS,ROOT,xxx.xxxx.xxx/,0.0
www.kent.ac.uk/,www.kent.ac.uk/,1,1,15,www.kent.ac.uk/,VERB,VB,ROOT,xxx.xxxx.xx.xx/,0.0
www.csun.edu/,www.csun.edu/,1,1,13,www.csun.edu/,VERB,VB,ROOT,xxx.xxxx.xxx/,0.0
www.weizmann.ac.il/,www.weizmann.ac.il/,1,1,19,www.weizmann.ac.il/,ADJ,JJS,ROOT,xxx.xxxx.xx.xx/,0.0
www.sait.ca/,www.sait.ca/,1,1,12,www.sait.ca/,NOUN,NN,ROOT,xxx.xxxx.xx/,0.0
siena.edu,siena.edu,1,1,9,siena.edu,X,ADD,ROOT,xxxx.xxx,0.0
www.chapman.edu,www.chapman.edu,1,1,15,www.chapman.edu,NOUN,NN,ROOT,xxx.xxxx.xxx,0.0
www.villanova.edu,www.villanova.edu,1,1,17,www.villanova.edu,NOUN,NN,ROOT,xxx.xxxx.xxx,0.0
www.lewagon.com,www.lewagon.com,1,1,15,www.lewagon.com,X,ADD,ROOT,xxx.xxxx.xxx,0.0
www.fresnocitycollege.edu/,www.fresnocitycollege.edu/,1,1,26,www.fresnocitycollege.edu/,X,XX,ROOT,xxx.xxxx.xxx/,0.0
medicine.temple.edu/,medicine.temple.edu/,1,1,20,medicine.temple.edu/,NOUN,NN,ROOT,xxxx.xxxx.xxx/,0.0
www.unb.ca,www.unb.ca,1,1,10,www.unb.ca,ADV,RB,ROOT,xxx.xxx.xx,0.0
www.depauw.edu/,www.depauw.edu/,1,1,15,www.depauw.edu/,SPACE,_SP,ROOT,xxx.xxxx.xxx/,0.0
www.utsouthwestern.edu/,www.utsouthwestern.edu/,1,1,23,www.utsouthwestern.edu/,NOUN,NN,ROOT,xxx.xxxx.xxx/,0.0
www.mcri.edu.au/,www.mcri.edu.au/,1,1,16,www.mcri.edu.au/,X,LS,ROOT,xxx.xxxx.xxx.xx/,0.0
www.ivytech.edu/,www.ivytech.edu/,1,1,16,www.ivytech.edu/,SPACE,_SP,ROOT,xxx.xxxx.xxx/,0.0
www.uca.edu/,www.uca.edu/,1,1,12,www.uca.edu/,NOUN,NN,ROOT,xxx.xxx.xxx/,0.0
uwosh.edu,uwosh.edu,1,1,9,uwosh.edu,X,ADD,ROOT,xxxx.xxx,0.0
www.camdencc.edu/,www.camdencc.edu/,1,1,17,www.camdencc.edu/,VERB,VB,ROOT,xxx.xxxx.xxx/,0.0
www.loyola.edu/,www.loyola.edu/,1,1,15,www.loyola.edu/,SPACE,_SP,ROOT,xxx.xxxx.xxx/,0.0
www.morehouse.edu/,www.morehouse.edu/,1,1,18,www.morehouse.edu/,ADV,RB,ROOT,xxx.xxxx.xxx/,0.0
www.xavier.edu/,www.xavier.edu/,1,1,15,www.xavier.edu/,PROPN,NNP,ROOT,xxx.xxxx.xxx/,0.0
www.unt.edu/,www.unt.edu/,1,1,12,www.unt.edu/,NOUN,NN,ROOT,xxx.xxx.xxx/,0.0
www.udel.edu/,www.udel.edu/,1,1,13,www.udel.edu/,NOUN,NNS,ROOT,xxx.xxxx.xxx/,0.0
www.mnps.org,www.mnps.org,1,1,12,www.mnps.org,NOUN,NN,ROOT,xxx.xxxx.xxx,0.0
bristol.ac.uk/,bristol.ac.uk/,1,1,14,bristol.ac.uk/,NOUN,NN,ROOT,xxxx.xx.xx/,0.0
trivandrum.kimsglobal.com/,trivandrum.kimsglobal.com/,1,1,26,trivandrum.kimsglobal.com/,NOUN,NN,ROOT,xxxx.xxxx.xxx/,0.0
www.centennialcollege.ca,www.centennialcollege.ca,1,1,24,www.centennialcollege.ca,SPACE,_SP,ROOT,xxx.xxxx.xx,0.0
www.tmcf.org,www.tmcf.org,1,1,12,www.tmcf.org,NOUN,NN,ROOT,xxx.xxxx.xxx,0.0
www.mines.edu/,www.mines.edu/,1,1,14,www.mines.edu/,X,XX,ROOT,xxx.xxxx.xxx/,0.0
www.avionschool.com/,www.avionschool.com/,1,1,20,www.avionschool.com/,NOUN,NN,ROOT,xxx.xxxx.xxx/,0.0
www.nvcc.edu/,www.nvcc.edu/,1,1,13,www.nvcc.edu/,PROPN,NNP,ROOT,xxx.xxxx.xxx/,0.0
www.vinu.edu/,www.vinu.edu/,1,1,13,www.vinu.edu/,X,FW,ROOT,xxx.xxxx.xxx/,0.0
www.cooperhealth.org,www.cooperhealth.org,1,1,20,www.cooperhealth.org,X,ADD,ROOT,xxx.xxxx.xxx,0.0
www.lsu.edu,www.lsu.edu,1,1,11,www.lsu.edu,SPACE,_SP,ROOT,xxx.xxx.xxx,0.0
www.rcsj.edu/,www.rcsj.edu/,1,1,13,www.rcsj.edu/,SPACE,_SP,ROOT,xxx.xxxx.xxx/,0.0
www.uri.edu/,www.uri.edu/,1,1,12,www.uri.edu/,NOUN,NN,ROOT,xxx.xxx.xxx/,0.0
www.occc.edu/,www.occc.edu/,1,1,13,www.occc.edu/,NOUN,NN,ROOT,xxx.xxxx.xxx/,0.0
www.gsu.edu/,www.gsu.edu/,1,1,12,www.gsu.edu/,NOUN,NN,ROOT,xxx.xxx.xxx/,0.0
uark.edu,uark.edu,1,1,8,uark.edu,X,ADD,ROOT,xxxx.xxx,0.0
www.clarku.edu,www.clarku.edu,1,1,14,www.clarku.edu,X,ADD,ROOT,xxx.xxxx.xxx,0.0
www.assemblerinstitute.com,www.assemblerinstitute.com,1,1,26,www.assemblerinstitute.com,X,ADD,ROOT,xxx.xxxx.xxx,0.0
www.callutheran.edu/,www.callutheran.edu/,1,1,20,www.callutheran.edu/,SPACE,_SP,ROOT,xxx.xxxx.xxx/,0.0
www.sagrado.edu/,www.sagrado.edu/,1,1,16,www.sagrado.edu/,PROPN,NNP,ROOT,xxx.xxxx.xxx/,0.0
www.ucc.edu/,www.ucc.edu/,1,1,12,www.ucc.edu/,NOUN,NN,ROOT,xxx.xxx.xxx/,0.0
www.ucsb.edu,www.ucsb.edu,1,1,12,www.ucsb.edu,NUM,CD,ROOT,xxx.xxxx.xxx,0.0
new.huji.ac.il/en,new.huji.ac.il/en,1,1,17,new.huji.ac.il/en,VERB,VB,ROOT,xxx.xxxx.xx.xx/xx,0.0
www.montclair.edu/,www.montclair.edu/,1,1,18,www.montclair.edu/,NOUN,NN,ROOT,xxx.xxxx.xxx/,0.0
www.memphis.edu/,www.memphis.edu/,1,1,16,www.memphis.edu/,SPACE,_SP,ROOT,xxx.xxxx.xxx/,0.0
www.jcsu.edu,www.jcsu.edu,1,1,12,www.jcsu.edu,PUNCT,.,ROOT,xxx.xxxx.xxx,0.0
www.senecacollege.ca/,www.senecacollege.ca/,1,1,21,www.senecacollege.ca/,NOUN,NN,ROOT,xxx.xxxx.xx/,0.0
www.ucsc.edu,www.ucsc.edu,1,1,12,www.ucsc.edu,NOUN,NN,ROOT,xxx.xxxx.xxx,0.0
www.jsums.edu/,www.jsums.edu/,1,1,14,www.jsums.edu/,SPACE,_SP,ROOT,xxx.xxxx.xxx/,0.0
www.cps.edu,www.cps.edu,1,1,11,www.cps.edu,SYM,SYM,ROOT,xxx.xxx.xxx,0.0
www.sussex.edu/,www.sussex.edu/,1,1,15,www.sussex.edu/,X,XX,ROOT,xxx.xxxx.xxx/,0.0
signum.ai,signum.ai,1,1,9,signum.ai,X,ADD,ROOT,xxxx.xx,0.0
unmudl.com,unmudl.com,1,1,10,unmudl.com,X,ADD,ROOT,xxxx.xxx,0.0
www.essex.edu/,www.essex.edu/,1,1,14,www.essex.edu/,NOUN,NN,ROOT,xxx.xxxx.xxx/,0.0
www.udayton.edu/,www.udayton.edu/,1,1,16,www.udayton.edu/,X,XX,ROOT,xxx.xxxx.xxx/,0.0
www.uml.edu/,www.uml.edu/,1,1,12,www.uml.edu/,NOUN,NN,ROOT,xxx.xxx.xxx/,0.0
www.usainteanne.ca,www.usainteanne.ca,1,1,18,www.usainteanne.ca,SPACE,_SP,ROOT,xxx.xxxx.xx,0.0
www.und.edu/,www.und.edu/,1,1,12,www.und.edu/,VERB,VB,ROOT,xxx.xxx.xxx/,0.0
www.gmu.edu/,www.gmu.edu/,1,1,12,www.gmu.edu/,ADJ,JJ,ROOT,xxx.xxx.xxx/,0.0
www.lipscomb.edu/,www.lipscomb.edu/,1,1,17,www.lipscomb.edu/,NOUN,NNS,ROOT,xxx.xxxx.xxx/,0.0
college.harvard.edu/,college.harvard.edu/,1,1,20,college.harvard.edu/,NOUN,NN,ROOT,xxxx.xxxx.xxx/,0.0
www.loc.gov,www.loc.gov,1,1,11,www.loc.gov,VERB,VB,ROOT,xxx.xxx.xxx,0.0
www.uow.edu.au/,www.uow.edu.au/,1,1,15,www.uow.edu.au/,VERB,VB,ROOT,xxx.xxx.xxx.xx/,0.0
nova.edu/,nova.edu/,1,1,9,nova.edu/,NOUN,NNS,ROOT,xxxx.xxx/,0.0
www.niaid.nih.gov/,www.niaid.nih.gov/,1,1,18,www.niaid.nih.gov/,PROPN,NNP,ROOT,xxx.xxxx.xxx.xxx/,0.0
pittsburghpromise.org/,pittsburghpromise.org/,1,1,22,pittsburghpromise.org/,NOUN,NN,ROOT,xxxx.xxx/,0.0
www.oumedicine.com,www.oumedicine.com,1,1,18,www.oumedicine.com,X,ADD,ROOT,xxx.xxxx.xxx,0.0
www.lshtm.ac.uk/,www.lshtm.ac.uk/,1,1,16,www.lshtm.ac.uk/,X,FW,ROOT,xxx.xxxx.xx.xx/,0.0
www.ysu.edu/,www.ysu.edu/,1,1,12,www.ysu.edu/,NOUN,NN,ROOT,xxx.xxx.xxx/,0.0
www.utmb.edu/,www.utmb.edu/,1,1,13,www.utmb.edu/,NOUN,NN,ROOT,xxx.xxxx.xxx/,0.0
keck.usc.edu,keck.usc.edu,1,1,12,keck.usc.edu,NOUN,NNS,ROOT,xxxx.xxx.xxx,0.0
www.ualr.edu/,www.ualr.edu/,1,1,13,www.ualr.edu/,SPACE,_SP,ROOT,xxx.xxxx.xxx/,0.0
www.gse.harvard.edu,www.gse.harvard.edu,1,1,19,www.gse.harvard.edu,NUM,CD,ROOT,xxx.xxx.xxxx.xxx,0.0
www.queens.edu/,www.queens.edu/,1,1,15,www.queens.edu/,VERB,VB,ROOT,xxx.xxxx.xxx/,0.0
www.uconn.edu/,www.uconn.edu/,1,1,14,www.uconn.edu/,PROPN,NNP,ROOT,xxx.xxxx.xxx/,0.0
in.bgu.ac.il,in.bgu.ac.il,1,1,12,in.bgu.ac.il,PROPN,NNP,ROOT,xx.xxx.xx.xx,0.0
www.rochester.edu/,www.rochester.edu/,1,1,18,www.rochester.edu/,X,XX,ROOT,xxx.xxxx.xxx/,0.0
www.usm.my/,www.usm.my/,1,1,11,www.usm.my/,NOUN,NN,ROOT,xxx.xxx.xx/,0.0
aucenter.edu/,aucenter.edu/,1,1,13,aucenter.edu/,PROPN,NNP,ROOT,xxxx.xxx/,0.0
www.carleton.ca/,www.carleton.ca/,1,1,16,www.carleton.ca/,NOUN,NN,ROOT,xxx.xxxx.xx/,0.0
www.aspen.edu/,www.aspen.edu/,1,1,14,www.aspen.edu/,NOUN,NNS,ROOT,xxx.xxxx.xxx/,0.0
www.uci.edu,www.uci.edu,1,1,11,www.uci.edu,SPACE,_SP,ROOT,xxx.xxx.xxx,0.0
www.wmich.edu,www.wmich.edu,1,1,13,www.wmich.edu,NUM,CD,ROOT,xxx.xxxx.xxx,0.0
www.herzingonline.edu/,www.herzingonline.edu/,1,1,22,www.herzingonline.edu/,PROPN,NNP,ROOT,xxx.xxxx.xxx/,0.0
carmelschool.edu.in/,carmelschool.edu.in/,1,1,20,carmelschool.edu.in/,VERB,VB,ROOT,xxxx.xxx.xx/,0.0
www.elon.edu/,www.elon.edu/,1,1,13,www.elon.edu/,PROPN,NNP,ROOT,xxx.xxxx.xxx/,0.0
www.upike.edu/,www.upike.edu/,1,1,14,www.upike.edu/,SPACE,_SP,ROOT,xxx.xxxx.xxx/,0.0
www.cu.edu,www.cu.edu,1,1,10,www.cu.edu,PROPN,NNP,ROOT,xxx.xx.xxx,0.0
www.gustavus.edu,www.gustavus.edu,1,1,16,www.gustavus.edu,NOUN,NNS,ROOT,xxx.xxxx.xxx,0.0
www.uaccm.edu/,www.uaccm.edu/,1,1,14,www.uaccm.edu/,ADV,RB,ROOT,xxx.xxxx.xxx/,0.0
www.ua.edu/,www.ua.edu/,1,1,11,www.ua.edu/,VERB,VB,ROOT,xxx.xx.xxx/,0.0
teacher.landi.com/,teacher.landi.com/,1,1,18,teacher.landi.com/,PROPN,NNP,ROOT,xxxx.xxxx.xxx/,0.0
www.jsu.edu/,www.jsu.edu/,1,1,12,www.jsu.edu/,NOUN,NN,ROOT,xxx.xxx.xxx/,0.0
uoregon.edu/,uoregon.edu/,1,1,12,uoregon.edu/,PROPN,NNP,ROOT,xxxx.xxx/,0.0
www.siue.edu/,www.siue.edu/,1,1,13,www.siue.edu/,ADV,RB,ROOT,xxx.xxxx.xxx/,0.0
leportschools.com,leportschools.com,1,1,17,leportschools.com,X,ADD,ROOT,xxxx.xxx,0.0
www.alliant.edu/,www.alliant.edu/,1,1,16,www.alliant.edu/,SPACE,_SP,ROOT,xxx.xxxx.xxx/,0.0
www.colostate.edu/,www.colostate.edu/,1,1,18,www.colostate.edu/,NOUN,NN,ROOT,xxx.xxxx.xxx/,0.0
www.nccu.edu/,www.nccu.edu/,1,1,13,www.nccu.edu/,NOUN,NN,ROOT,xxx.xxxx.xxx/,0.0
www.byu.edu,www.byu.edu,1,1,11,www.byu.edu,PUNCT,-RRB-,ROOT,xxx.xxx.xxx,0.0
www.louisiana.edu/,www.louisiana.edu/,1,1,18,www.louisiana.edu/,ADV,RB,ROOT,xxx.xxxx.xxx/,0.0
vtc.edu.vn/en/,vtc.edu.vn/en/,1,1,14,vtc.edu.vn/en/,NOUN,NN,ROOT,xxx.xxx.xx/xx/,0.0
www.atu.edu/,www.atu.edu/,1,1,12,www.atu.edu/,PROPN,NNP,ROOT,xxx.xxx.xxx/,0.0
www.mercer.edu/,www.mercer.edu/,1,1,15,www.mercer.edu/,X,FW,ROOT,xxx.xxxx.xxx/,0.0
www.westminster.ac.uk/,www.westminster.ac.uk/,1,1,22,www.westminster.ac.uk/,NOUN,NN,ROOT,xxx.xxxx.xx.xx/,0.0
www.spelman.edu,www.spelman.edu,1,1,15,www.spelman.edu,X,ADD,ROOT,xxx.xxxx.xxx,0.0
www.amc.edu/,www.amc.edu/,1,1,12,www.amc.edu/,NOUN,NN,ROOT,xxx.xxx.xxx/,0.0
www.ncssm.edu/,www.ncssm.edu/,1,1,14,www.ncssm.edu/,PROPN,NNP,ROOT,xxx.xxxx.xxx/,0.0
www.erau.edu/,www.erau.edu/,1,1,13,www.erau.edu/,X,XX,ROOT,xxx.xxxx.xxx/,0.0
www.duq.edu/,www.duq.edu/,1,1,12,www.duq.edu/,NOUN,NN,ROOT,xxx.xxx.xxx/,0.0
www.uncc.edu/,www.uncc.edu/,1,1,13,www.uncc.edu/,X,XX,ROOT,xxx.xxxx.xxx/,0.0
www.spcollege.edu/,www.spcollege.edu/,1,1,18,www.spcollege.edu/,ADV,RB,ROOT,xxx.xxxx.xxx/,0.0
www.uth.edu,www.uth.edu,1,1,11,www.uth.edu,X,XX,ROOT,xxx.xxx.xxx,0.0
www.mcpherson.edu,www.mcpherson.edu,1,1,17,www.mcpherson.edu,PUNCT,-RRB-,ROOT,xxx.xxxx.xxx,0.0
www.rotman.utoronto.ca,www.rotman.utoronto.ca,1,1,22,www.rotman.utoronto.ca,NOUN,NN,ROOT,xxx.xxxx.xxxx.xx,0.0
uwf.edu/,uwf.edu/,1,1,8,uwf.edu/,PROPN,NNP,ROOT,xxx.xxx/,0.0
www.boolean.careers,www.boolean.careers,1,1,19,www.boolean.careers,X,ADD,ROOT,xxx.xxxx.xxxx,0.0
www.georgebrown.ca/,www.georgebrown.ca/,1,1,19,www.georgebrown.ca/,NUM,CD,ROOT,xxx.xxxx.xx/,0.0
www.msstate.edu/,www.msstate.edu/,1,1,16,www.msstate.edu/,X,FW,ROOT,xxx.xxxx.xxx/,0.0
www.law.upenn.edu/,www.law.upenn.edu/,1,1,18,www.law.upenn.edu/,ADJ,JJ,ROOT,xxx.xxx.xxxx.xxx/,0.0
www.rowan.edu/,www.rowan.edu/,1,1,14,www.rowan.edu/,SPACE,_SP,ROOT,xxx.xxxx.xxx/,0.0
www.umc.edu/,www.umc.edu/,1,1,12,www.umc.edu/,NOUN,NN,ROOT,xxx.xxx.xxx/,0.0
www.sheridancollege.ca/,www.sheridancollege.ca/,1,1,23,www.sheridancollege.ca/,ADV,RB,ROOT,xxx.xxxx.xx/,0.0
www.troy.edu/,www.troy.edu/,1,1,13,www.troy.edu/,NOUN,NNS,ROOT,xxx.xxxx.xxx/,0.0
www.hsph.harvard.edu/,www.hsph.harvard.edu/,1,1,21,www.hsph.harvard.edu/,X,XX,ROOT,xxx.xxxx.xxxx.xxx/,0.0
www.anu.edu.au/,www.anu.edu.au/,1,1,15,www.anu.edu.au/,NOUN,NN,ROOT,xxx.xxx.xxx.xx/,0.0
www.kent.edu/,www.kent.edu/,1,1,13,www.kent.edu/,NOUN,NNS,ROOT,xxx.xxxx.xxx/,0.0
medschool.umaryland.edu,medschool.umaryland.edu,1,1,23,medschool.umaryland.edu,PROPN,NNP,ROOT,xxxx.xxxx.xxx,0.0
www.ccri.edu/,www.ccri.edu/,1,1,13,www.ccri.edu/,SPACE,_SP,ROOT,xxx.xxxx.xxx/,0.0
www4.uwm.edu/,www4.uwm.edu/,1,1,13,www4.uwm.edu/,NOUN,NN,ROOT,xxxd.xxx.xxx/,0.0
www.mohawkcollege.ca/,www.mohawkcollege.ca/,1,1,21,www.mohawkcollege.ca/,VERB,VBN,ROOT,xxx.xxxx.xx/,0.0
www.elevenfifty.org,www.elevenfifty.org,1,1,19,www.elevenfifty.org,NOUN,NN,ROOT,xxx.xxxx.xxx,0.0
www.tinmen.asia/,www.tinmen.asia/,1,1,16,www.tinmen.asia/,PROPN,NNP,ROOT,xxx.xxxx.xxxx/,0.0
www.umbc.edu/,www.umbc.edu/,1,1,13,www.umbc.edu/,PUNCT,NFP,ROOT,xxx.xxxx.xxx/,0.0
www.uwyo.edu,www.uwyo.edu,1,1,12,www.uwyo.edu,NOUN,NN,ROOT,xxx.xxxx.xxx,0.0
www.unlv.edu/,www.unlv.edu/,1,1,13,www.unlv.edu/,SPACE,_SP,ROOT,xxx.xxxx.xxx/,0.0
www.hampshire.edu/,www.hampshire.edu/,1,1,18,www.hampshire.edu/,PUNCT,NFP,ROOT,xxx.xxxx.xxx/,0.0
www.mtroyal.ca/,www.mtroyal.ca/,1,1,15,www.mtroyal.ca/,NOUN,NN,ROOT,xxx.xxxx.xx/,0.0
www.liverpool.ac.uk/,www.liverpool.ac.uk/,1,1,20,www.liverpool.ac.uk/,VERB,VB,ROOT,xxx.xxxx.xx.xx/,0.0
www.fresnostate.edu,www.fresnostate.edu,1,1,19,www.fresnostate.edu,PUNCT,.,ROOT,xxx.xxxx.xxx,0.0
www.niagaracollege.ca,www.niagaracollege.ca,1,1,21,www.niagaracollege.ca,SPACE,_SP,ROOT,xxx.xxxx.xx,0.0
www.baltimorecityschools.org/,www.baltimorecityschools.org/,1,1,29,www.baltimorecityschools.org/,X,ADD,ROOT,xxx.xxxx.xxx/,0.0
www.fullerton.edu/,www.fullerton.edu/,1,1,18,www.fullerton.edu/,SPACE,_SP,ROOT,xxx.xxxx.xxx/,0.0
scripps.ucsd.edu/,scripps.ucsd.edu/,1,1,17,scripps.ucsd.edu/,PROPN,NNP,ROOT,xxxx.xxxx.xxx/,0.0
www.lboro.ac.uk/,www.lboro.ac.uk/,1,1,16,www.lboro.ac.uk/,NOUN,NN,ROOT,xxx.xxxx.xx.xx/,0.0
admi.ac.ke,admi.ac.ke,1,1,10,admi.ac.ke,PROPN,NNP,ROOT,xxxx.xx.xx,0.0
www.kcumb.edu/programs/college-of-dental-medicine,www.kcumb.edu/programs/college-of-dental-medicine,1,1,49,www.kcumb.edu/programs/college-of-dental-medicine,NOUN,NN,ROOT,xxx.xxxx.xxx/xxxx/xxxx-xx-xxxx-xxxx,0.0
www.nmsu.edu,www.nmsu.edu,1,1,12,www.nmsu.edu,X,ADD,ROOT,xxx.xxxx.xxx,0.0
www.eng.fau.edu/,www.eng.fau.edu/,1,1,16,www.eng.fau.edu/,SPACE,_SP,ROOT,xxx.xxx.xxx.xxx/,0.0
www.umaine.edu/,www.umaine.edu/,1,1,15,www.umaine.edu/,X,ADD,ROOT,xxx.xxxx.xxx/,0.0
www.marywood.edu/,www.marywood.edu/,1,1,17,www.marywood.edu/,NOUN,NN,ROOT,xxx.xxxx.xxx/,0.0
www.ohio.edu,www.ohio.edu,1,1,12,www.ohio.edu,NOUN,NN,ROOT,xxx.xxxx.xxx,0.0
www.cristoreysanjose.org/,www.cristoreysanjose.org/,1,1,25,www.cristoreysanjose.org/,NOUN,NN,ROOT,xxx.xxxx.xxx/,0.0
www.qcc.edu/,www.qcc.edu/,1,1,12,www.qcc.edu/,NOUN,NNS,ROOT,xxx.xxx.xxx/,0.0
www.earlham.edu/,www.earlham.edu/,1,1,16,www.earlham.edu/,NOUN,NN,ROOT,xxx.xxxx.xxx/,0.0
www.stthomas.edu,www.stthomas.edu,1,1,16,www.stthomas.edu,NOUN,NN,ROOT,xxx.xxxx.xxx,0.0
www.rose-hulman.edu,www.rose-hulman.edu,1,1,19,www.rose-hulman.edu,NOUN,NNS,ROOT,xxx.xxxx-xxxx.xxx,0.0
www.providence.edu/,www.providence.edu/,1,1,19,www.providence.edu/,NOUN,NN,ROOT,xxx.xxxx.xxx/,0.0
www.durhamcollege.ca,www.durhamcollege.ca,1,1,20,www.durhamcollege.ca,SPACE,_SP,ROOT,xxx.xxxx.xx,0.0
textiles.ncsu.edu/,textiles.ncsu.edu/,1,1,18,textiles.ncsu.edu/,X,ADD,ROOT,xxxx.xxxx.xxx/,0.0
www.wvu.edu/,www.wvu.edu/,1,1,12,www.wvu.edu/,NOUN,NN,ROOT,xxx.xxx.xxx/,0.0
www.unh.edu/,www.unh.edu/,1,1,12,www.unh.edu/,NOUN,NN,ROOT,xxx.xxx.xxx/,0.0
www.comp.nus.edu.sg/,www.comp.nus.edu.sg/,1,1,20,www.comp.nus.edu.sg/,PRON,PRP,ROOT,xxx.xxxx.xxx.xxx.xx/,0.0
www.merrimack.edu/,www.merrimack.edu/,1,1,18,www.merrimack.edu/,X,FW,ROOT,xxx.xxxx.xxx/,0.0
www.uaa.alaska.edu/,www.uaa.alaska.edu/,1,1,19,www.uaa.alaska.edu/,VERB,VB,ROOT,xxx.xxx.xxxx.xxx/,0.0
www.csuohio.edu/,www.csuohio.edu/,1,1,16,www.csuohio.edu/,ADJ,JJ,ROOT,xxx.xxxx.xxx/,0.0
www.ttu.edu,www.ttu.edu,1,1,11,www.ttu.edu,NOUN,NN,ROOT,xxx.xxx.xxx,0.0
www.buckeyehills.net/,www.buckeyehills.net/,1,1,21,www.buckeyehills.net/,NOUN,NN,ROOT,xxx.xxxx.xxx/,0.0
www.columbia.edu/cu/ssw/,www.columbia.edu/cu/ssw/,1,1,24,www.columbia.edu/cu/ssw/,ADP,IN,ROOT,xxx.xxxx.xxx/xx/xxx/,0.0
wildcodeschool.com/,wildcodeschool.com/,1,1,19,wildcodeschool.com/,PROPN,NNP,ROOT,xxxx.xxx/,0.0
www.umb.edu/,www.umb.edu/,1,1,12,www.umb.edu/,NOUN,NN,ROOT,xxx.xxx.xxx/,0.0
www.suffolk.edu/,www.suffolk.edu/,1,1,16,www.suffolk.edu/,NOUN,NN,ROOT,xxx.xxxx.xxx/,0.0
www.sas.edu.sg/,www.sas.edu.sg/,1,1,15,www.sas.edu.sg/,VERB,VBP,ROOT,xxx.xxx.xxx.xx/,0.0
www.biola.edu/,www.biola.edu/,1,1,14,www.biola.edu/,NOUN,NN,ROOT,xxx.xxxx.xxx/,0.0
www.jbu.edu/,www.jbu.edu/,1,1,12,www.jbu.edu/,NOUN,NN,ROOT,xxx.xxx.xxx/,0.0
www.oit.edu/,www.oit.edu/,1,1,12,www.oit.edu/,ADJ,JJ,ROOT,xxx.xxx.xxx/,0.0
www.shu.edu/,www.shu.edu/,1,1,12,www.shu.edu/,NOUN,NN,ROOT,xxx.xxx.xxx/,0.0
www.cedarville.edu/,www.cedarville.edu/,1,1,19,www.cedarville.edu/,SPACE,_SP,ROOT,xxx.xxxx.xxx/,0.0
www.davidson.edu/,www.davidson.edu/,1,1,17,www.davidson.edu/,X,FW,ROOT,xxx.xxxx.xxx/,0.0
www.arogyayogaschool.com/,www.arogyayogaschool.com/,1,1,25,www.arogyayogaschool.com/,ADJ,JJ,ROOT,xxx.xxxx.xxx/,0.0
www.ousd.org/,www.ousd.org/,1,1,13,www.ousd.org/,NOUN,NN,ROOT,xxx.xxxx.xxx/,0.0
www.united.edu/,www.united.edu/,1,1,15,www.united.edu/,VERB,VB,ROOT,xxx.xxxx.xxx/,0.0
www.brown.edu/academics/brain-science/,www.brown.edu/academics/brain-science/,1,1,38,www.brown.edu/academics/brain-science/,NUM,CD,ROOT,xxx.xxxx.xxx/xxxx/xxxx-xxxx/,0.0
www.wit.ie,www.wit.ie,1,1,10,www.wit.ie,SPACE,_SP,ROOT,xxx.xxx.xx,0.0
www.bryant.edu/,www.bryant.edu/,1,1,15,www.bryant.edu/,VERB,VB,ROOT,xxx.xxxx.xxx/,0.0
www.swan.ac.uk/,www.swan.ac.uk/,1,1,15,www.swan.ac.uk/,VERB,VB,ROOT,xxx.xxxx.xx.xx/,0.0
www.llu.edu/,www.llu.edu/,1,1,12,www.llu.edu/,VERB,VB,ROOT,xxx.xxx.xxx/,0.0
www.exeter.ac.uk,www.exeter.ac.uk,1,1,16,www.exeter.ac.uk,VERB,VB,ROOT,xxx.xxxx.xx.xx,0.0
hai.stanford.edu,hai.stanford.edu,1,1,16,hai.stanford.edu,NOUN,NN,ROOT,xxx.xxxx.xxx,0.0
www.smith.edu,www.smith.edu,1,1,13,www.smith.edu,X,ADD,ROOT,xxx.xxxx.xxx,0.0
www.bw.edu/,www.bw.edu/,1,1,11,www.bw.edu/,NOUN,NN,ROOT,xxx.xx.xxx/,0.0
www.clarkson.edu,www.clarkson.edu,1,1,16,www.clarkson.edu,NUM,CD,ROOT,xxx.xxxx.xxx,0.0
www.canisius.edu/,www.canisius.edu/,1,1,17,www.canisius.edu/,SPACE,_SP,ROOT,xxx.xxxx.xxx/,0.0
medicine.tulane.edu,medicine.tulane.edu,1,1,19,medicine.tulane.edu,PROPN,NNP,ROOT,xxxx.xxxx.xxx,0.0
www.bennett.edu/,www.bennett.edu/,1,1,16,www.bennett.edu/,ADV,RB,ROOT,xxx.xxxx.xxx/,0.0
ichan.mssm.edu,ichan.mssm.edu,1,1,14,ichan.mssm.edu,PROPN,NNP,ROOT,xxxx.xxxx.xxx,0.0
www.business.illinois.edu/,www.business.illinois.edu/,1,1,26,www.business.illinois.edu/,NOUN,NN,ROOT,xxx.xxxx.xxxx.xxx/,0.0
www.cheyney.edu/,www.cheyney.edu/,1,1,16,www.cheyney.edu/,NOUN,NN,ROOT,xxx.xxxx.xxx/,0.0
www.tnstate.edu/,www.tnstate.edu/,1,1,16,www.tnstate.edu/,VERB,VB,ROOT,xxx.xxxx.xxx/,0.0
www.framingham.edu/,www.framingham.edu/,1,1,19,www.framingham.edu/,SPACE,_SP,ROOT,xxx.xxxx.xxx/,0.0
www.pima.edu/,www.pima.edu/,1,1,13,www.pima.edu/,VERB,VB,ROOT,xxx.xxxx.xxx/,0.0
www.libt.co.uk,www.libt.co.uk,1,1,14,www.libt.co.uk,VERB,VB,ROOT,xxx.xxxx.xx.xx,0.0
www.utdallas.edu/,www.utdallas.edu/,1,1,17,www.utdallas.edu/,ADV,RB,ROOT,xxx.xxxx.xxx/,0.0
www.saoic.org/,www.saoic.org/,1,1,14,www.saoic.org/,SPACE,_SP,ROOT,xxx.xxxx.xxx/,0.0
www.aacc.nche.edu,www.aacc.nche.edu,1,1,17,www.aacc.nche.edu,X,LS,ROOT,xxx.xxxx.xxxx.xxx,0.0
www.emich.edu/,www.emich.edu/,1,1,14,www.emich.edu/,NOUN,NN,ROOT,xxx.xxxx.xxx/,0.0
turing.io/,turing.io/,1,1,10,turing.io/,NOUN,NN,ROOT,xxxx.xx/,0.0
www.goshen.edu/,www.goshen.edu/,1,1,15,www.goshen.edu/,PROPN,NNP,ROOT,xxx.xxxx.xxx/,0.0
www.shu.ac.uk/,www.shu.ac.uk/,1,1,14,www.shu.ac.uk/,ADV,RB,ROOT,xxx.xxx.xx.xx/,0.0
www.calstatela.edu,www.calstatela.edu,1,1,18,www.calstatela.edu,X,LS,ROOT,xxx.xxxx.xxx,0.0
www.norwich.edu/,www.norwich.edu/,1,1,16,www.norwich.edu/,PROPN,NNP,ROOT,xxx.xxxx.xxx/,0.0
www.mmc.edu/,www.mmc.edu/,1,1,12,www.mmc.edu/,NOUN,NN,ROOT,xxx.xxx.xxx/,0.0
www.pensacolastate.edu/,www.pensacolastate.edu/,1,1,23,www.pensacolastate.edu/,X,ADD,ROOT,xxx.xxxx.xxx/,0.0
www.alphacamp.co/,www.alphacamp.co/,1,1,17,www.alphacamp.co/,NOUN,NN,ROOT,xxx.xxxx.xx/,0.0
www.friends.edu/,www.friends.edu/,1,1,16,www.friends.edu/,VERB,VB,ROOT,xxx.xxxx.xxx/,0.0
www.oegaillimh.ie/,www.oegaillimh.ie/,1,1,18,www.oegaillimh.ie/,PROPN,NNP,ROOT,xxx.xxxx.xx/,0.0
www.adelaide.edu.au/aiml/,www.adelaide.edu.au/aiml/,1,1,25,www.adelaide.edu.au/aiml/,NOUN,NN,ROOT,xxx.xxxx.xxx.xx/xxxx/,0.0
www.nku.edu/,www.nku.edu/,1,1,12,www.nku.edu/,NOUN,NN,ROOT,xxx.xxx.xxx/,0.0
www.ric.edu/,www.ric.edu/,1,1,12,www.ric.edu/,NOUN,NN,ROOT,xxx.xxx.xxx/,0.0
www.sfcm.edu/,www.sfcm.edu/,1,1,13,www.sfcm.edu/,SPACE,_SP,ROOT,xxx.xxxx.xxx/,0.0
coriell.org/,coriell.org/,1,1,12,coriell.org/,NOUN,NN,ROOT,xxxx.xxx/,0.0
www.urmc.rochester.edu,www.urmc.rochester.edu,1,1,22,www.urmc.rochester.edu,X,FW,ROOT,xxx.xxxx.xxxx.xxx,0.0
www.gmercyu.edu,www.gmercyu.edu,1,1,15,www.gmercyu.edu,PRON,PRP,ROOT,xxx.xxxx.xxx,0.0
www.grcc.edu/,www.grcc.edu/,1,1,13,www.grcc.edu/,X,ADD,ROOT,xxx.xxxx.xxx/,0.0
esprit.tn/,esprit.tn/,1,1,10,esprit.tn/,VERB,VBZ,ROOT,xxxx.xx/,0.0
www.ucmerced.edu/,www.ucmerced.edu/,1,1,17,www.ucmerced.edu/,X,FW,ROOT,xxx.xxxx.xxx/,0.0
www.hiram.edu/,www.hiram.edu/,1,1,14,www.hiram.edu/,SPACE,_SP,ROOT,xxx.xxxx.xxx/,0.0
www.pointpark.edu/,www.pointpark.edu/,1,1,18,www.pointpark.edu/,SPACE,_SP,ROOT,xxx.xxxx.xxx/,0.0
www.jcu.edu/,www.jcu.edu/,1,1,12,www.jcu.edu/,NOUN,NN,ROOT,xxx.xxx.xxx/,0.0
www.lyon.edu/,www.lyon.edu/,1,1,13,www.lyon.edu/,NOUN,NN,ROOT,xxx.xxxx.xxx/,0.0
www.tstc.edu,www.tstc.edu,1,1,12,www.tstc.edu,NOUN,NN,ROOT,xxx.xxxx.xxx,0.0
www.uni.edu/,www.uni.edu/,1,1,12,www.uni.edu/,NOUN,NN,ROOT,xxx.xxx.xxx/,0.0
www.centre.edu/,www.centre.edu/,1,1,15,www.centre.edu/,NOUN,NN,ROOT,xxx.xxxx.xxx/,0.0
www.davenport.edu/,www.davenport.edu/,1,1,18,www.davenport.edu/,X,XX,ROOT,xxx.xxxx.xxx/,0.0
www.aamu.edu/,www.aamu.edu/,1,1,13,www.aamu.edu/,X,ADD,ROOT,xxx.xxxx.xxx/,0.0
unm.edu,unm.edu,1,1,7,unm.edu,X,ADD,ROOT,xxx.xxx,0.0
www.oxnardcollege.edu/,www.oxnardcollege.edu/,1,1,22,www.oxnardcollege.edu/,PROPN,NNP,ROOT,xxx.xxxx.xxx/,0.0
www.hbu.edu,www.hbu.edu,1,1,11,www.hbu.edu,X,XX,ROOT,xxx.xxx.xxx,0.0
www.famu.edu/,www.famu.edu/,1,1,13,www.famu.edu/,VERB,VB,ROOT,xxx.xxxx.xxx/,0.0
www.hccs.edu/,www.hccs.edu/,1,1,13,www.hccs.edu/,SPACE,_SP,ROOT,xxx.xxxx.xxx/,0.0
www.bauer.uh.edu,www.bauer.uh.edu,1,1,16,www.bauer.uh.edu,PUNCT,.,ROOT,xxx.xxxx.xx.xxx,0.0
www.fitchburgstate.edu/,www.fitchburgstate.edu/,1,1,23,www.fitchburgstate.edu/,NOUN,NN,ROOT,xxx.xxxx.xxx/,0.0
floridapolytechnic.org,floridapolytechnic.org,1,1,22,floridapolytechnic.org,NOUN,NN,ROOT,xxxx.xxx,0.0
www.whitman.edu/,www.whitman.edu/,1,1,16,www.whitman.edu/,X,FW,ROOT,xxx.xxxx.xxx/,0.0
www.macomb.edu/,www.macomb.edu/,1,1,15,www.macomb.edu/,SPACE,_SP,ROOT,xxx.xxxx.xxx/,0.0
www.wheatoncollege.edu/,www.wheatoncollege.edu/,1,1,23,www.wheatoncollege.edu/,X,XX,ROOT,xxx.xxxx.xxx/,0.0
www.coe.berkeley.edu/,www.coe.berkeley.edu/,1,1,21,www.coe.berkeley.edu/,NOUN,NN,ROOT,xxx.xxx.xxxx.xxx/,0.0
www.jwu.edu,www.jwu.edu,1,1,11,www.jwu.edu,NOUN,NN,ROOT,xxx.xxx.xxx,0.0
www.benedict.edu/,www.benedict.edu/,1,1,17,www.benedict.edu/,SPACE,_SP,ROOT,xxx.xxxx.xxx/,0.0
www.sussex.ac.uk,www.sussex.ac.uk,1,1,16,www.sussex.ac.uk,ADV,RB,ROOT,xxx.xxxx.xx.xx,0.0
www.dkit.ie/,www.dkit.ie/,1,1,12,www.dkit.ie/,NOUN,NN,ROOT,xxx.xxxx.xx/,0.0
pensolelewiscollege.com/,pensolelewiscollege.com/,1,1,24,pensolelewiscollege.com/,PROPN,NNP,ROOT,xxxx.xxx/,0.0
www.birmingham.ac.uk/,www.birmingham.ac.uk/,1,1,21,www.birmingham.ac.uk/,VERB,VB,ROOT,xxx.xxxx.xx.xx/,0.0
www.desu.edu/,www.desu.edu/,1,1,13,www.desu.edu/,NOUN,NN,ROOT,xxx.xxxx.xxx/,0.0
www.ride.ri.gov,www.ride.ri.gov,1,1,15,www.ride.ri.gov,VERB,VBG,ROOT,xxx.xxxx.xx.xxx,0.0
www.pittsburg.k12.ca.us/,www.pittsburg.k12.ca.us/,1,1,24,www.pittsburg.k12.ca.us/,NOUN,NN,ROOT,xxx.xxxx.xdd.xx.xx/,0.0
www.sc.edu/,www.sc.edu/,1,1,11,www.sc.edu/,NOUN,NN,ROOT,xxx.xx.xxx/,0.0
www.msm.edu/,www.msm.edu/,1,1,12,www.msm.edu/,NUM,CD,ROOT,xxx.xxx.xxx/,0.0
www.journalism.cuny.edu,www.journalism.cuny.edu,1,1,23,www.journalism.cuny.edu,ADV,RB,ROOT,xxx.xxxx.xxxx.xxx,0.0
www.calderdale.ac.uk,www.calderdale.ac.uk,1,1,20,www.calderdale.ac.uk,NOUN,NN,ROOT,xxx.xxxx.xx.xx,0.0
www.dillard.edu/,www.dillard.edu/,1,1,16,www.dillard.edu/,SPACE,_SP,ROOT,xxx.xxxx.xxx/,0.0
www.nus.edu.sg,www.nus.edu.sg,1,1,14,www.nus.edu.sg,SPACE,_SP,ROOT,xxx.xxx.xxx.xx,0.0
union.edu,union.edu,1,1,9,union.edu,X,ADD,ROOT,xxxx.xxx,0.0
www.ecu.edu/,www.ecu.edu/,1,1,12,www.ecu.edu/,NOUN,NN,ROOT,xxx.xxx.xxx/,0.0
www.hartsem.edu/,www.hartsem.edu/,1,1,16,www.hartsem.edu/,X,XX,ROOT,xxx.xxxx.xxx/,0.0
www.venturacollege.edu/,www.venturacollege.edu/,1,1,23,www.venturacollege.edu/,SPACE,_SP,ROOT,xxx.xxxx.xxx/,0.0
www.kzoo.edu/,www.kzoo.edu/,1,1,13,www.kzoo.edu/,SPACE,_SP,ROOT,xxx.xxxx.xxx/,0.0
www.chaffey.edu/,www.chaffey.edu/,1,1,16,www.chaffey.edu/,PROPN,NNP,ROOT,xxx.xxxx.xxx/,0.0
education.uafs.edu/,education.uafs.edu/,1,1,19,education.uafs.edu/,NUM,CD,ROOT,xxxx.xxxx.xxx/,0.0
hwschool.pro/,hwschool.pro/,1,1,13,hwschool.pro/,NOUN,NN,ROOT,xxxx.xxx/,0.0
www.flcc.edu/,www.flcc.edu/,1,1,13,www.flcc.edu/,SPACE,_SP,ROOT,xxx.xxxx.xxx/,0.0
www.lonestar.edu,www.lonestar.edu,1,1,16,www.lonestar.edu,NOUN,NN,ROOT,xxx.xxxx.xxx,0.0
www.philander.edu/,www.philander.edu/,1,1,18,www.philander.edu/,ADV,RB,ROOT,xxx.xxxx.xxx/,0.0
www.cccneb.edu/,www.cccneb.edu/,1,1,15,www.cccneb.edu/,NOUN,NN,ROOT,xxx.xxxx.xxx/,0.0
www.lmu.edu/,www.lmu.edu/,1,1,12,www.lmu.edu/,NOUN,NN,ROOT,xxx.xxx.xxx/,0.0
www.bsc.edu/,www.bsc.edu/,1,1,12,www.bsc.edu/,VERB,VB,ROOT,xxx.xxx.xxx/,0.0
www.pulaskitech.edu/,www.pulaskitech.edu/,1,1,20,www.pulaskitech.edu/,VERB,VB,ROOT,xxx.xxxx.xxx/,0.0
www.swosu.edu/,www.swosu.edu/,1,1,14,www.swosu.edu/,SPACE,_SP,ROOT,xxx.xxxx.xxx/,0.0
www.lmunet.edu/,www.lmunet.edu/,1,1,15,www.lmunet.edu/,VERB,VB,ROOT,xxx.xxxx.xxx/,0.0
www.pnw.edu,www.pnw.edu,1,1,11,www.pnw.edu,VERB,VBD,ROOT,xxx.xxx.xxx,0.0
www.miami.edu/,www.miami.edu/,1,1,14,www.miami.edu/,SPACE,_SP,ROOT,xxx.xxxx.xxx/,0.0
www.kongu.ac.in/,www.kongu.ac.in/,1,1,16,www.kongu.ac.in/,NOUN,NN,ROOT,xxx.xxxx.xx.xx/,0.0
springdales.com,springdales.com,1,1,15,springdales.com,X,ADD,ROOT,xxxx.xxx,0.0
westmoreland.edu/,westmoreland.edu/,1,1,17,westmoreland.edu/,NOUN,NN,ROOT,xxxx.xxx/,0.0
www.holyfamily.edu/,www.holyfamily.edu/,1,1,19,www.holyfamily.edu/,PROPN,NNP,ROOT,xxx.xxxx.xxx/,0.0
www.fiu.edu,www.fiu.edu,1,1,11,www.fiu.edu,NOUN,NN,ROOT,xxx.xxx.xxx,0.0
www.cse.umn.edu/,www.cse.umn.edu/,1,1,16,www.cse.umn.edu/,PRON,PRP,ROOT,xxx.xxx.xxx.xxx/,0.0
www.keiseruniversity.edu/fort-lauderdale/,www.keiseruniversity.edu/fort-lauderdale/,1,1,41,www.keiseruniversity.edu/fort-lauderdale/,NOUN,NN,ROOT,xxx.xxxx.xxx/xxxx-xxxx/,0.0
www.syracusecityschools.com/,www.syracusecityschools.com/,1,1,28,www.syracusecityschools.com/,NOUN,NN,ROOT,xxx.xxxx.xxx/,0.0
www.mhcc.edu,www.mhcc.edu,1,1,12,www.mhcc.edu,X,ADD,ROOT,xxx.xxxx.xxx,0.0
www.savannahtech.edu/,www.savannahtech.edu/,1,1,21,www.savannahtech.edu/,X,ADD,ROOT,xxx.xxxx.xxx/,0.0
www.bakeru.edu,www.bakeru.edu,1,1,14,www.bakeru.edu,X,ADD,ROOT,xxx.xxxx.xxx,0.0
ouhsc.edu/,ouhsc.edu/,1,1,10,ouhsc.edu/,NOUN,NNS,ROOT,xxxx.xxx/,0.0
www.skledu.com/,www.skledu.com/,1,1,15,www.skledu.com/,NOUN,NN,ROOT,xxx.xxxx.xxx/,0.0
www.wmcarey.edu/,www.wmcarey.edu/,1,1,16,www.wmcarey.edu/,VERB,VB,ROOT,xxx.xxxx.xxx/,0.0
www.usi.edu/,www.usi.edu/,1,1,12,www.usi.edu/,NOUN,NN,ROOT,xxx.xxx.xxx/,0.0
www.otago.ac.nz/,www.otago.ac.nz/,1,1,16,www.otago.ac.nz/,X,FW,ROOT,xxx.xxxx.xx.xx/,0.0
www.neomed.edu/,www.neomed.edu/,1,1,15,www.neomed.edu/,PROPN,NNP,ROOT,xxx.xxxx.xxx/,0.0
www.smu.ca,www.smu.ca,1,1,10,www.smu.ca,VERB,VB,ROOT,xxx.xxx.xx,0.0
medschool.ucsd.edu/,medschool.ucsd.edu/,1,1,19,medschool.ucsd.edu/,PROPN,NNP,ROOT,xxxx.xxxx.xxx/,0.0
www.loyno.edu/,www.loyno.edu/,1,1,14,www.loyno.edu/,NOUN,NN,ROOT,xxx.xxxx.xxx/,0.0
www.uhd.edu/,www.uhd.edu/,1,1,12,www.uhd.edu/,ADJ,JJ,ROOT,xxx.xxx.xxx/,0.0
www.acm.ac.uk/,www.acm.ac.uk/,1,1,14,www.acm.ac.uk/,SPACE,_SP,ROOT,xxx.xxx.xx.xx/,0.0
www.unsw.edu.au,www.unsw.edu.au,1,1,15,www.unsw.edu.au,PROPN,NNP,ROOT,xxx.xxxx.xxx.xx,0.0
www.walsh.edu/,www.walsh.edu/,1,1,14,www.walsh.edu/,SPACE,_SP,ROOT,xxx.xxxx.xxx/,0.0
www.uno.edu,www.uno.edu,1,1,11,www.uno.edu,SPACE,_SP,ROOT,xxx.xxx.xxx,0.0
www.msmary.edu/,www.msmary.edu/,1,1,15,www.msmary.edu/,VERB,VB,ROOT,xxx.xxxx.xxx/,0.0
www.hbs.edu,www.hbs.edu,1,1,11,www.hbs.edu,SPACE,_SP,ROOT,xxx.xxx.xxx,0.0
www.salisbury.edu/,www.salisbury.edu/,1,1,18,www.salisbury.edu/,NOUN,NN,ROOT,xxx.xxxx.xxx/,0.0
www.gcsnc.com,www.gcsnc.com,1,1,13,www.gcsnc.com,X,ADD,ROOT,xxx.xxxx.xxx,0.0
www.usu.edu,www.usu.edu,1,1,11,www.usu.edu,NOUN,NN,ROOT,xxx.xxx.xxx,0.0
www.slcc.edu/,www.slcc.edu/,1,1,13,www.slcc.edu/,PROPN,NNP,ROOT,xxx.xxxx.xxx/,0.0
piet.edu.in/,piet.edu.in/,1,1,12,piet.edu.in/,X,XX,ROOT,xxxx.xxx.xx/,0.0
www.csu.edu.au/,www.csu.edu.au/,1,1,15,www.csu.edu.au/,NOUN,NN,ROOT,xxx.xxx.xxx.xx/,0.0
www.trigg.k12.ky.us/,www.trigg.k12.ky.us/,1,1,20,www.trigg.k12.ky.us/,ADP,IN,ROOT,xxx.xxxx.xdd.xx.xx/,0.0
www.cim.edu/,www.cim.edu/,1,1,12,www.cim.edu/,NOUN,NN,ROOT,xxx.xxx.xxx/,0.0
www.tesu.edu/,www.tesu.edu/,1,1,13,www.tesu.edu/,X,FW,ROOT,xxx.xxxx.xxx/,0.0
www.millikin.edu/,www.millikin.edu/,1,1,17,www.millikin.edu/,SPACE,_SP,ROOT,xxx.xxxx.xxx/,0.0
www.yorku.ca,www.yorku.ca,1,1,12,www.yorku.ca,SPACE,_SP,ROOT,xxx.xxxx.xx,0.0
www.bowiestate.edu/,www.bowiestate.edu/,1,1,19,www.bowiestate.edu/,VERB,VB,ROOT,xxx.xxxx.xxx/,0.0
www.stmarytx.edu/,www.stmarytx.edu/,1,1,17,www.stmarytx.edu/,SPACE,_SP,ROOT,xxx.xxxx.xxx/,0.0
www.iiitm.ac.in,www.iiitm.ac.in,1,1,15,www.iiitm.ac.in,PROPN,NNP,ROOT,xxx.xxxx.xx.xx,0.0
www.berry.edu/,www.berry.edu/,1,1,14,www.berry.edu/,PROPN,NNP,ROOT,xxx.xxxx.xxx/,0.0
www.iun.edu/,www.iun.edu/,1,1,12,www.iun.edu/,NOUN,NN,ROOT,xxx.xxx.xxx/,0.0
www.arcadia.edu/,www.arcadia.edu/,1,1,16,www.arcadia.edu/,PROPN,NNP,ROOT,xxx.xxxx.xxx/,0.0
www.mercy.edu/,www.mercy.edu/,1,1,14,www.mercy.edu/,PROPN,NNP,ROOT,xxx.xxxx.xxx/,0.0
www.abdn.ac.uk/,www.abdn.ac.uk/,1,1,15,www.abdn.ac.uk/,VERB,VB,ROOT,xxx.xxxx.xx.xx/,0.0
www.hamline.edu/,www.hamline.edu/,1,1,16,www.hamline.edu/,SPACE,_SP,ROOT,xxx.xxxx.xxx/,0.0
waterbear.org.uk/,waterbear.org.uk/,1,1,17,waterbear.org.uk/,VERB,VB,ROOT,xxxx.xxx.xx/,0.0
merid.org,merid.org,1,1,9,merid.org,X,ADD,ROOT,xxxx.xxx,0.0
www.elmhurst.edu/,www.elmhurst.edu/,1,1,17,www.elmhurst.edu/,AUX,MD,ROOT,xxx.xxxx.xxx/,0.0
www.unmc.edu/,www.unmc.edu/,1,1,13,www.unmc.edu/,SPACE,_SP,ROOT,xxx.xxxx.xxx/,0.0
www.kean.edu/,www.kean.edu/,1,1,13,www.kean.edu/,SPACE,_SP,ROOT,xxx.xxxx.xxx/,0.0
www.xula.edu/,www.xula.edu/,1,1,13,www.xula.edu/,X,ADD,ROOT,xxx.xxxx.xxx/,0.0
centneracademy.com/,centneracademy.com/,1,1,19,centneracademy.com/,PROPN,NNP,ROOT,xxxx.xxx/,0.0
www.nctc.edu/,www.nctc.edu/,1,1,13,www.nctc.edu/,SPACE,_SP,ROOT,xxx.xxxx.xxx/,0.0
www.udallas.edu/,www.udallas.edu/,1,1,16,www.udallas.edu/,X,ADD,ROOT,xxx.xxxx.xxx/,0.0
www.wellesley.edu/,www.wellesley.edu/,1,1,18,www.wellesley.edu/,X,ADD,ROOT,xxx.xxxx.xxx/,0.0
www.ltu.edu/,www.ltu.edu/,1,1,12,www.ltu.edu/,NOUN,NNS,ROOT,xxx.xxx.xxx/,0.0
www.eng.famu.fsu.edu/,www.eng.famu.fsu.edu/,1,1,21,www.eng.famu.fsu.edu/,PROPN,NNP,ROOT,xxx.xxx.xxxx.xxx.xxx/,0.0
www.gonzaga.edu/,www.gonzaga.edu/,1,1,16,www.gonzaga.edu/,PROPN,NNP,ROOT,xxx.xxxx.xxx/,0.0
www.vuu.edu/,www.vuu.edu/,1,1,12,www.vuu.edu/,NOUN,NN,ROOT,xxx.xxx.xxx/,0.0
www.en.greenfoxacademy.com/,www.en.greenfoxacademy.com/,1,1,27,www.en.greenfoxacademy.com/,X,ADD,ROOT,xxx.xx.xxxx.xxx/,0.0
www.ursuline.edu/,www.ursuline.edu/,1,1,17,www.ursuline.edu/,VERB,VB,ROOT,xxx.xxxx.xxx/,0.0
www.huntington.edu/,www.huntington.edu/,1,1,19,www.huntington.edu/,SPACE,_SP,ROOT,xxx.xxxx.xxx/,0.0
www.capecod.edu/,www.capecod.edu/,1,1,16,www.capecod.edu/,X,ADD,ROOT,xxx.xxxx.xxx/,0.0
www.uhcancercenter.org/,www.uhcancercenter.org/,1,1,23,www.uhcancercenter.org/,NOUN,NN,ROOT,xxx.xxxx.xxx/,0.0
online.campbellsville.edu,online.campbellsville.edu,1,1,25,online.campbellsville.edu,NOUN,NN,ROOT,xxxx.xxxx.xxx,0.0
casemed.case.edu/,casemed.case.edu/,1,1,17,casemed.case.edu/,ADJ,JJ,ROOT,xxxx.xxxx.xxx/,0.0
www.augusta.edu/,www.augusta.edu/,1,1,16,www.augusta.edu/,VERB,VB,ROOT,xxx.xxxx.xxx/,0.0
www.ncad.ie,www.ncad.ie,1,1,11,www.ncad.ie,SPACE,_SP,ROOT,xxx.xxxx.xx,0.0
www.bumc.bu.edu/busm/,www.bumc.bu.edu/busm/,1,1,21,www.bumc.bu.edu/busm/,PUNCT,.,ROOT,xxx.xxxx.xx.xxx/xxxx/,0.0
www.iric.ca/en/,www.iric.ca/en/,1,1,15,www.iric.ca/en/,NOUN,NN,ROOT,xxx.xxxx.xx/xx/,0.0
www.bsu.edu,www.bsu.edu,1,1,11,www.bsu.edu,NOUN,NN,ROOT,xxx.xxx.xxx,0.0
hernehillschool.co.uk/,hernehillschool.co.uk/,1,1,22,hernehillschool.co.uk/,INTJ,UH,ROOT,xxxx.xx.xx/,0.0
www.ithriv.org/,www.ithriv.org/,1,1,15,www.ithriv.org/,NOUN,NN,ROOT,xxx.xxxx.xxx/,0.0
www.towson.edu/,www.towson.edu/,1,1,15,www.towson.edu/,NOUN,NN,ROOT,xxx.xxxx.xxx/,0.0
www.delta.edu/,www.delta.edu/,1,1,14,www.delta.edu/,X,ADD,ROOT,xxx.xxxx.xxx/,0.0
www.gcu.ac.uk/,www.gcu.ac.uk/,1,1,14,www.gcu.ac.uk/,ADV,RB,ROOT,xxx.xxx.xx.xx/,0.0
i3academy.org/,i3academy.org/,1,1,14,i3academy.org/,VERB,VB,ROOT,xdxxxx.xxx/,0.0
www.wright.edu/,www.wright.edu/,1,1,15,www.wright.edu/,VERB,VB,ROOT,xxx.xxxx.xxx/,0.0
uakron.edu,uakron.edu,1,1,10,uakron.edu,X,ADD,ROOT,xxxx.xxx,0.0
www.gvsu.edu,www.gvsu.edu,1,1,12,www.gvsu.edu,X,ADD,ROOT,xxx.xxxx.xxx,0.0
www.rider.edu/,www.rider.edu/,1,1,14,www.rider.edu/,X,XX,ROOT,xxx.xxxx.xxx/,0.0
lesallay.academy/,lesallay.academy/,1,1,17,lesallay.academy/,VERB,VB,ROOT,xxxx.xxxx/,0.0
www.trevecca.edu/,www.trevecca.edu/,1,1,17,www.trevecca.edu/,NOUN,NNS,ROOT,xxx.xxxx.xxx/,0.0
tasued.edu.ng,tasued.edu.ng,1,1,13,tasued.edu.ng,X,ADD,ROOT,xxxx.xxx.xx,0.0
www.fisk.edu/,www.fisk.edu/,1,1,13,www.fisk.edu/,SPACE,_SP,ROOT,xxx.xxxx.xxx/,0.0
www.damien.edu/,www.damien.edu/,1,1,15,www.damien.edu/,NOUN,NNS,ROOT,xxx.xxxx.xxx/,0.0
www.bioethicsinstitute.org/,www.bioethicsinstitute.org/,1,1,27,www.bioethicsinstitute.org/,NOUN,NN,ROOT,xxx.xxxx.xxx/,0.0
www.ccm.edu/,www.ccm.edu/,1,1,12,www.ccm.edu/,NOUN,NN,ROOT,xxx.xxx.xxx/,0.0
www.utep.edu/,www.utep.edu/,1,1,13,www.utep.edu/,NOUN,NN,ROOT,xxx.xxxx.xxx/,0.0
www.mtholyoke.edu/,www.mtholyoke.edu/,1,1,18,www.mtholyoke.edu/,SPACE,_SP,ROOT,xxx.xxxx.xxx/,0.0
www.astate.edu/,www.astate.edu/,1,1,15,www.astate.edu/,X,ADD,ROOT,xxx.xxxx.xxx/,0.0
www.nwacc.edu/,www.nwacc.edu/,1,1,14,www.nwacc.edu/,VERB,VB,ROOT,xxx.xxxx.xxx/,0.0
www.ctsnet.edu/,www.ctsnet.edu/,1,1,15,www.ctsnet.edu/,PROPN,NNP,ROOT,xxx.xxxx.xxx/,0.0
www.education.wa.edu.au/web/mooraresidentialcol...,www.education.wa.edu.au/web/mooraresidentialcol,1,1,47,www.education.wa.edu.au/web/mooraresidentialcol,X,LS,ROOT,xxx.xxxx.xx.xxx.xx/xxx/xxxx,0.0
www.education.wa.edu.au/web/mooraresidentialcol...,...,1,1,3,...,PUNCT,:,punct,...,0.0
www.mica.edu/,www.mica.edu/,1,1,13,www.mica.edu/,SPACE,_SP,ROOT,xxx.xxxx.xxx/,0.0
www.edcc.edu/,www.edcc.edu/,1,1,13,www.edcc.edu/,PROPN,NNP,ROOT,xxx.xxxx.xxx/,0.0
www.icslearn.co.uk,www.icslearn.co.uk,1,1,18,www.icslearn.co.uk,VERB,VBN,ROOT,xxx.xxxx.xx.xx,0.0
cronkite.asu.edu,cronkite.asu.edu,1,1,16,cronkite.asu.edu,NOUN,NN,ROOT,xxxx.xxx.xxx,0.0
www.greatheartsamerica.org/,www.greatheartsamerica.org/,1,1,27,www.greatheartsamerica.org/,SPACE,_SP,ROOT,xxx.xxxx.xxx/,0.0
www.tntech.edu/,www.tntech.edu/,1,1,15,www.tntech.edu/,SPACE,_SP,ROOT,xxx.xxxx.xxx/,0.0
www.fortsmithschools.org/,www.fortsmithschools.org/,1,1,25,www.fortsmithschools.org/,NOUN,NN,ROOT,xxx.xxxx.xxx/,0.0
www.iinano.org/,www.iinano.org/,1,1,15,www.iinano.org/,NOUN,NN,ROOT,xxx.xxxx.xxx/,0.0
www.ucr.edu/,www.ucr.edu/,1,1,12,www.ucr.edu/,PROPN,NNP,ROOT,xxx.xxx.xxx/,0.0
www.austincc.edu/,www.austincc.edu/,1,1,17,www.austincc.edu/,X,ADD,ROOT,xxx.xxxx.xxx/,0.0
www.bristolcc.edu/,www.bristolcc.edu/,1,1,18,www.bristolcc.edu/,PROPN,NNP,ROOT,xxx.xxxx.xxx/,0.0
www.kgi.edu,www.kgi.edu,1,1,11,www.kgi.edu,SPACE,_SP,ROOT,xxx.xxx.xxx,0.0
www.assumption.edu/,www.assumption.edu/,1,1,19,www.assumption.edu/,SPACE,_SP,ROOT,xxx.xxxx.xxx/,0.0
www.med.unc.edu/,www.med.unc.edu/,1,1,16,www.med.unc.edu/,X,XX,ROOT,xxx.xxx.xxx.xxx/,0.0
sph.unc.edu/,sph.unc.edu/,1,1,12,sph.unc.edu/,NOUN,NN,ROOT,xxx.xxx.xxx/,0.0
www.nmu.edu/,www.nmu.edu/,1,1,12,www.nmu.edu/,NOUN,NN,ROOT,xxx.xxx.xxx/,0.0
www.usd.edu/,www.usd.edu/,1,1,12,www.usd.edu/,ADJ,JJ,ROOT,xxx.xxx.xxx/,0.0
www.sbu.edu/,www.sbu.edu/,1,1,12,www.sbu.edu/,VERB,VB,ROOT,xxx.xxx.xxx/,0.0
www.lankabpoacademy.com,www.lankabpoacademy.com,1,1,23,www.lankabpoacademy.com,X,ADD,ROOT,xxx.xxxx.xxx,0.0
www.molloy.edu/,www.molloy.edu/,1,1,15,www.molloy.edu/,NOUN,NN,ROOT,xxx.xxxx.xxx/,0.0
www.tampacatholic.org/,www.tampacatholic.org/,1,1,22,www.tampacatholic.org/,VERB,VB,ROOT,xxx.xxxx.xxx/,0.0
www.gannon.edu/,www.gannon.edu/,1,1,15,www.gannon.edu/,X,ADD,ROOT,xxx.xxxx.xxx/,0.0
www.betheluniversity.edu/,www.betheluniversity.edu/,1,1,25,www.betheluniversity.edu/,NOUN,NN,ROOT,xxx.xxxx.xxx/,0.0
www.sifc.net.cn/,www.sifc.net.cn/,1,1,16,www.sifc.net.cn/,NOUN,NNS,ROOT,xxx.xxxx.xxx.xx/,0.0
www.vdoh.org/,www.vdoh.org/,1,1,13,www.vdoh.org/,NOUN,NN,ROOT,xxx.xxxx.xxx/,0.0
www.mvcc.edu/,www.mvcc.edu/,1,1,13,www.mvcc.edu/,X,XX,ROOT,xxx.xxxx.xxx/,0.0
www.manhattan.edu/,www.manhattan.edu/,1,1,18,www.manhattan.edu/,NUM,CD,ROOT,xxx.xxxx.xxx/,0.0
www.ketchum.edu/,www.ketchum.edu/,1,1,16,www.ketchum.edu/,PROPN,NNP,ROOT,xxx.xxxx.xxx/,0.0
www.laverne.edu/,www.laverne.edu/,1,1,16,www.laverne.edu/,NOUN,NN,ROOT,xxx.xxxx.xxx/,0.0
www.nichols.edu/,www.nichols.edu/,1,1,16,www.nichols.edu/,VERB,VB,ROOT,xxx.xxxx.xxx/,0.0
www.tougaloo.edu/,www.tougaloo.edu/,1,1,17,www.tougaloo.edu/,NOUN,NNS,ROOT,xxx.xxxx.xxx/,0.0
www.evansville.edu/,www.evansville.edu/,1,1,19,www.evansville.edu/,PROPN,NNP,ROOT,xxx.xxxx.xxx/,0.0
www.alverno.edu/,www.alverno.edu/,1,1,16,www.alverno.edu/,NUM,CD,ROOT,xxx.xxxx.xxx/,0.0
madisoncollege.edu/,madisoncollege.edu/,1,1,19,madisoncollege.edu/,X,ADD,ROOT,xxxx.xxx/,0.0
www.southtexascollege.edu/,www.southtexascollege.edu/,1,1,26,www.southtexascollege.edu/,SPACE,_SP,ROOT,xxx.xxxx.xxx/,0.0
www.patrickhenry.edu,www.patrickhenry.edu,1,1,20,www.patrickhenry.edu,NOUN,NN,ROOT,xxx.xxxx.xxx,0.0
www.isu.edu/,www.isu.edu/,1,1,12,www.isu.edu/,NOUN,NN,ROOT,xxx.xxx.xxx/,0.0
www.govst.edu/,www.govst.edu/,1,1,14,www.govst.edu/,NOUN,NNS,ROOT,xxx.xxxx.xxx/,0.0
www.lu.lv,www.lu.lv,1,1,9,www.lu.lv,SPACE,_SP,ROOT,xxx.xx.xx,0.0
mwcc.edu,mwcc.edu,1,1,8,mwcc.edu,X,ADD,ROOT,xxxx.xxx,0.0
cincinnatistate.edu,cincinnatistate.edu,1,1,19,cincinnatistate.edu,X,ADD,ROOT,xxxx.xxx,0.0
www.santarosa.edu/,www.santarosa.edu/,1,1,18,www.santarosa.edu/,PROPN,NNP,ROOT,xxx.xxxx.xxx/,0.0
www.notredamecollege.edu/,www.notredamecollege.edu/,1,1,25,www.notredamecollege.edu/,NOUN,NN,ROOT,xxx.xxxx.xxx/,0.0
bluegrass.kctcs.edu/,bluegrass.kctcs.edu/,1,1,20,bluegrass.kctcs.edu/,NOUN,NN,ROOT,xxxx.xxxx.xxx/,0.0
www.scs.cmu.edu,www.scs.cmu.edu,1,1,15,www.scs.cmu.edu,NOUN,NN,ROOT,xxx.xxx.xxx.xxx,0.0
www.bellevue.edu,www.bellevue.edu,1,1,16,www.bellevue.edu,PRON,WP,ROOT,xxx.xxxx.xxx,0.0
www.vinu.edu/web/earlycollege/,www.vinu.edu/web/earlycollege/,1,1,30,www.vinu.edu/web/earlycollege/,PROPN,NNP,ROOT,xxx.xxxx.xxx/xxx/xxxx/,0.0
www.carleton.edu/,www.carleton.edu/,1,1,17,www.carleton.edu/,PROPN,NNP,ROOT,xxx.xxxx.xxx/,0.0
www.tuskegee.edu/,www.tuskegee.edu/,1,1,17,www.tuskegee.edu/,SPACE,_SP,ROOT,xxx.xxxx.xxx/,0.0
www.eurokidsindia.com/,www.eurokidsindia.com/,1,1,22,www.eurokidsindia.com/,NOUN,NN,ROOT,xxx.xxxx.xxx/,0.0
www.ranken.edu/,www.ranken.edu/,1,1,15,www.ranken.edu/,NOUN,NN,ROOT,xxx.xxxx.xxx/,0.0
www.sersd.org/,www.sersd.org/,1,1,14,www.sersd.org/,NOUN,NN,ROOT,xxx.xxxx.xxx/,0.0
www.the-bac.edu/,www.the-bac.edu/,1,1,16,www.the-bac.edu/,PUNCT,.,ROOT,xxx.xxx-xxx.xxx/,0.0
www.wne.edu/,www.wne.edu/,1,1,12,www.wne.edu/,NOUN,NN,ROOT,xxx.xxx.xxx/,0.0
www.alvincollege.edu/,www.alvincollege.edu/,1,1,21,www.alvincollege.edu/,NUM,CD,ROOT,xxx.xxxx.xxx/,0.0
www.txstate.edu/,www.txstate.edu/,1,1,16,www.txstate.edu/,NOUN,NNS,ROOT,xxx.xxxx.xxx/,0.0
www.blackrivertech.org/,www.blackrivertech.org/,1,1,23,www.blackrivertech.org/,PRON,PRP,ROOT,xxx.xxxx.xxx/,0.0
www.sans.org/,www.sans.org/,1,1,13,www.sans.org/,NOUN,NN,ROOT,xxx.xxxx.xxx/,0.0
www.dkut.ac.ke,www.dkut.ac.ke,1,1,14,www.dkut.ac.ke,NOUN,NN,ROOT,xxx.xxxx.xx.xx,0.0
www.hope.edu/,www.hope.edu/,1,1,13,www.hope.edu/,PROPN,NNP,ROOT,xxx.xxxx.xxx/,0.0
www.ccbcmd.edu,www.ccbcmd.edu,1,1,14,www.ccbcmd.edu,X,ADD,ROOT,xxx.xxxx.xxx,0.0
www.law.ucla.edu,www.law.ucla.edu,1,1,16,www.law.ucla.edu,PROPN,NNP,ROOT,xxx.xxx.xxxx.xxx,0.0
www.indianactsi.org,www.indianactsi.org,1,1,19,www.indianactsi.org,NOUN,NN,ROOT,xxx.xxxx.xxx,0.0
www.pct.edu/,www.pct.edu/,1,1,12,www.pct.edu/,ADJ,JJ,ROOT,xxx.xxx.xxx/,0.0
ytu.edu.mm,ytu.edu.mm,1,1,10,ytu.edu.mm,VERB,VB,ROOT,xxx.xxx.xx,0.0
theironyard.com/,theironyard.com/,1,1,16,theironyard.com/,VERB,VB,ROOT,xxxx.xxx/,0.0
www.wku.edu/,www.wku.edu/,1,1,12,www.wku.edu/,ADJ,JJ,ROOT,xxx.xxx.xxx/,0.0
www.alamancecc.edu,www.alamancecc.edu,1,1,18,www.alamancecc.edu,NOUN,NN,ROOT,xxx.xxxx.xxx,0.0
www.hcc.edu,www.hcc.edu,1,1,11,www.hcc.edu,PRON,PRP,ROOT,xxx.xxx.xxx,0.0
www.sja1840.org/,www.sja1840.org/,1,1,16,www.sja1840.org/,NOUN,NN,ROOT,xxx.xxxdddd.xxx/,0.0
www.cdrewu.edu/,www.cdrewu.edu/,1,1,15,www.cdrewu.edu/,SPACE,_SP,ROOT,xxx.xxxx.xxx/,0.0
www.sctcc.edu/prospective-students,www.sctcc.edu/prospective-students,1,1,34,www.sctcc.edu/prospective-student,NOUN,NNS,ROOT,xxx.xxxx.xxx/xxxx-xxxx,0.0
www.cccua.edu/,www.cccua.edu/,1,1,14,www.cccua.edu/,SPACE,_SP,ROOT,xxx.xxxx.xxx/,0.0
www.UB.bw,www.UB.bw,1,1,9,www.UB.bw,PROPN,NNP,ROOT,xxx.XX.xx,0.0
www.ndsu.edu/,www.ndsu.edu/,1,1,13,www.ndsu.edu/,ADJ,JJ,ROOT,xxx.xxxx.xxx/,0.0
www.uhcl.edu/,www.uhcl.edu/,1,1,13,www.uhcl.edu/,NOUN,NNS,ROOT,xxx.xxxx.xxx/,0.0
www.ashland.edu/,www.ashland.edu/,1,1,16,www.ashland.edu/,X,XX,ROOT,xxx.xxxx.xxx/,0.0
www.plymouth.edu/,www.plymouth.edu/,1,1,17,www.plymouth.edu/,NOUN,NN,ROOT,xxx.xxxx.xxx/,0.0
www.dec.nsw.gov.au/,www.dec.nsw.gov.au/,1,1,19,www.dec.nsw.gov.au/,NOUN,NN,ROOT,xxx.xxx.xxx.xxx.xx/,0.0
allenai.org/,allenai.org/,1,1,12,allenai.org/,X,ADD,ROOT,xxxx.xxx/,0.0
www1.villanova.edu/villanova/law,www1.villanova.edu/villanova/law,1,1,32,www1.villanova.edu/villanova/law,VERB,VBN,ROOT,xxxd.xxxx.xxx/xxxx/xxx,0.0
ntc.edu,ntc.edu,1,1,7,ntc.edu,X,ADD,ROOT,xxx.xxx,0.0
www.fvtc.edu/,www.fvtc.edu/,1,1,13,www.fvtc.edu/,X,XX,ROOT,xxx.xxxx.xxx/,0.0
www.rio.edu/,www.rio.edu/,1,1,12,www.rio.edu/,NOUN,NN,ROOT,xxx.xxx.xxx/,0.0
tech.cornell.edu/,tech.cornell.edu/,1,1,17,tech.cornell.edu/,ADJ,JJ,ROOT,xxxx.xxxx.xxx/,0.0
www.tsu.edu/,www.tsu.edu/,1,1,12,www.tsu.edu/,NOUN,NN,ROOT,xxx.xxx.xxx/,0.0
www.w3schools.com/,www.w3schools.com/,1,1,18,www.w3schools.com/,PROPN,NNP,ROOT,xxx.xdxxxx.xxx/,0.0
rosesinconcrete.org/,rosesinconcrete.org/,1,1,20,rosesinconcrete.org/,NOUN,NN,ROOT,xxxx.xxx/,0.0
www.lssc.edu/,www.lssc.edu/,1,1,13,www.lssc.edu/,SPACE,_SP,ROOT,xxx.xxxx.xxx/,0.0
www.felician.edu/,www.felician.edu/,1,1,17,www.felician.edu/,NOUN,NN,ROOT,xxx.xxxx.xxx/,0.0
www.leedsbeckett.ac.uk/,www.leedsbeckett.ac.uk/,1,1,23,www.leedsbeckett.ac.uk/,NOUN,NNS,ROOT,xxx.xxxx.xx.xx/,0.0
www.rivier.edu/,www.rivier.edu/,1,1,15,www.rivier.edu/,X,XX,ROOT,xxx.xxxx.xxx/,0.0
ciu.ac.ug/,ciu.ac.ug/,1,1,10,ciu.ac.ug/,X,ADD,ROOT,xxx.xx.xx/,0.0
www.wofford.edu,www.wofford.edu,1,1,15,www.wofford.edu,NOUN,NN,ROOT,xxx.xxxx.xxx,0.0
www.sunycnse.com/,www.sunycnse.com/,1,1,17,www.sunycnse.com/,NOUN,NN,ROOT,xxx.xxxx.xxx/,0.0
www.collin.edu/,www.collin.edu/,1,1,15,www.collin.edu/,ADJ,JJ,ROOT,xxx.xxxx.xxx/,0.0
www.uwsuper.edu/index.cfm,www.uwsuper.edu/index.cfm,1,1,25,www.uwsuper.edu/index.cfm,X,ADD,ROOT,xxx.xxxx.xxx/xxxx.xxx,0.0
www.lbcc.edu/,www.lbcc.edu/,1,1,13,www.lbcc.edu/,PROPN,NNP,ROOT,xxx.xxxx.xxx/,0.0
www.lsu.edu/vetmed/,www.lsu.edu/vetmed/,1,1,19,www.lsu.edu/vetmed/,SPACE,_SP,ROOT,xxx.xxx.xxx/xxxx/,0.0
www.umkc.edu/,www.umkc.edu/,1,1,13,www.umkc.edu/,X,ADD,ROOT,xxx.xxxx.xxx/,0.0
www.unical.edu.ng/,www.unical.edu.ng/,1,1,18,www.unical.edu.ng/,ADV,RB,ROOT,xxx.xxxx.xxx.xx/,0.0
www.uprrp.edu/,www.uprrp.edu/,1,1,14,www.uprrp.edu/,VERB,VB,ROOT,xxx.xxxx.xxx/,0.0
www.pitzer.edu/,www.pitzer.edu/,1,1,15,www.pitzer.edu/,SPACE,_SP,ROOT,xxx.xxxx.xxx/,0.0
www.monroecc.edu/,www.monroecc.edu/,1,1,17,www.monroecc.edu/,VERB,VB,ROOT,xxx.xxxx.xxx/,0.0
www.pennfoster.edu,www.pennfoster.edu,1,1,18,www.pennfoster.edu,X,ADD,ROOT,xxx.xxxx.xxx,0.0
imaginemontessori.es,imaginemontessori.es,1,1,20,imaginemontessori.es,X,ADD,ROOT,xxxx.xx,0.0
www.albany.edu/,www.albany.edu/,1,1,15,www.albany.edu/,SPACE,_SP,ROOT,xxx.xxxx.xxx/,0.0
www.wlu.edu/,www.wlu.edu/,1,1,12,www.wlu.edu/,NOUN,NN,ROOT,xxx.xxx.xxx/,0.0
www.seminolestate.edu,www.seminolestate.edu,1,1,21,www.seminolestate.edu,X,ADD,ROOT,xxx.xxxx.xxx,0.0
www.wpcc.edu/,www.wpcc.edu/,1,1,13,www.wpcc.edu/,X,XX,ROOT,xxx.xxxx.xxx/,0.0
www.uwb.edu/,www.uwb.edu/,1,1,12,www.uwb.edu/,VERB,VB,ROOT,xxx.xxx.xxx/,0.0
shp.rutgers.edu/,shp.rutgers.edu/,1,1,16,shp.rutgers.edu/,PROPN,NNP,ROOT,xxx.xxxx.xxx/,0.0
bhsec.bard.edu/,bhsec.bard.edu/,1,1,15,bhsec.bard.edu/,VERB,VB,ROOT,xxxx.xxxx.xxx/,0.0
www.uvic.ca/,www.uvic.ca/,1,1,12,www.uvic.ca/,NOUN,NN,ROOT,xxx.xxxx.xx/,0.0
www.engin.umich.edu/,www.engin.umich.edu/,1,1,20,www.engin.umich.edu/,ADP,IN,ROOT,xxx.xxxx.xxxx.xxx/,0.0
drexel.dsj.org/,drexel.dsj.org/,1,1,15,drexel.dsj.org/,ADV,RB,ROOT,xxxx.xxx.xxx/,0.0
www.dcc.edu/ltc/west_jeff.htm,www.dcc.edu/ltc/west_jeff.htm,1,1,29,www.dcc.edu/ltc/west_jeff.htm,NOUN,NN,ROOT,xxx.xxx.xxx/xxx/xxxx_xxxx.xxx,0.0
www.nymc.edu/,www.nymc.edu/,1,1,13,www.nymc.edu/,SPACE,_SP,ROOT,xxx.xxxx.xxx/,0.0
www.quincycollege.edu/,www.quincycollege.edu/,1,1,22,www.quincycollege.edu/,X,XX,ROOT,xxx.xxxx.xxx/,0.0
thepowermba.com/,thepowermba.com/,1,1,16,thepowermba.com/,NOUN,NN,ROOT,xxxx.xxx/,0.0
www.georgetowncollege.edu/,www.georgetowncollege.edu/,1,1,26,www.georgetowncollege.edu/,ADV,RB,ROOT,xxx.xxxx.xxx/,0.0
www.mtmary.edu/,www.mtmary.edu/,1,1,15,www.mtmary.edu/,VERB,VB,ROOT,xxx.xxxx.xxx/,0.0
www.asub.edu/,www.asub.edu/,1,2,13,www.asub.edu/,SPACE,_SP,ROOT,xxx.xxxx.xxx/,0.0
www.bridgevalley.edu/,www.bridgevalley.edu/,1,1,21,www.bridgevalley.edu/,SPACE,_SP,ROOT,xxx.xxxx.xxx/,0.0
www.cs.umd.edu,www.cs.umd.edu,1,1,14,www.cs.umd.edu,PUNCT,.,ROOT,xxx.xx.xxx.xxx,0.0
www.las.uic.edu/,www.las.uic.edu/,1,1,16,www.las.uic.edu/,NOUN,NN,ROOT,xxx.xxx.xxx.xxx/,0.0
mainemaritime.edu,mainemaritime.edu,1,1,17,mainemaritime.edu,X,ADD,ROOT,xxxx.xxx,0.0
iufoundation.iu.edu,iufoundation.iu.edu,1,1,19,iufoundation.iu.edu,ADP,IN,ROOT,xxxx.xx.xxx,0.0
www.sph.emory.edu,www.sph.emory.edu,1,1,17,www.sph.emory.edu,NOUN,NN,ROOT,xxx.xxx.xxxx.xxx,0.0
brynmawr.edu,brynmawr.edu,1,1,12,brynmawr.edu,X,ADD,ROOT,xxxx.xxx,0.0
www.utrgv.edu/,www.utrgv.edu/,1,1,14,www.utrgv.edu/,VERB,VB,ROOT,xxx.xxxx.xxx/,0.0
www.iadt.ie/en/,www.iadt.ie/en/,1,1,15,www.iadt.ie/en/,NOUN,NN,ROOT,xxx.xxxx.xx/xx/,0.0
www.cornell.edu/,www.cornell.edu/,1,1,16,www.cornell.edu/,SPACE,_SP,ROOT,xxx.xxxx.xxx/,0.0
www.bostonifi.com,www.bostonifi.com,1,1,17,www.bostonifi.com,X,ADD,ROOT,xxx.xxxx.xxx,0.0
avc.upei.ca/,avc.upei.ca/,1,1,12,avc.upei.ca/,NOUN,NN,ROOT,xxx.xxxx.xx/,0.0
www.maritime.edu/,www.maritime.edu/,1,1,17,www.maritime.edu/,NOUN,NNS,ROOT,xxx.xxxx.xxx/,0.0
www.clackamas.edu/,www.clackamas.edu/,1,1,18,www.clackamas.edu/,X,ADD,ROOT,xxx.xxxx.xxx/,0.0
nuari.net/,nuari.net/,1,1,10,nuari.net/,ADJ,JJ,ROOT,xxxx.xxx/,0.0
www.uaptc.edu/,www.uaptc.edu/,1,1,14,www.uaptc.edu/,VERB,VB,ROOT,xxx.xxxx.xxx/,0.0
www.sfisd.org/,www.sfisd.org/,1,1,14,www.sfisd.org/,PRON,DT,ROOT,xxx.xxxx.xxx/,0.0
www.asumh.edu/,www.asumh.edu/,1,1,14,www.asumh.edu/,X,XX,ROOT,xxx.xxxx.xxx/,0.0
www.vet.cornell.edu/,www.vet.cornell.edu/,1,1,20,www.vet.cornell.edu/,ADV,RB,ROOT,xxx.xxx.xxxx.xxx/,0.0
www.alcorn.edu/,www.alcorn.edu/,1,1,15,www.alcorn.edu/,X,FW,ROOT,xxx.xxxx.xxx/,0.0
www.lit.edu/,www.lit.edu/,1,1,12,www.lit.edu/,NOUN,NN,ROOT,xxx.xxx.xxx/,0.0
www.samford.edu/nursing/,www.samford.edu/nursing/,1,1,24,www.samford.edu/nursing/,VERB,VBD,ROOT,xxx.xxxx.xxx/xxxx/,0.0
www.bostonpublicschools.org/Domain/323,www.bostonpublicschools.org/Domain/323,1,1,38,www.bostonpublicschools.org/domain/323,NOUN,NN,ROOT,xxx.xxxx.xxx/Xxxxx/ddd,0.0
www.sjasc.edu,www.sjasc.edu,1,1,13,www.sjasc.edu,X,ADD,ROOT,xxx.xxxx.xxx,0.0
www.futo.edu.ng,www.futo.edu.ng,1,1,15,www.futo.edu.ng,NOUN,NN,ROOT,xxx.xxxx.xxx.xx,0.0
www.wilberforce.edu/,www.wilberforce.edu/,1,1,20,www.wilberforce.edu/,PROPN,NNP,ROOT,xxx.xxxx.xxx/,0.0
www.nuigalway.ie/,www.nuigalway.ie/,1,1,17,www.nuigalway.ie/,NOUN,NNS,ROOT,xxx.xxxx.xx/,0.0
www.cravencc.edu/,www.cravencc.edu/,1,1,17,www.cravencc.edu/,SPACE,_SP,ROOT,xxx.xxxx.xxx/,0.0
www.presby.edu/,www.presby.edu/,1,1,15,www.presby.edu/,NOUN,NNS,ROOT,xxx.xxxx.xxx/,0.0
www.itc.edu/,www.itc.edu/,1,1,12,www.itc.edu/,PROPN,NNP,ROOT,xxx.xxx.xxx/,0.0
www.wccaviation.com/,www.wccaviation.com/,1,1,20,www.wccaviation.com/,VERB,VB,ROOT,xxx.xxxx.xxx/,0.0
www.usfca.edu,www.usfca.edu,1,1,13,www.usfca.edu,NOUN,NN,ROOT,xxx.xxxx.xxx,0.0
iyrs.edu/,iyrs.edu/,1,1,9,iyrs.edu/,PROPN,NNP,ROOT,xxxx.xxx/,0.0
www.koenig-solutions.com/,www.koenig-solutions.com/,1,1,25,www.koenig-solutions.com/,PROPN,NNP,ROOT,xxx.xxxx-xxxx.xxx/,0.0
www.sfasu.edu/,www.sfasu.edu/,1,1,14,www.sfasu.edu/,SPACE,_SP,ROOT,xxx.xxxx.xxx/,0.0
oakslab.academy,oakslab.academy,1,1,15,oakslab.academy,NOUN,NN,ROOT,xxxx.xxxx,0.0
www.tcc.fl.edu/,www.tcc.fl.edu/,1,1,15,www.tcc.fl.edu/,VERB,VB,ROOT,xxx.xxx.xx.xxx/,0.0
ghs.gc.k12.va.us/,ghs.gc.k12.va.us/,1,1,17,ghs.gc.k12.va.us/,NOUN,NN,ROOT,xxx.xx.xdd.xx.xx/,0.0
www.twu.edu/,www.twu.edu/,1,1,12,www.twu.edu/,NOUN,NN,ROOT,xxx.xxx.xxx/,0.0
hussman.unc.edu/,hussman.unc.edu/,1,1,16,hussman.unc.edu/,PROPN,NNP,ROOT,xxxx.xxx.xxx/,0.0
rowancreates.org/,rowancreates.org/,1,1,17,rowancreates.org/,VERB,VB,ROOT,xxxx.xxx/,0.0
www.becker.edu/,www.becker.edu/,1,1,15,www.becker.edu/,NOUN,NN,ROOT,xxx.xxxx.xxx/,0.0
www.sf.edu/,www.sf.edu/,1,1,11,www.sf.edu/,VERB,VBG,ROOT,xxx.xx.xxx/,0.0
www.moore.edu/,www.moore.edu/,1,1,14,www.moore.edu/,X,XX,ROOT,xxx.xxxx.xxx/,0.0
www.amityonline.com,www.amityonline.com,1,1,19,www.amityonline.com,NOUN,NN,ROOT,xxx.xxxx.xxx,0.0
www.aacu.org/,www.aacu.org/,1,1,13,www.aacu.org/,NOUN,NN,ROOT,xxx.xxxx.xxx/,0.0
www.macu.edu/,www.macu.edu/,1,1,13,www.macu.edu/,X,ADD,ROOT,xxx.xxxx.xxx/,0.0
bhi.fas.harvard.edu/,bhi.fas.harvard.edu/,1,1,20,bhi.fas.harvard.edu/,PROPN,NNP,ROOT,xxx.xxx.xxxx.xxx/,0.0
www.washtenawisd.org,www.washtenawisd.org,1,1,20,www.washtenawisd.org,NUM,CD,ROOT,xxx.xxxx.xxx,0.0
www.iub.edu.bd,www.iub.edu.bd,1,1,14,www.iub.edu.bd,SPACE,_SP,ROOT,xxx.xxx.xxx.xx,0.0
www.norfolkaggie.org/,www.norfolkaggie.org/,1,1,21,www.norfolkaggie.org/,NOUN,NN,ROOT,xxx.xxxx.xxx/,0.0
www.saa.edu/,www.saa.edu/,1,1,12,www.saa.edu/,NOUN,NN,ROOT,xxx.xxx.xxx/,0.0
ox.ac.uk/,ox.ac.uk/,1,1,9,ox.ac.uk/,NUM,CD,ROOT,xx.xx.xx/,0.0
www.cerritos.edu/,www.cerritos.edu/,1,1,17,www.cerritos.edu/,PROPN,NNP,ROOT,xxx.xxxx.xxx/,0.0
www.cuyamaca.edu/,www.cuyamaca.edu/,1,1,17,www.cuyamaca.edu/,SPACE,_SP,ROOT,xxx.xxxx.xxx/,0.0
www.grossmont.edu/,www.grossmont.edu/,1,1,18,www.grossmont.edu/,NOUN,NN,ROOT,xxx.xxxx.xxx/,0.0
www.dixie.edu/,www.dixie.edu/,1,1,14,www.dixie.edu/,NOUN,NN,ROOT,xxx.xxxx.xxx/,0.0
www.coastline.edu/,www.coastline.edu/,1,1,18,www.coastline.edu/,PROPN,NNP,ROOT,xxx.xxxx.xxx/,0.0
sse.edu.au/,sse.edu.au/,1,1,11,sse.edu.au/,PROPN,NNP,ROOT,xxx.xxx.xx/,0.0
essexnorthshore.org/,essexnorthshore.org/,1,1,20,essexnorthshore.org/,X,ADD,ROOT,xxxx.xxx/,0.0
www.southark.edu/,www.southark.edu/,1,1,17,www.southark.edu/,VERB,VB,ROOT,xxx.xxxx.xxx/,0.0
www.relationshipcoffeeinstitute.org/,www.relationshipcoffeeinstitute.org/,1,1,36,www.relationshipcoffeeinstitute.org/,NOUN,NN,ROOT,xxx.xxxx.xxx/,0.0
www.niit.com,www.niit.com,1,1,12,www.niit.com,X,ADD,ROOT,xxx.xxxx.xxx,0.0
uam.edu.ni/,uam.edu.ni/,1,1,11,uam.edu.ni/,PROPN,NNP,ROOT,xxx.xxx.xx/,0.0
medisend.org/,medisend.org/,1,1,13,medisend.org/,NOUN,NN,ROOT,xxxx.xxx/,0.0
www.bbinstitute.com,www.bbinstitute.com,1,1,19,www.bbinstitute.com,X,ADD,ROOT,xxx.xxxx.xxx,0.0
www.scccd.edu/,www.scccd.edu/,1,1,14,www.scccd.edu/,PROPN,NNP,ROOT,xxx.xxxx.xxx/,0.0
www.ptc.edu/,www.ptc.edu/,1,1,12,www.ptc.edu/,NOUN,NN,ROOT,xxx.xxx.xxx/,0.0
www.alfred.edu/,www.alfred.edu/,1,1,15,www.alfred.edu/,X,ADD,ROOT,xxx.xxxx.xxx/,0.0
www.kresa.org/,www.kresa.org/,1,1,14,www.kresa.org/,SPACE,_SP,ROOT,xxx.xxxx.xxx/,0.0
www.uog.edu.pk,www.uog.edu.pk,1,1,14,www.uog.edu.pk,SPACE,_SP,ROOT,xxx.xxx.xxx.xx,0.0
www.edisonohio.edu/,www.edisonohio.edu/,1,1,19,www.edisonohio.edu/,ADV,RB,ROOT,xxx.xxxx.xxx/,0.0
usm.maine.edu/,usm.maine.edu/,1,1,14,usm.maine.edu/,SPACE,_SP,ROOT,xxx.xxxx.xxx/,0.0
www.globaluniversitysystems.com,www.globaluniversitysystems.com,1,1,31,www.globaluniversitysystems.com,X,ADD,ROOT,xxx.xxxx.xxx,0.0
www.sanjac.edu/,www.sanjac.edu/,1,1,15,www.sanjac.edu/,X,ADD,ROOT,xxx.xxxx.xxx/,0.0
www.bloomfield.edu/,www.bloomfield.edu/,1,1,19,www.bloomfield.edu/,NOUN,NN,ROOT,xxx.xxxx.xxx/,0.0
joefossinstitute.org/,joefossinstitute.org/,1,1,21,joefossinstitute.org/,NOUN,NN,ROOT,xxxx.xxx/,0.0
www.uzh.ch/en.html,www.uzh.ch/en.html,1,1,18,www.uzh.ch/en.html,X,ADD,ROOT,xxx.xxx.xx/xx.xxxx,0.0
whatcom.edu,whatcom.edu,1,1,11,whatcom.edu,X,ADD,ROOT,xxxx.xxx,0.0
www.berlitz.com,www.berlitz.com,1,1,15,www.berlitz.com,X,ADD,ROOT,xxx.xxxx.xxx,0.0
fsfuture.org/,fsfuture.org/,1,1,13,fsfuture.org/,ADV,RB,ROOT,xxxx.xxx/,0.0
www.ee.ucla.edu/,www.ee.ucla.edu/,1,1,16,www.ee.ucla.edu/,SPACE,_SP,ROOT,xxx.xx.xxxx.xxx/,0.0
www.jenner.ac.uk,www.jenner.ac.uk,1,1,16,www.jenner.ac.uk,VERB,VB,ROOT,xxx.xxxx.xx.xx,0.0
www.ntu.edu.sg,www.ntu.edu.sg,1,1,14,www.ntu.edu.sg,SPACE,_SP,ROOT,xxx.xxx.xxx.xx,0.0
www.rose.edu/,www.rose.edu/,1,1,13,www.rose.edu/,PROPN,NNP,ROOT,xxx.xxxx.xxx/,0.0
www.ise.fraunhofer.de,www.ise.fraunhofer.de,1,1,21,www.ise.fraunhofer.de,NOUN,NNS,ROOT,xxx.xxx.xxxx.xx,0.0
www.florey.edu.au/,www.florey.edu.au/,1,1,18,www.florey.edu.au/,NUM,CD,ROOT,xxx.xxxx.xxx.xx/,0.0
www.dean.edu/,www.dean.edu/,1,1,13,www.dean.edu/,SPACE,_SP,ROOT,xxx.xxxx.xxx/,0.0
lekkipeninsulaaffordableschools.com/,lekkipeninsulaaffordableschools.com/,1,1,36,lekkipeninsulaaffordableschools.com/,PROPN,NNP,ROOT,xxxx.xxx/,0.0
www.puzzleboxacademy.com/,www.puzzleboxacademy.com/,1,1,25,www.puzzleboxacademy.com/,NOUN,NN,ROOT,xxx.xxxx.xxx/,0.0
www.jesuittampa.org/,www.jesuittampa.org/,1,1,20,www.jesuittampa.org/,X,XX,ROOT,xxx.xxxx.xxx/,0.0
www.np.edu.sg/,www.np.edu.sg/,1,1,14,www.np.edu.sg/,NOUN,NN,ROOT,xxx.xx.xxx.xx/,0.0
www.pmi.org/,www.pmi.org/,1,1,12,www.pmi.org/,NOUN,NN,ROOT,xxx.xxx.xxx/,0.0
www.ebrooke.org/,www.ebrooke.org/,1,1,16,www.ebrooke.org/,X,XX,ROOT,xxx.xxxx.xxx/,0.0
nsri.nebraska.edu/,nsri.nebraska.edu/,1,1,18,nsri.nebraska.edu/,ADV,RB,ROOT,xxxx.xxxx.xxx/,0.0
www.obu.edu/,www.obu.edu/,1,1,12,www.obu.edu/,PROPN,NNP,ROOT,xxx.xxx.xxx/,0.0
www.nri.org/,www.nri.org/,1,1,12,www.nri.org/,ADV,RB,ROOT,xxx.xxx.xxx/,0.0
southeast.kctcs.edu/,southeast.kctcs.edu/,1,1,20,southeast.kctcs.edu/,NUM,CD,ROOT,xxxx.xxxx.xxx/,0.0
www.mccneb.edu/,www.mccneb.edu/,1,1,15,www.mccneb.edu/,X,FW,ROOT,xxx.xxxx.xxx/,0.0
www.learningcaregroup.com/,www.learningcaregroup.com/,1,1,26,www.learningcaregroup.com/,VERB,VB,ROOT,xxx.xxxx.xxx/,0.0
www.nemcc.edu/,www.nemcc.edu/,1,1,14,www.nemcc.edu/,X,XX,ROOT,xxx.xxxx.xxx/,0.0
www.rca.ac.uk/,www.rca.ac.uk/,1,1,14,www.rca.ac.uk/,NOUN,NN,ROOT,xxx.xxx.xx.xx/,0.0
vtu.ac.in/,vtu.ac.in/,1,1,10,vtu.ac.in/,NUM,CD,ROOT,xxx.xx.xx/,0.0
conncat.org/,conncat.org/,1,1,12,conncat.org/,NOUN,NN,ROOT,xxxx.xxx/,0.0
www.ethz.ch,www.ethz.ch,1,1,11,www.ethz.ch,NOUN,NN,ROOT,xxx.xxxx.xx,0.0
www.franklinscholars.org/,www.franklinscholars.org/,1,1,25,www.franklinscholars.org/,NOUN,NN,ROOT,xxx.xxxx.xxx/,0.0
towcenter.org/,towcenter.org/,1,1,14,towcenter.org/,ADV,RB,ROOT,xxxx.xxx/,0.0
www.northpark.edu/,www.northpark.edu/,1,1,18,www.northpark.edu/,VERB,VB,ROOT,xxx.xxxx.xxx/,0.0
www.hilluniversity.net,www.hilluniversity.net,1,1,22,www.hilluniversity.net,NOUN,NN,ROOT,xxx.xxxx.xxx,0.0
www.northampton.edu/,www.northampton.edu/,1,1,20,www.northampton.edu/,NOUN,NN,ROOT,xxx.xxxx.xxx/,0.0
www.brazosport.edu/,www.brazosport.edu/,1,1,19,www.brazosport.edu/,X,XX,ROOT,xxx.xxxx.xxx/,0.0
animalbehaviorcollege.com/,animalbehaviorcollege.com/,1,1,26,animalbehaviorcollege.com/,X,ADD,ROOT,xxxx.xxx/,0.0
www.qcmaker.com/,www.qcmaker.com/,1,1,16,www.qcmaker.com/,NOUN,NN,ROOT,xxx.xxxx.xxx/,0.0
www.saintpeters.edu,www.saintpeters.edu,1,1,19,www.saintpeters.edu,NOUN,NN,ROOT,xxx.xxxx.xxx,0.0
www.thomas.edu/,www.thomas.edu/,1,1,15,www.thomas.edu/,SPACE,_SP,ROOT,xxx.xxxx.xxx/,0.0
www.hsc.wvu.edu/som/,www.hsc.wvu.edu/som/,1,1,20,www.hsc.wvu.edu/som/,NOUN,NN,ROOT,xxx.xxx.xxx.xxx/xxx/,0.0
www.insead.edu,www.insead.edu,1,1,14,www.insead.edu,NOUN,NN,ROOT,xxx.xxxx.xxx,0.0
iei.ncsu.edu,iei.ncsu.edu,1,1,12,iei.ncsu.edu,X,ADD,ROOT,xxx.xxxx.xxx,0.0
www.nursing.umaryland.edu/,www.nursing.umaryland.edu/,1,1,26,www.nursing.umaryland.edu/,SPACE,_SP,ROOT,xxx.xxxx.xxxx.xxx/,0.0
www.suno.edu/,www.suno.edu/,1,1,13,www.suno.edu/,NOUN,NNS,ROOT,xxx.xxxx.xxx/,0.0
www.georgiasouthern.edu,www.georgiasouthern.edu,1,1,23,www.georgiasouthern.edu,PUNCT,.,ROOT,xxx.xxxx.xxx,0.0
www.northark.edu/,www.northark.edu/,1,1,17,www.northark.edu/,PROPN,NNP,ROOT,xxx.xxxx.xxx/,0.0
www.forsythtech.edu/,www.forsythtech.edu/,1,1,20,www.forsythtech.edu/,NUM,CD,ROOT,xxx.xxxx.xxx/,0.0
www.thebritishcollege.edu.np/,www.thebritishcollege.edu.np/,1,1,29,www.thebritishcollege.edu.np/,ADJ,JJR,ROOT,xxx.xxxx.xxx.xx/,0.0
www.cqu.edu.au,www.cqu.edu.au,1,1,14,www.cqu.edu.au,SPACE,_SP,ROOT,xxx.xxx.xxx.xx,0.0
www.pfw.edu/,www.pfw.edu/,1,1,12,www.pfw.edu/,ADJ,JJR,ROOT,xxx.xxx.xxx/,0.0
bacps.net/,bacps.net/,1,1,10,bacps.net/,NOUN,NN,ROOT,xxxx.xxx/,0.0
www.obryant.us/,www.obryant.us/,1,1,15,www.obryant.us/,NOUN,NN,ROOT,xxx.xxxx.xx/,0.0
www.baypath.edu/,www.baypath.edu/,1,1,16,www.baypath.edu/,X,ADD,ROOT,xxx.xxxx.xxx/,0.0
rockefellerinstitute.org/,rockefellerinstitute.org/,1,1,25,rockefellerinstitute.org/,NOUN,NNS,ROOT,xxxx.xxx/,0.0
www.zju.edu.cn/,www.zju.edu.cn/,1,1,15,www.zju.edu.cn/,NOUN,NNS,ROOT,xxx.xxx.xxx.xx/,0.0
westfield.ma.edu,westfield.ma.edu,1,1,16,westfield.ma.edu,NOUN,NN,ROOT,xxxx.xx.xxx,0.0
jmi.ac.in/,jmi.ac.in/,1,1,10,jmi.ac.in/,NUM,CD,ROOT,xxx.xx.xx/,0.0
www.tunxis.edu,www.tunxis.edu,1,1,14,www.tunxis.edu,NOUN,NN,ROOT,xxx.xxxx.xxx,0.0
www.micollegeaccess.org/,www.micollegeaccess.org/,1,1,24,www.micollegeaccess.org/,SPACE,_SP,ROOT,xxx.xxxx.xxx/,0.0
www.juilliard.edu/,www.juilliard.edu/,1,1,18,www.juilliard.edu/,SPACE,_SP,ROOT,xxx.xxxx.xxx/,0.0
www.iitd.ac.in/,www.iitd.ac.in/,1,1,15,www.iitd.ac.in/,VERB,VB,ROOT,xxx.xxxx.xx.xx/,0.0
www.engineering.pitt.edu/,www.engineering.pitt.edu/,1,1,25,www.engineering.pitt.edu/,NOUN,NN,ROOT,xxx.xxxx.xxxx.xxx/,0.0
www.dimanregional.org/,www.dimanregional.org/,1,1,22,www.dimanregional.org/,ADV,RB,ROOT,xxx.xxxx.xxx/,0.0
www.dhakacollege.edu.bd,www.dhakacollege.edu.bd,1,1,23,www.dhakacollege.edu.bd,VERB,VBD,ROOT,xxx.xxxx.xxx.xx,0.0
www.cte.edu/,www.cte.edu/,1,1,12,www.cte.edu/,ADJ,JJ,ROOT,xxx.xxx.xxx/,0.0
www.bu.edu/hic/,www.bu.edu/hic/,1,1,15,www.bu.edu/hic/,NOUN,NN,ROOT,xxx.xx.xxx/xxx/,0.0
manavrachna.edu.in/international-institute-of-r...,manavrachna.edu.in/international-institute-of-r,1,1,47,manavrachna.edu.in/international-institute-of-r,NOUN,NNS,ROOT,xxxx.xxx.xx/xxxx-xxxx-xx-x,0.0
manavrachna.edu.in/international-institute-of-r...,...,1,1,3,...,PUNCT,:,punct,...,0.0
somerset.kctcs.edu/,somerset.kctcs.edu/,1,1,19,somerset.kctcs.edu/,PROPN,NNP,ROOT,xxxx.xxxx.xxx/,0.0
www.gsb.stanford.edu,www.gsb.stanford.edu,1,1,20,www.gsb.stanford.edu,PUNCT,NFP,ROOT,xxx.xxx.xxxx.xxx,0.0
hscommerce.org/,hscommerce.org/,1,1,15,hscommerce.org/,NOUN,NN,ROOT,xxxx.xxx/,0.0
www.uncollege.org,www.uncollege.org,1,1,17,www.uncollege.org,NUM,CD,ROOT,xxx.xxxx.xxx,0.0
www.utpb.edu/,www.utpb.edu/,1,1,13,www.utpb.edu/,NOUN,NN,ROOT,xxx.xxxx.xxx/,0.0
www.uwplatt.edu,www.uwplatt.edu,1,1,15,www.uwplatt.edu,X,ADD,ROOT,xxx.xxxx.xxx,0.0
www.ug.edu.gh,www.ug.edu.gh,1,1,13,www.ug.edu.gh,NOUN,NN,ROOT,xxx.xx.xxx.xx,0.0
whittiertech.org/,whittiertech.org/,1,1,17,whittiertech.org/,NOUN,NN,ROOT,xxxx.xxx/,0.0
www.frankfortschools.org,www.frankfortschools.org,1,1,24,www.frankfortschools.org,NOUN,NN,ROOT,xxx.xxxx.xxx,0.0
www.shawsheentech.org/,www.shawsheentech.org/,1,1,22,www.shawsheentech.org/,SPACE,_SP,ROOT,xxx.xxxx.xxx/,0.0
www.fullsail.edu/,www.fullsail.edu/,1,1,17,www.fullsail.edu/,SPACE,_SP,ROOT,xxx.xxxx.xxx/,0.0
www.lorainccc.edu/,www.lorainccc.edu/,1,1,18,www.lorainccc.edu/,SPACE,_SP,ROOT,xxx.xxxx.xxx/,0.0
mitsloan.mit.edu/,mitsloan.mit.edu/,1,1,17,mitsloan.mit.edu/,PROPN,NNP,ROOT,xxxx.xxx.xxx/,0.0
unimelb.edu.au,unimelb.edu.au,1,1,14,unimelb.edu.au,PROPN,NNP,ROOT,xxxx.xxx.xx,0.0
www.hood.edu/,www.hood.edu/,1,1,13,www.hood.edu/,NOUN,NN,ROOT,xxx.xxxx.xxx/,0.0
www.integrativenutrition.com/,www.integrativenutrition.com/,1,1,29,www.integrativenutrition.com/,VERB,VB,ROOT,xxx.xxxx.xxx/,0.0
www.sxccal.edu/,www.sxccal.edu/,1,1,15,www.sxccal.edu/,NOUN,NN,ROOT,xxx.xxxx.xxx/,0.0
zeitgeist.university,zeitgeist.university,1,1,20,zeitgeist.university,NUM,CD,ROOT,xxxx.xxxx,0.0
yourcapsnetwork.org,yourcapsnetwork.org,1,1,19,yourcapsnetwork.org,ADV,RB,ROOT,xxxx.xxx,0.0
www.northshore.edu/,www.northshore.edu/,1,1,19,www.northshore.edu/,NOUN,NN,ROOT,xxx.xxxx.xxx/,0.0
www.lake.k12.fl.us,www.lake.k12.fl.us,1,1,18,www.lake.k12.fl.u,NOUN,NNS,ROOT,xxx.xxxx.xdd.xx.xx,0.0
www.cambridge.org/uk,www.cambridge.org/uk,1,1,20,www.cambridge.org/uk,NOUN,NNS,ROOT,xxx.xxxx.xxx/xx,0.0
cancercenter.arizona.edu,cancercenter.arizona.edu,1,1,24,cancercenter.arizona.edu,PROPN,NNP,ROOT,xxxx.xxxx.xxx,0.0
aspeninstitute.org,aspeninstitute.org,1,1,18,aspeninstitute.org,X,ADD,ROOT,xxxx.xxx,0.0
www.aiht.edu/,www.aiht.edu/,1,1,13,www.aiht.edu/,SPACE,_SP,ROOT,xxx.xxxx.xxx/,0.0
www.bits-pilani.ac.in,www.bits-pilani.ac.in,1,1,21,www.bits-pilani.ac.in,VERB,VB,ROOT,xxx.xxxx-xxxx.xx.xx,0.0
www.ntid.rit.edu,www.ntid.rit.edu,1,1,16,www.ntid.rit.edu,NOUN,NNS,ROOT,xxx.xxxx.xxx.xxx,0.0
www.fiap.com.br,www.fiap.com.br,1,1,15,www.fiap.com.br,VERB,VB,ROOT,xxx.xxxx.xxx.xx,0.0
www.brunswickcc.edu/,www.brunswickcc.edu/,1,1,20,www.brunswickcc.edu/,PROPN,NNP,ROOT,xxx.xxxx.xxx/,0.0
www.misericordia.edu/,www.misericordia.edu/,1,1,21,www.misericordia.edu/,ADV,RB,ROOT,xxx.xxxx.xxx/,0.0
www.mps02155.org/,www.mps02155.org/,1,1,17,www.mps02155.org/,VERB,VB,ROOT,xxx.xxxdddd.xxx/,0.0
www.menlo.edu/,www.menlo.edu/,1,1,14,www.menlo.edu/,NOUN,NNS,ROOT,xxx.xxxx.xxx/,0.0
www.wgu.edu/,www.wgu.edu/,1,1,12,www.wgu.edu/,NOUN,NN,ROOT,xxx.xxx.xxx/,0.0
www.mayland.edu/,www.mayland.edu/,1,1,16,www.mayland.edu/,VERB,VB,ROOT,xxx.xxxx.xxx/,0.0
home.gsb.columbia.edu/,home.gsb.columbia.edu/,1,1,22,home.gsb.columbia.edu/,X,XX,ROOT,xxxx.xxx.xxxx.xxx/,0.0
goodrich.fitchburg.k12.ma.us/,goodrich.fitchburg.k12.ma.us/,1,1,29,goodrich.fitchburg.k12.ma.us/,NOUN,NN,ROOT,xxxx.xxxx.xdd.xx.xx/,0.0
amccindia.com/,amccindia.com/,1,1,14,amccindia.com/,VERB,VB,ROOT,xxxx.xxx/,0.0
energy.pace.edu/,energy.pace.edu/,1,1,16,energy.pace.edu/,ADJ,JJ,ROOT,xxxx.xxxx.xxx/,0.0
www.bptech.org/,www.bptech.org/,1,1,15,www.bptech.org/,SPACE,_SP,ROOT,xxx.xxxx.xxx/,0.0
med.wmich.edu/,med.wmich.edu/,1,1,14,med.wmich.edu/,PROPN,NNP,ROOT,xxx.xxxx.xxx/,0.0
www.navy.mil/,www.navy.mil/,1,1,13,www.navy.mil/,NOUN,NN,ROOT,xxx.xxxx.xxx/,0.0
www.childrensuniversity.co.uk/home/,www.childrensuniversity.co.uk/home/,1,1,35,www.childrensuniversity.co.uk/home/,NOUN,NN,ROOT,xxx.xxxx.xx.xx/xxxx/,0.0
www.monash.edu.au/,www.monash.edu.au/,1,1,18,www.monash.edu.au/,NUM,CD,ROOT,xxx.xxxx.xxx.xx/,0.0
www.bracu.ac.bd/,www.bracu.ac.bd/,1,1,16,www.bracu.ac.bd/,VERB,VB,ROOT,xxx.xxxx.xx.xx/,0.0
www.bcnschool.com,www.bcnschool.com,1,1,17,www.bcnschool.com,X,ADD,ROOT,xxx.xxxx.xxx,0.0
naceschools.com/,naceschools.com/,1,1,16,naceschools.com/,PROPN,NNP,ROOT,xxxx.xxx/,0.0
www.studyin-uk.com/,www.studyin-uk.com/,1,1,19,www.studyin-uk.com/,PROPN,NNP,ROOT,xxx.xxxx-xx.xxx/,0.0
www.gla.ac.in,www.gla.ac.in,1,1,13,www.gla.ac.in,INTJ,UH,ROOT,xxx.xxx.xx.xx,0.0
www.umassd.edu/law/,www.umassd.edu/law/,1,1,19,www.umassd.edu/law/,PROPN,NNP,ROOT,xxx.xxxx.xxx/xxx/,0.0
www.meltwater.org,www.meltwater.org,1,1,17,www.meltwater.org,NOUN,NN,ROOT,xxx.xxxx.xxx,0.0
www.aber.ac.uk/,www.aber.ac.uk/,1,1,15,www.aber.ac.uk/,NOUN,NN,ROOT,xxx.xxxx.xx.xx/,0.0
www.collectiveacademy.com,www.collectiveacademy.com,1,1,25,www.collectiveacademy.com,X,ADD,ROOT,xxx.xxxx.xxx,0.0
www.hw.ac.uk/,www.hw.ac.uk/,1,1,13,www.hw.ac.uk/,VERB,VB,ROOT,xxx.xx.xx.xx/,0.0
www.berkshirecc.edu/,www.berkshirecc.edu/,1,1,20,www.berkshirecc.edu/,SPACE,_SP,ROOT,xxx.xxxx.xxx/,0.0
www.mckendree.edu/,www.mckendree.edu/,1,1,18,www.mckendree.edu/,NOUN,NN,ROOT,xxx.xxxx.xxx/,0.0
www.teensharp.org/,www.teensharp.org/,1,1,18,www.teensharp.org/,NOUN,NN,ROOT,xxx.xxxx.xxx/,0.0
www.iitb.ac.in/,www.iitb.ac.in/,1,1,15,www.iitb.ac.in/,SPACE,_SP,ROOT,xxx.xxxx.xx.xx/,0.0
www.ucdavis.edu,www.ucdavis.edu,1,1,15,www.ucdavis.edu,X,ADD,ROOT,xxx.xxxx.xxx,0.0
uncw.edu/,uncw.edu/,1,1,9,uncw.edu/,X,FW,ROOT,xxxx.xxx/,0.0
www.uab.edu/nursing/home/,www.uab.edu/nursing/home/,1,1,25,www.uab.edu/nursing/home/,VERB,VB,ROOT,xxx.xxx.xxx/xxxx/xxxx/,0.0
bcp.edu.ph,bcp.edu.ph,1,1,10,bcp.edu.ph,PROPN,NNP,ROOT,xxx.xxx.xx,0.0
www.kcumb.edu/,www.kcumb.edu/,1,1,14,www.kcumb.edu/,X,ADD,ROOT,xxx.xxxx.xxx/,0.0
www.open.ac.uk/,www.open.ac.uk/,1,1,15,www.open.ac.uk/,NOUN,NN,ROOT,xxx.xxxx.xx.xx/,0.0
www.uct.ac.za/,www.uct.ac.za/,1,1,14,www.uct.ac.za/,NOUN,NN,ROOT,xxx.xxx.xx.xx/,0.0
www.jmu.edu/,www.jmu.edu/,1,1,12,www.jmu.edu/,NOUN,NN,ROOT,xxx.xxx.xxx/,0.0
www.usc.edu.ph,www.usc.edu.ph,1,1,14,www.usc.edu.ph,SPACE,_SP,ROOT,xxx.xxx.xxx.xx,0.0
www.dpsfamily.org,www.dpsfamily.org,1,1,17,www.dpsfamily.org,PUNCT,.,ROOT,xxx.xxxx.xxx,0.0
socialwork.ua.edu/,socialwork.ua.edu/,1,1,18,socialwork.ua.edu/,SPACE,_SP,ROOT,xxxx.xx.xxx/,0.0
www.falmouth.k12.ma.us/,www.falmouth.k12.ma.us/,1,1,23,www.falmouth.k12.ma.us/,X,XX,ROOT,xxx.xxxx.xdd.xx.xx/,0.0
vetmed.umd.edu,vetmed.umd.edu,1,1,14,vetmed.umd.edu,NOUN,NN,ROOT,xxxx.xxx.xxx,0.0
nbhs.newbedfordschools.org,nbhs.newbedfordschools.org,1,1,26,nbhs.newbedfordschools.org,PROPN,NNP,ROOT,xxxx.xxxx.xxx,0.0
isi.ac.id,isi.ac.id,1,1,9,isi.ac.id,SPACE,_SP,ROOT,xxx.xx.xx,0.0
www.eng.hawaii.edu/,www.eng.hawaii.edu/,1,1,19,www.eng.hawaii.edu/,VERB,VB,ROOT,xxx.xxx.xxxx.xxx/,0.0
www.glcps.org/,www.glcps.org/,1,1,14,www.glcps.org/,NOUN,NN,ROOT,xxx.xxxx.xxx/,0.0
crls.cpsd.us/,crls.cpsd.us/,1,1,13,crls.cpsd.us/,X,LS,ROOT,xxxx.xxxx.xx/,0.0
www.thapar.edu/,www.thapar.edu/,1,1,15,www.thapar.edu/,NOUN,NN,ROOT,xxx.xxxx.xxx/,0.0
www.mdx.ac.ae/,www.mdx.ac.ae/,1,1,14,www.mdx.ac.ae/,PUNCT,.,ROOT,xxx.xxx.xx.xx/,0.0
www.mcmaster.ca/,www.mcmaster.ca/,1,1,16,www.mcmaster.ca/,VERB,VB,ROOT,xxx.xxxx.xx/,0.0
www.phacs.org/,www.phacs.org/,1,1,14,www.phacs.org/,NOUN,NN,ROOT,xxx.xxxx.xxx/,0.0
www.malonecsd.org/,www.malonecsd.org/,1,1,18,www.malonecsd.org/,INTJ,UH,ROOT,xxx.xxxx.xxx/,0.0
bigsandy.kctcs.edu/,bigsandy.kctcs.edu/,1,1,19,bigsandy.kctcs.edu/,NOUN,NNS,ROOT,xxxx.xxxx.xxx/,0.0
www.accaglobal.com/,www.accaglobal.com/,1,1,19,www.accaglobal.com/,VERB,VB,ROOT,xxx.xxxx.xxx/,0.0
www.macmillan-academy.org.uk/,www.macmillan-academy.org.uk/,1,1,29,www.macmillan-academy.org.uk/,VERB,VB,ROOT,xxx.xxxx-xxxx.xxx.xx/,0.0
www.univelcity.com,www.univelcity.com,1,1,18,www.univelcity.com,X,ADD,ROOT,xxx.xxxx.xxx,0.0
www.cestarcollege.com,www.cestarcollege.com,1,1,21,www.cestarcollege.com,X,ADD,ROOT,xxx.xxxx.xxx,0.0
www.tesco-esport.eu/,www.tesco-esport.eu/,1,1,20,www.tesco-esport.eu/,ADP,IN,ROOT,xxx.xxxx-xxxx.xx/,0.0
www.minuteman.org,www.minuteman.org,1,1,17,www.minuteman.org,X,FW,ROOT,xxx.xxxx.xxx,0.0
www.unc-ac.us,www.unc-ac.us,1,1,13,www.unc-ac.us,X,ADD,ROOT,xxx.xxx-xx.xx,0.0
www.uniroma3.it/,www.uniroma3.it/,1,1,16,www.uniroma3.it/,X,XX,ROOT,xxx.xxxxd.xx/,0.0
