Text,Token,Start Index,End Index,Entity Label,Knowledge Base ID
Flipkart,Flipkart,0,8,ORG,
Latitud,Latitud,0,7,PERSON,
Massachusetts Institute of Technology,Massachusetts Institute of Technology,0,37,ORG,
Nexford University,Nexford University,0,18,ORG,
University of Michigan,University of Michigan,0,22,ORG,
University of California Berkeley,University of California Berkeley,0,33,ORG,
Harvard University,Harvard University,0,18,ORG,
Carnegie Mellon University,Carnegie Mellon University,0,26,ORG,
Myntra,Myntra,0,6,ORG,
Northwestern University,Northwestern University,0,23,ORG,
University of South Florida,University of South Florida,0,27,ORG,
Yale University,Yale University,0,15,ORG,
Duke University,Duke University,0,15,ORG,
OpenClassrooms,OpenClassrooms,0,14,ORG,
General Assembly,General Assembly,0,16,ORG,
University of Saskatchewan,University of Saskatchewan,0,26,ORG,
Illinois Institute of Technology,Illinois Institute of Technology,0,32,ORG,
University of Louisville,University of Louisville,0,24,ORG,
Simon Fraser University,Fraser University,6,23,ORG,
"University of California, Los Angeles","University of California, Los Angeles",0,37,ORG,
Caltech,Caltech,0,7,ORG,
"University of California, San Francisco",University of California,0,24,ORG,
"University of California, San Francisco",San Francisco,26,39,GPE,
Babson College,Babson College,0,14,ORG,
Brown University,Brown University,0,16,ORG,
Corporate Finance Institute,Corporate Finance Institute,0,27,ORG,
University of Minnesota,University of Minnesota,0,23,ORG,
Miami Dade College,Miami Dade College,0,18,ORG,
University of Arkansas for Medical Sciences,University of Arkansas for Medical Sciences,0,43,ORG,
University of Maryland,University of Maryland,0,22,ORG,
The City College of New York,The City College of New York,0,28,ORG,
University of Alberta,University of Alberta,0,21,ORG,
University of Washington,University of Washington,0,24,ORG,
Howard University,Howard University,0,17,ORG,
University of Chicago,University of Chicago,0,21,ORG,
University of Cambridge,University of Cambridge,0,23,ORG,
University of Illinois Urbana-Champaign,University of Illinois Urbana-Champaign,0,39,ORG,
New York University,New York University,0,19,ORG,
Dartmouth College,Dartmouth College,0,17,ORG,
Case Western Reserve University,Case Western Reserve University,0,31,ORG,
University of Toronto,University of Toronto,0,21,ORG,
The Ohio State University,The Ohio State University,0,25,ORG,
Wayne State University,Wayne State University,0,22,ORG,
Purdue University,Purdue University,0,17,ORG,
Princeton University,Princeton University,0,20,ORG,
Flatiron School,Flatiron School,0,15,ORG,
Northeastern University,Northeastern University,0,23,ORG,
The Johns Hopkins University,The Johns Hopkins University,0,28,ORG,
Cancer Prevention and Research Institute of Texas,Cancer Prevention and Research Institute of Texas,0,49,ORG,
Holberton School,Holberton School,0,16,ORG,
Drexel University,Drexel University,0,17,ORG,
University of Arizona,University of Arizona,0,21,ORG,
Quantic School of Business and Technology,Quantic School of Business and Technology,0,41,ORG,
University of Essex,University of Essex,0,19,ORG,
Indian School of Business (ISB),Indian School of Business (ISB,0,30,ORG,
Emory University,Emory University,0,16,ORG,
Finance Department - Kellogg School of Management,Finance Department,0,18,ORG,
Finance Department - Kellogg School of Management,Kellogg School of Management,21,49,ORG,
The Scripps Research Institute,The Scripps Research Institute,0,30,ORG,
Wharton School of the University of Pennsylvania,Wharton School of the University of Pennsylvania,0,48,ORG,
Weill Cornell Medicine,Weill Cornell Medicine,0,22,ORG,
Digital Marketing Institute,Digital Marketing Institute,0,27,ORG,
St. George's University,St. George's,0,12,ORG,
King's College London,King's College,0,14,ORG,
University of Tennessee Health Science Center,University of Tennessee Health Science Center,0,45,ORG,
Indian Institute of Technology Madras,Indian Institute of Technology Madras,0,37,ORG,
Medical College of Wisconsin,Medical College of Wisconsin,0,28,ORG,
University of Notre Dame,University of Notre Dame,0,24,ORG,
Arizona State University,Arizona State University,0,24,ORG,
University of Pennsylvania,University of Pennsylvania,0,26,ORG,
African Leadership Academy,African Leadership Academy,0,26,ORG,
North Carolina State University - NCSU,North Carolina State University - NCSU,0,38,ORG,
University College Cork,University College Cork,0,23,ORG,
Santa Clara University,Santa Clara University,0,22,ORG,
The University of Texas at Austin,The University of Texas,0,23,ORG,
The University of Texas at Austin,Austin,27,33,GPE,
London School of Economics and Political Science,London School of Economics and Political Science,0,48,ORG,
University of Iowa,University of Iowa,0,18,ORG,
McGill University,McGill University,0,17,ORG,
Harvard Medical School,Harvard Medical School,0,22,ORG,
Technical University of Munich,Technical University of Munich,0,30,ORG,
"University of California, San Diego","University of California, San Diego",0,35,ORG,
Florida State University,Florida State University,0,24,ORG,
Birmingham City University,Birmingham City University,0,26,ORG,
California State University,California State University,0,27,ORG,
Florida International University,Florida International University,0,32,ORG,
Albert Einstein College of Medicine,Albert Einstein College of Medicine,0,35,ORG,
Texas A&amp;M University,Texas A&amp;M University,0,24,ORG,
University of Virginia,University of Virginia,0,22,ORG,
Vanderbilt University,Vanderbilt University,0,21,ORG,
University of St. Gallen,University of St. Gallen,0,24,ORG,
Southwest Research Institute,Southwest Research Institute,0,28,ORG,
Kansas State University,Kansas State University,0,23,ORG,
Tel Aviv University,Tel Aviv University,0,19,ORG,
Southern Methodist University,Southern Methodist University,0,29,ORG,
North Carolina Agricultural and Technical State University,North Carolina Agricultural and Technical State University,0,58,ORG,
University of Central Florida,University of Central Florida,0,29,ORG,
Mila - Quebec Artificial Intelligence Institute,Mila - Quebec Artificial Intelligence Institute,0,47,ORG,
Virginia Tech,Virginia Tech,0,13,ORG,
MIT Media Lab,MIT Media Lab,0,13,ORG,
Washington University School Of Medicine,Washington University School Of Medicine,0,40,ORG,
Florida Atlantic University,Florida Atlantic University,0,27,ORG,
Indiana University Bloomington,Indiana University,0,18,ORG,
Indiana University Bloomington,Bloomington,19,30,PERSON,
The University of Texas at Austin,The University of Texas,0,23,ORG,
The University of Texas at Austin,Austin,27,33,GPE,
Imperial College London,Imperial College,0,16,ORG,
Imperial College London,London,17,23,GPE,
Curtin University,Curtin University,0,17,ORG,
iXperience,iXperience,0,10,ORG,
Western University,Western University,0,18,ORG,
University of North Carolina at Chapel Hill,University of North Carolina,0,28,ORG,
University of North Carolina at Chapel Hill,Chapel Hill,32,43,GPE,
Linux Academy,Linux Academy,0,13,ORG,
Salk Institute for Biological Studies,Salk Institute for Biological Studies,0,37,ORG,
Boston University,Boston University,0,17,ORG,
Johns Hopkins University School of Medicine,Johns Hopkins University School of Medicine,0,43,ORG,
"Trinity College, Dublin",Trinity College,0,15,ORG,
"Trinity College, Dublin",Dublin,17,23,GPE,
Allen Institute for Brain Science,Allen Institute,0,15,PERSON,
Stanford University,Stanford University,0,19,ORG,
University of Waterloo,University of Waterloo,0,22,ORG,
University of Kentucky,University of Kentucky,0,22,ORG,
Washington University in St. Louis,Washington University,0,21,ORG,
Washington University in St. Louis,St. Louis,25,34,GPE,
Penn State University,Penn State University,0,21,ORG,
African Leadership University,African Leadership University,0,29,ORG,
University of Pittsburgh,University of Pittsburgh,0,24,ORG,
University College Dublin,University College Dublin,0,25,ORG,
Swinburne University of Technology,Swinburne University of Technology,0,34,ORG,
George Washington University,George Washington University,0,28,ORG,
Michigan State University,Michigan State University,0,25,ORG,
University of Phoenix,University of Phoenix,0,21,ORG,
New Jersey Institute of Technology,New Jersey Institute of Technology,0,34,ORG,
The University of Texas at San Antonio,The University of Texas,0,23,ORG,
The University of Texas at San Antonio,San Antonio,27,38,GPE,
UNICAF,UNICAF,0,6,ORG,
Stellenbosch University,Stellenbosch University,0,23,ORG,
University of Hawaii,University of Hawaii,0,20,ORG,
Dallas College,Dallas College,0,14,ORG,
Stevens Institute of Technology,Stevens Institute of Technology,0,31,ORG,
Lund University,Lund University,0,15,ORG,
The University of Chicago Booth School of Business,The University of Chicago Booth School of Business,0,50,ORG,
Worcester Polytechnic Institute,Worcester Polytechnic Institute,0,31,ORG,
Columbia University,Columbia University,0,19,ORG,
University at Buffalo,University at Buffalo,0,21,ORG,
Syracuse University,Syracuse University,0,19,ORG,
Cranfield University,Cranfield University,0,20,ORG,
EarlyBird,EarlyBird,0,9,ORG,
Ulster University,Ulster University,0,17,ORG,
Institute for Protein Design,Institute for Protein Design,0,28,ORG,
Georgetown University,Georgetown University,0,21,ORG,
Washington State University,Washington State University,0,27,ORG,
Clark Atlanta University,Clark Atlanta University,0,24,ORG,
University of Massachusetts Medical School,University of Massachusetts Medical School,0,42,ORG,
University of Missouri,University of Missouri,0,22,ORG,
Ivey Business School,Ivey Business School,0,20,ORG,
"University of Massachusetts, Dartmouth",University of Massachusetts,0,27,ORG,
"University of Massachusetts, Dartmouth",Dartmouth,29,38,ORG,
University of Massachusetts Amherst,University of Massachusetts Amherst,0,35,ORG,
The University of Chicago Medicine,The University of Chicago Medicine,0,34,ORG,
University of Pennsylvania School of Medicine,University of Pennsylvania School of Medicine,0,45,ORG,
University of British Columbia,University of British Columbia,0,30,ORG,
Ryerson University,Ryerson University,0,18,ORG,
Claremont McKenna College,Claremont McKenna College,0,25,ORG,
Aston University,Aston University,0,16,ORG,
University of Strathclyde,University of Strathclyde,0,25,ORG,
Haskell Indian Nations University,Haskell Indian Nations University,0,33,ORG,
Hong Kong University of Science and Technology,Hong Kong University of Science and Technology,0,46,ORG,
Royal College of Surgeons,Royal College of Surgeons,0,25,ORG,
"Elizabethtown College, Elizabethtown",Elizabethtown College,0,21,ORG,
University of Colorado Boulder,University of Colorado Boulder,0,30,ORG,
University of Texas Health Science Center at San Antonio,University of Texas Health Science Center,0,41,ORG,
University of Texas Health Science Center at San Antonio,San Antonio,45,56,GPE,
Art Center College of Design,Art Center College of Design,0,28,ORG,
University of Manchester,University of Manchester,0,24,ORG,
Georgia Institute of Technology,Georgia Institute of Technology,0,31,ORG,
University of Nottingham,University of Nottingham,0,24,ORG,
Concordia University,Concordia University,0,20,ORG,
Central Michigan University,Central Michigan University,0,27,ORG,
Fogarty Institute of Innovation,Fogarty Institute of Innovation,0,31,ORG,
Hong Kong Baptist University,Hong Kong Baptist University,0,28,ORG,
Sinclair Community College,Sinclair Community College,0,26,ORG,
Raritan Valley Community College,Raritan Valley Community College,0,32,ORG,
Wake Forest School of Medicine,Wake Forest School of Medicine,0,30,ORG,
University of Calgary,University of Calgary,0,21,ORG,
Claremont Graduate University,Claremont Graduate University,0,29,ORG,
Queen's University Belfast,Queen's University Belfast,0,26,ORG,
South Dakota State University,South Dakota State University,0,29,GPE,
Université de Montréal,Université de Montréal,0,22,ORG,
University of Cincinnati,University of Cincinnati,0,24,ORG,
Strathmore University,Strathmore University,0,21,ORG,
University of Manitoba,University of Manitoba,0,22,ORG,
Milwaukee Area Technical College,Milwaukee Area Technical College,0,32,ORG,
Université de Sherbrooke,Université de Sherbrooke,0,24,ORG,
Oregon State University,Oregon State University,0,23,ORG,
University of Queensland,University of Queensland,0,24,ORG,
INTO University Partnerships,INTO University Partnerships,0,28,ORG,
Yale School of Management (SOM),Yale School of Management,0,25,ORG,
University of Oklahoma,University of Oklahoma,0,22,ORG,
NYU Stern School of Business,NYU Stern School of Business,0,28,ORG,
24 Ore Business School,24,0,2,CARDINAL,
24 Ore Business School,Ore Business School,3,22,ORG,
University of Colorado Anschutz Medical Campus,University of Colorado Anschutz Medical Campus,0,46,ORG,
Yeshiva University,Yeshiva University,0,18,ORG,
Portland State University,Portland State University,0,25,ORG,
University of Wisconsin - Madison,University of Wisconsin - Madison,0,33,ORG,
Palm Beach State College,Palm Beach State College,0,24,ORG,
Stetson University,Stetson University,0,18,ORG,
Stanford University School of Medicine,Stanford University School of Medicine,0,38,ORG,
University of North Carolina at Greensboro,University of North Carolina,0,28,ORG,
University of North Carolina at Greensboro,Greensboro,32,42,GPE,
Lehigh University,Lehigh University,0,17,ORG,
Dublin City University,Dublin City University,0,22,ORG,
University College London (UCL),University College London,0,25,ORG,
University College London (UCL),UCL,27,30,ORG,
University of Central Florida,University of Central Florida,0,29,ORG,
Blue School,Blue School,0,11,ORG,
School of Accelerated Learning,School of Accelerated Learning,0,30,ORG,
Bates College,Bates College,0,13,ORG,
Ubiquity University,Ubiquity University,0,19,ORG,
Colby College,Colby College,0,13,ORG,
University of Illinois Chicago,University of Illinois Chicago,0,30,ORG,
Oregon Health &amp; Science University,Oregon Health &amp,0,18,ORG,
Oregon Health &amp; Science University,Science University,20,38,ORG,
University of Sydney,University of Sydney,0,20,ORG,
University of Alabama at Birmingham,University of Alabama,0,21,ORG,
University of Alabama at Birmingham,Birmingham,25,35,GPE,
Harris-Stowe State University,Harris-Stowe State University,0,29,ORG,
Bellarmine University,Bellarmine University,0,21,ORG,
NYU Grossman School of Medicine,NYU Grossman School of Medicine,0,31,ORG,
Virginia Commonwealth University,Virginia Commonwealth University,0,32,ORG,
Rush University,Rush University,0,15,ORG,
University of Southern California,University of Southern California,0,33,ORG,
Saint Louis University,Saint Louis University,0,22,ORG,
Passaic County Community College,Passaic County Community College,0,32,ORG,
Be Academy,Be Academy,0,10,ORG,
University of Windsor,University of Windsor,0,21,ORG,
Northumbria University,Northumbria University,0,22,ORG,
Carroll University,Carroll University,0,18,ORG,
Marquette University,Marquette University,0,20,ORG,
University of Utah,University of Utah,0,18,ORG,
University of Edinburgh,University of Edinburgh,0,23,ORG,
Morgan State University,Morgan State University,0,23,ORG,
Boise State University,Boise State University,0,22,ORG,
"Marshall University, Huntington",Marshall University,0,19,ORG,
"Marshall University, Huntington",Huntington,21,31,GPE,
Clemson University,Clemson University,0,18,ORG,
Emory University’s Goizueta Business School,Emory University’s Goizueta Business School,0,43,ORG,
Rochester Institute of Technology,Rochester Institute of Technology,0,33,ORG,
Brock University,Brock University,0,16,ORG,
Iowa State University,Iowa State University,0,21,ORG,
Indiana University School of Medicine,Indiana University School of Medicine,0,37,ORG,
University of Vermont,University of Vermont,0,21,ORG,
Baylor College of Medicine,Baylor College of Medicine,0,26,ORG,
University of Houston,University of Houston,0,21,ORG,
City University of New York,City University of New York,0,27,ORG,
Baylor University,Baylor University,0,17,ORG,
Rensselaer Polytechnic Institute,Rensselaer Polytechnic Institute,0,32,ORG,
Gama Academy,Gama Academy,0,12,ORG,
Amherst College,Amherst College,0,15,ORG,
University of Kent,University of Kent,0,18,ORG,
"California State University, Northridge",California State University,0,27,ORG,
Weizmann Institute of Science,Weizmann Institute of Science,0,29,ORG,
Southern Alberta Institute of Technology,Southern Alberta Institute of Technology,0,40,ORG,
Siena College,Siena College,0,13,ORG,
Chapman University,Chapman University,0,18,ORG,
Villanova University,Villanova University,0,20,ORG,
Fresno City College,Fresno City College,0,19,ORG,
Lewis Katz School of Medicine,Lewis Katz School of Medicine,0,29,ORG,
University of New Brunswick,University of New Brunswick,0,27,ORG,
DePauw University,DePauw University,0,17,ORG,
University of Texas Southwestern Medical School,University of Texas Southwestern Medical School,0,47,ORG,
Murdoch Childrens Research Institute (MCRI),Murdoch Childrens Research Institute,0,36,ORG,
Ivy Tech Community College of Indiana,Indiana,30,37,GPE,
University of Central Arkansas,University of Central,0,21,ORG,
University of Wisconsin Oshkosh,University of Wisconsin Oshkosh,0,31,ORG,
Camden County College,Camden County College,0,21,ORG,
Loyola University Maryland,Loyola University,0,17,ORG,
Loyola University Maryland,Maryland,18,26,GPE,
Morehouse College,Morehouse College,0,17,ORG,
Xavier University,Xavier University,0,17,ORG,
University of North Texas,University of North Texas,0,25,ORG,
University of Delaware,University of Delaware,0,22,ORG,
Metro Nashville Public Schools,Nashville,6,15,GPE,
University of Bristol,University of Bristol,0,21,ORG,
Kerala Institute of Medical Sciences,Kerala Institute of Medical Sciences,0,36,ORG,
Centennial College,Centennial College,0,18,ORG,
Thurgood Marshall College Fund,Thurgood Marshall College Fund,0,30,ORG,
Colorado School of Mines,Colorado School of Mines,0,24,ORG,
Avion School,Avion School,0,12,ORG,
Northern Virginia Community College,Northern Virginia Community College,0,35,ORG,
Vincennes University,Vincennes University,0,20,ORG,
Cooper University Health Care,Cooper University Health Care,0,29,ORG,
Louisiana State University,Louisiana State University,0,26,ORG,
Rowan College,Rowan College,0,13,ORG,
University of Rhode Island,University of Rhode Island,0,26,ORG,
Oklahoma City Community College,Oklahoma City Community College,0,31,ORG,
Georgia State University,Georgia State University,0,24,ORG,
University of Arkansas,University of Arkansas,0,22,ORG,
Clark University,Clark University,0,16,ORG,
Assembler Institute of Technology,Assembler Institute of Technology,0,33,ORG,
California Lutheran University,California Lutheran University,0,30,ORG,
Universidad del Sagrado Corazón,Universidad,0,11,GPE,
Universidad del Sagrado Corazón,Sagrado Corazón,16,31,PERSON,
Union County College,Union County College,0,20,ORG,
"University of California, Santa Barbara",University of California,0,24,ORG,
"University of California, Santa Barbara",Santa Barbara,26,39,GPE,
Hebrew University of Jerusalem,Hebrew University of Jerusalem,0,30,ORG,
Montclair State University,Montclair State University,0,26,ORG,
The University of Memphis,The University of Memphis,0,25,ORG,
Johnson C Smith University,Johnson C Smith University,0,26,ORG,
Seneca College,Seneca College,0,14,ORG,
"University of California, Santa Cruz",University of California,0,24,ORG,
"University of California, Santa Cruz",Santa Cruz,26,36,GPE,
Jackson State University,Jackson State University,0,24,ORG,
Chicago Public Schools,Chicago,0,7,GPE,
Sussex County Community College,Sussex County Community College,0,31,ORG,
Signum.ai,Signum.ai,0,9,ORG,
Essex County College,Essex County College,0,20,ORG,
University of Dayton,University of Dayton,0,20,ORG,
"University of Massachusetts, Lowell",University of Massachusetts,0,27,ORG,
"University of Massachusetts, Lowell",Lowell,29,35,GPE,
Université Sainte-Anne,Université Sainte-Anne,0,22,ORG,
University of North Dakota,University of North Dakota,0,26,ORG,
George Mason University,George Mason University,0,23,ORG,
Lipscomb University,Lipscomb University,0,19,ORG,
Harvard College,Harvard College,0,15,ORG,
Library of Congress,Congress,11,19,ORG,
University of Wollongong,University of Wollongong,0,24,ORG,
Nova Southeastern University,Nova Southeastern University,0,28,ORG,
National Institute of Allergy and Infectious Diseases,National Institute of Allergy,0,29,ORG,
University of Oklahoma College of Medicine,University of Oklahoma College of Medicine,0,42,ORG,
London School of Hygiene &amp; Tropical Medicine,London School of Hygiene &amp,0,29,ORG,
London School of Hygiene &amp; Tropical Medicine,Tropical Medicine,31,48,ORG,
Youngstown State University,Youngstown State University,0,27,ORG,
The University of Texas Medical Branch,The University of Texas Medical Branch,0,38,ORG,
Keck School of Medicine,Keck School of Medicine,0,23,ORG,
University of Arkansas at Little Rock,University of Arkansas,0,22,ORG,
University of Arkansas at Little Rock,Little Rock,26,37,GPE,
Harvard Graduate School of Education,Harvard Graduate School of Education,0,36,ORG,
Queens University of Charlotte,Queens University of Charlotte,0,30,ORG,
University of Connecticut,University of Connecticut,0,25,ORG,
Ben-Gurion University of the Negev,Ben-Gurion University of the Negev,0,34,ORG,
University of Rochester,University of Rochester,0,23,ORG,
Universiti Sains Malaysia,Universiti Sains Malaysia,0,25,ORG,
Atlanta University Center Consortium,Atlanta University Center Consortium,0,36,ORG,
Carleton University,Carleton University,0,19,ORG,
Aspen University,Aspen University,0,16,ORG,
"University of California, Irvine",University of California,0,24,ORG,
"University of California, Irvine",Irvine,26,32,GPE,
Western Michigan University,Western Michigan University,0,27,ORG,
Herzing University,Herzing University,0,18,ORG,
Elon University,Elon University,0,15,ORG,
University of Pikeville,University of Pikeville,0,23,ORG,
University of Colorado,University of Colorado,0,22,ORG,
Gustavus Adolphus College,Gustavus Adolphus College,0,25,ORG,
"University of Arkansas Community College, Morrilton",University of Arkansas Community College,0,40,ORG,
"University of Arkansas Community College, Morrilton",Morrilton,42,51,PERSON,
University of Alabama,University of Alabama,0,21,ORG,
Landi English,Landi,0,5,ORG,
Landi English,English,6,13,LANGUAGE,
Jacksonville State University,Jacksonville State University,0,29,ORG,
University of Oregon,University of Oregon,0,20,ORG,
Southern Illinois University Edwardsville,Southern Illinois University,0,28,ORG,
LePort Schools,LePort Schools,0,14,PERSON,
Alliant International University,Alliant International University,0,32,ORG,
Colorado State University,Colorado State University,0,25,ORG,
North Carolina Central University,North Carolina Central University,0,33,ORG,
Brigham Young University (BYU),Brigham Young University (BYU,0,29,ORG,
"University of Louisiana, Lafayette",University of Louisiana,0,23,ORG,
VTC Academy,VTC Academy,0,11,ORG,
Arkansas Tech University,Arkansas Tech University,0,24,ORG,
Mercer University,Mercer University,0,17,ORG,
University of Westminster,University of Westminster,0,25,ORG,
Albany Medical College,Albany Medical College,0,22,ORG,
North Carolina School of Science &amp; Mathematics,North Carolina School of Science &,0,34,ORG,
North Carolina School of Science &amp; Mathematics,Mathematics,39,50,WORK_OF_ART,
Embry–Riddle Aeronautical University,Embry–Riddle Aeronautical University,0,36,ORG,
Duquesne University,Duquesne University,0,19,ORG,
University of North Carolina at Charlotte,University of North Carolina,0,28,ORG,
University of North Carolina at Charlotte,Charlotte,32,41,GPE,
St. Petersburg College,St. Petersburg College,0,22,ORG,
University of Texas Health Science Center at Houston,University of Texas Health Science Center,0,41,ORG,
University of Texas Health Science Center at Houston,Houston,45,52,GPE,
McPherson College,McPherson College,0,17,ORG,
Rotman School of Management,Rotman School of Management,0,27,ORG,
The University of West Florida,The University of West Florida,0,30,ORG,
Boolean Careers,Boolean Careers,0,15,ORG,
George Brown College,George Brown College,0,20,ORG,
Mississippi State University,Mississippi State University,0,28,ORG,
University of Pennsylvania Law School,University of Pennsylvania Law School,0,37,ORG,
Rowan University,Rowan University,0,16,ORG,
University of Mississippi Medical Center,University of Mississippi Medical Center,0,40,ORG,
Sheridan College,Sheridan College,0,16,ORG,
Troy University,Troy University,0,15,ORG,
Harvard T.H. Chan School of Public Health,Harvard T.H. Chan School of Public Health,0,41,ORG,
Australian National University,Australian National University,0,30,ORG,
Kent State University,Kent State University,0,21,ORG,
University of Maryland School of Medicine,University of Maryland School of Medicine,0,41,ORG,
Community College of Rhode Island,Community College,0,17,ORG,
Community College of Rhode Island,Rhode Island,21,33,GPE,
"University of Wisconsin, Milwaukee",University of Wisconsin,0,23,ORG,
"University of Wisconsin, Milwaukee",Milwaukee,25,34,GPE,
Mohawk College,Mohawk College,0,14,ORG,
Eleven Fifty Academy,Eleven Fifty Academy,0,20,ORG,
"University of Maryland, Baltimore County",University of Maryland,0,22,ORG,
"University of Maryland, Baltimore County",Baltimore County,24,40,GPE,
University of Wyoming,University of Wyoming,0,21,ORG,
University of Nevada Las Vegas,University of Nevada,0,20,ORG,
University of Nevada Las Vegas,Las Vegas,21,30,GPE,
Hampshire College,Hampshire College,0,17,ORG,
Mount Royal University,Royal University,6,22,ORG,
University of Liverpool,University of Liverpool,0,23,ORG,
Fresno State University,Fresno State University,0,23,ORG,
Niagara College,Niagara College,0,15,ORG,
Baltimore City Public Schools,Baltimore City Public Schools,0,29,ORG,
California State University Fullerton,California State University,0,27,ORG,
California State University Fullerton,Fullerton,28,37,PERSON,
Scripps Institution of Oceanography,Scripps Institution of Oceanography,0,35,ORG,
Africa Digital Media Institute - ADMI,Africa Digital Media Institute - ADMI,0,37,ORG,
Kansas City University College of Dental Medicine,Kansas City University College of Dental Medicine,0,49,ORG,
New Mexico State University,New Mexico State University,0,27,ORG,
University of Maine,University of Maine,0,19,ORG,
Marywood University,Marywood University,0,19,ORG,
Ohio University,Ohio University,0,15,ORG,
Cristo Rey San Jose Jesuit High School,Cristo Rey,0,10,PERSON,
Cristo Rey San Jose Jesuit High School,San Jose,11,19,GPE,
Quinsigamond Community College,Quinsigamond Community College,0,30,ORG,
Earlham College,Earlham College,0,15,ORG,
University of St Thomas,University of St Thomas,0,23,ORG,
Rose-Hulman Institute of Technology,Rose-Hulman Institute of Technology,0,35,ORG,
Providence College,Providence College,0,18,ORG,
Durham College,Durham College,0,14,ORG,
NC State-Wilson College of Textiles,NC State-Wilson College,0,23,PERSON,
West Virginia University,West Virginia University,0,24,ORG,
University of New Hampshire,University of New Hampshire,0,27,ORG,
NUS School of Computing,NUS School of Computing,0,23,ORG,
Merrimack College,Merrimack College,0,17,ORG,
University of Alaska Anchorage,University of Alaska Anchorage,0,30,ORG,
Cleveland State University,Cleveland State University,0,26,ORG,
Texas Tech University,Texas Tech University,0,21,ORG,
Columbia University School of Social Work,Columbia University School of Social Work,0,41,ORG,
"University of Massachusetts, Boston",University of Massachusetts,0,27,ORG,
"University of Massachusetts, Boston",Boston,29,35,GPE,
Suffolk University,Suffolk University,0,18,ORG,
Singapore American School,Singapore American School,0,25,ORG,
Biola University,Biola University,0,16,ORG,
John Brown University,John Brown University,0,21,PERSON,
Oregon Institute of Technology,Oregon Institute of Technology,0,30,ORG,
Seton Hall University,Seton Hall University,0,21,ORG,
Cedarville University,Cedarville University,0,21,ORG,
Davidson College,Davidson College,0,16,ORG,
Yoga Teacher Training in Rishikesh India,India,35,40,GPE,
Oakland Unified School District,Oakland,0,7,GPE,
United Theological Seminary,United,0,6,ORG,
United Theological Seminary,Seminary,19,27,PERSON,
Carney Institute for Brain Science,Carney Institute for Brain Science,0,34,ORG,
Waterford Institute of Technology,Waterford Institute of Technology,0,33,ORG,
Bryant University,Bryant University,0,17,ORG,
Loma Linda University,Loma Linda University,0,21,ORG,
University of Exeter,University of Exeter,0,20,ORG,
Stanford Institute for Human-Centered Artificial Intelligence,Stanford Institute for Human-Centered Artificial Intelligence,0,61,ORG,
Smith College,Smith College,0,13,ORG,
Baldwin Wallace University,Baldwin Wallace University,0,26,ORG,
Clarkson University,Clarkson University,0,19,ORG,
Canisius College,Canisius College,0,16,ORG,
Tulane University School of Medicine,Tulane University School of Medicine,0,36,ORG,
Bennett College for Women,Bennett College,0,15,PERSON,
Icahn School of Medicine at Mount Sinai,Icahn School of Medicine,0,24,ORG,
Gies College of Business - University of Illinois Urbana-Champaign,Gies College of Business - University of Illinois Urbana-Champaign,0,66,ORG,
Cheyney University of Pennsylvania,Cheyney University of Pennsylvania,0,34,ORG,
Tennessee State University,Tennessee State University,0,26,ORG,
Framingham State College,Framingham State College,0,24,ORG,
"Pima Community College, Tucson",Pima Community College,0,22,ORG,
"Pima Community College, Tucson",Tucson,24,30,GPE,
London Institute of Business &amp; Technology,London Institute of Business &,0,30,ORG,
London Institute of Business &amp; Technology,Technology,35,45,ORG,
The University of Dallas,The University of Dallas,0,24,ORG,
Summit Academy Opportunities Industrialization Center,Summit Academy Opportunities Industrialization Center,0,53,ORG,
American Association of Community Colleges,American Association of Community Colleges,0,42,ORG,
Eastern Michigan University,Eastern Michigan University,0,27,ORG,
Turing School of Software &amp; Design,Turing School of Software &,0,27,ORG,
Turing School of Software &amp; Design,Design,32,38,ORG,
Goshen College,Goshen College,0,14,ORG,
Sheffield Hallam University,Sheffield Hallam University,0,27,ORG,
Cal State LA,Cal State LA,0,12,PERSON,
Norwich University,Norwich University,0,18,ORG,
Meharry Medical College,Meharry Medical College,0,23,ORG,
Pensacola State College,Pensacola State College,0,23,ORG,
ALPHA Camp,ALPHA Camp,0,10,ORG,
Friends University,Friends University,0,18,ORG,
"National University of Ireland, Galway",National University of Ireland,0,30,ORG,
"National University of Ireland, Galway",Galway,32,38,GPE,
Australian Institute for Machine Learning,Australian Institute for Machine Learning,0,41,ORG,
Northern Kentucky University,Northern Kentucky University,0,28,ORG,
Rhode Island College,Rhode Island College,0,20,ORG,
San Francisco Conservatory of Music,San Francisco Conservatory of Music,0,35,ORG,
Coriell Institute for Medical Research,Coriell Institute for Medical Research,0,38,ORG,
University of Rochester Medical Center,University of Rochester Medical Center,0,38,ORG,
Gwynedd Mercy University,Gwynedd Mercy University,0,24,ORG,
Grand Rapids Community College,Grand Rapids Community College,0,30,ORG,
"University of California, Merced","University of California, Merced",0,32,ORG,
Hiram College,Hiram College,0,13,ORG,
Point Park University,Point Park University,0,21,ORG,
John Carroll University,John Carroll University,0,23,PERSON,
Lyon College,Lyon College,0,12,ORG,
Texas State Technical College,Texas State Technical College,0,29,ORG,
University of Northern Iowa,University of Northern Iowa,0,27,ORG,
Centre College,Centre College,0,14,ORG,
Davenport University,Davenport University,0,20,ORG,
Alabama A &amp; M University (AAMU),Alabama A &,0,11,ORG,
Alabama A &amp; M University (AAMU),M University,16,28,ORG,
University of New Mexico,University of New Mexico,0,24,ORG,
Houston Baptist University,Houston Baptist University,0,26,ORG,
Florida Agricultural &amp; Mechanical University,Florida Agricultural &,0,22,ORG,
Florida Agricultural &amp; Mechanical University,Mechanical University,27,48,ORG,
Houston Community College,Houston Community College,0,25,ORG,
Bauer College of Business,Bauer College of Business,0,25,ORG,
Fitchburg State University,Fitchburg State University,0,26,ORG,
Florida Polytechnic University,Florida Polytechnic University,0,30,ORG,
Whitman College,Whitman College,0,15,ORG,
Macomb Community College,Macomb Community College,0,24,ORG,
Wheaton College (Massachusetts),Wheaton College,0,15,ORG,
Wheaton College (Massachusetts),Massachusetts,17,30,GPE,
UC Berkeley College of Engineering,UC Berkeley College of Engineering,0,34,ORG,
Johnson &amp; Wales University,Johnson &,0,9,ORG,
Johnson &amp; Wales University,Wales University,14,30,ORG,
Benedict College,Benedict College,0,16,ORG,
University of Sussex,University of Sussex,0,20,ORG,
Dundalk Institute of Technology,Dundalk Institute of Technology,0,31,ORG,
Pensole Lewis College,Pensole Lewis College,0,21,ORG,
University of Birmingham,University of Birmingham,0,24,ORG,
Delaware State University,Delaware State University,0,25,ORG,
Rhode Island Department of Education,Rhode Island Department of Education,0,36,ORG,
Pittsburg Unified School District (PUSD),Pittsburg,0,9,GPE,
University of South Carolina,University of South Carolina,0,28,ORG,
Morehouse School of Medicine,Morehouse School of Medicine,0,28,ORG,
Craig Newmark Graduate School of Journalism,Craig Newmark,0,13,PERSON,
Craig Newmark Graduate School of Journalism,Graduate School of Journalism,14,43,ORG,
Calderdale College,Calderdale College,0,18,ORG,
Dillard University,Dillard University,0,18,ORG,
National University of Singapore,National University of Singapore,0,32,ORG,
Union College,Union College,0,13,ORG,
East Carolina University,East Carolina University,0,24,ORG,
Hartford Seminary,Hartford Seminary,0,17,PERSON,
Ventura College,Ventura College,0,15,ORG,
Kalamazoo College,Kalamazoo College,0,17,ORG,
Chaffey College,Chaffey College,0,15,ORG,
"University of Arkansas, Fort Smith",University of Arkansas,0,22,ORG,
"University of Arkansas, Fort Smith",Fort Smith,24,34,GPE,
Finger Lakes Community College,Finger Lakes Community College,0,30,ORG,
Lone Star College,Lone Star College,0,17,ORG,
Philander Smith College,Smith College,10,23,ORG,
Central Community College,Central Community College,0,25,ORG,
Loyola Marymount University,Loyola Marymount University,0,27,ORG,
Birmingham Southern College,Birmingham Southern College,0,27,ORG,
Pulaski Technical College,Pulaski Technical College,0,25,ORG,
Southwestern Oklahoma State University,Southwestern Oklahoma State University,0,38,ORG,
Lincoln Memorial University,Lincoln Memorial University,0,27,ORG,
Purdue University Northwest,Purdue University Northwest,0,27,ORG,
University of Miami,University of Miami,0,19,ORG,
Kongu Engineering College,Kongu Engineering College,0,25,ORG,
Springdales School,Springdales School,0,18,ORG,
"Westmoreland County Community College, Youngwood",Westmoreland County Community College,0,37,ORG,
"Westmoreland County Community College, Youngwood",Youngwood,39,48,GPE,
Holy Family University,Holy Family University,0,22,ORG,
Florida International University,Florida International University,0,32,ORG,
University of Minnesota College of Science and Engineering,University of Minnesota College of Science and Engineering,0,58,ORG,
Syracuse City School District,Syracuse City School District,0,29,ORG,
Mt. Hood Community College,Mt. Hood Community College,0,26,ORG,
Savannah Technical College,Savannah Technical College,0,26,ORG,
Baker University,Baker University,0,16,ORG,
University of Oklahoma - Health Sciences Center,University of Oklahoma - Health Sciences Center,0,47,ORG,
Shenzhen Scholar Education,Shenzhen Scholar Education,0,26,ORG,
William Carey University,William Carey University,0,24,PERSON,
University of Southern Indiana,University of Southern Indiana,0,30,ORG,
University of Otago,University of Otago,0,19,ORG,
Northeast Ohio Medical University,Northeast Ohio Medical University,0,33,ORG,
Saint Mary's University Halifax,Saint Mary's,0,12,PERSON,
Saint Mary's University Halifax,University Halifax,13,31,ORG,
University Of California San Diego School Of Medicine,University Of California San Diego School Of Medicine,0,53,ORG,
Loyola University New Orleans,Loyola University,0,17,ORG,
Loyola University New Orleans,New Orleans,18,29,GPE,
"University of Houston, Downtown",University of Houston,0,21,ORG,
Academy of Contemporary Music,Academy of Contemporary Music,0,29,ORG,
University of New South Wales,University of New South Wales,0,29,ORG,
Walsh University,Walsh University,0,16,ORG,
University of New Orleans,University of New Orleans,0,25,ORG,
Mount St Mary's University,St Mary's,6,15,ORG,
Harvard Business School,Harvard Business School,0,23,ORG,
Salisbury University,Salisbury University,0,20,ORG,
Guilford County Schools,Guilford County Schools,0,23,PERSON,
Utah State University,Utah State University,0,21,ORG,
Salt Lake Community College,Salt Lake Community College,0,27,ORG,
Priyadarshini Institute of Engineering and Technology,Priyadarshini Institute of Engineering and Technology,0,53,ORG,
Charles Sturt University,Charles Sturt University,0,24,ORG,
Trigg County Public Schools,Trigg County Public Schools,0,27,PERSON,
Cleveland Institute of Music,Cleveland Institute of Music,0,28,ORG,
Thomas Edison State University,Thomas Edison State University,0,30,PERSON,
Millikin University,Millikin University,0,19,ORG,
"York University, Canada",York University,0,15,ORG,
"York University, Canada",Canada,17,23,GPE,
Bowie State University,Bowie State University,0,22,ORG,
St. Mary's University,St. Mary's University,0,21,ORG,
Indian Institute of Information Technology and Management Gwalior,Indian Institute of Information Technology and Management Gwalior,0,65,ORG,
Berry College,Berry College,0,13,ORG,
Indiana University - Northwest,Indiana University - Northwest,0,30,ORG,
Arcadia University,Arcadia University,0,18,ORG,
University of Aberdeen,University of Aberdeen,0,22,ORG,
Hamline University,Hamline University,0,18,ORG,
Meridian Institute,Meridian Institute,0,18,ORG,
Elmhurst College,Elmhurst College,0,16,ORG,
University of Nebraska Medical Center,University of Nebraska Medical Center,0,37,ORG,
Kean University,Kean University,0,15,ORG,
Xavier University of Louisiana,Xavier University of Louisiana,0,30,ORG,
Centner Academy,Centner Academy,0,15,ORG,
North Central Texas College,North Central Texas College,0,27,ORG,
University of Dallas,University of Dallas,0,20,ORG,
Wellesley College,Wellesley College,0,17,ORG,
Lawrence Technological University,Lawrence Technological University,0,33,ORG,
Florida A&amp;M University – Florida State University College of Engineering,Florida A&amp;M University,0,26,ORG,
Florida A&amp;M University – Florida State University College of Engineering,Florida State University College of Engineering,29,76,ORG,
Gonzaga University,Gonzaga University,0,18,ORG,
Virginia Union University,Virginia Union University,0,25,ORG,
Green Fox Academy,Green Fox Academy,0,17,PERSON,
Ursuline College,Ursuline College,0,16,ORG,
Huntington University,Huntington University,0,21,ORG,
Cape Cod Community College,Cape Cod Community College,0,26,ORG,
University of Hawaii Cancer Center,University of Hawaii Cancer Center,0,34,ORG,
Campbellsville University,Campbellsville University,0,25,ORG,
Case Western Reserve University School of Medicine,Case Western Reserve University School of Medicine,0,50,ORG,
Augusta University,Augusta University,0,18,ORG,
National College of Art and Design,National College of Art and Design,0,34,ORG,
Boston University School of Medicine,Boston University School of Medicine,0,36,ORG,
The Institute for Research in Immunology and Cancer,The Institute for Research in Immunology and Cancer,0,51,ORG,
Ball State University,Ball State University,0,21,ORG,
Herne Hill School,Herne Hill School,0,17,ORG,
Integrated Translational Health Research Institute of Virginia (iTHRIV),Integrated Translational Health Research Institute,0,50,ORG,
Towson University,Towson University,0,17,ORG,
Delta College - University,Delta College - University,0,26,ORG,
Glasgow Caledonian University,Glasgow Caledonian University,0,29,ORG,
I3 Academy,I3 Academy,0,10,ORG,
Wright State University,Wright State University,0,23,ORG,
The University of Akron,The University of Akron,0,23,ORG,
Grand Valley State University,Grand Valley State University,0,29,ORG,
Rider University,Rider University,0,16,ORG,
Le Sallay International Academy,Le Sallay International Academy,0,31,ORG,
Tai Solarin University,Tai Solarin University,0,22,ORG,
Fisk University,Fisk University,0,15,ORG,
Damien Memorial School,Damien Memorial School,0,22,ORG,
Johns Hopkins Berman Institute of Bioethics,Johns Hopkins Berman Institute of Bioethics,0,43,ORG,
County College of Morris,County College of Morris,0,24,ORG,
The University of Texas at El Paso,The University of Texas,0,23,ORG,
The University of Texas at El Paso,El Paso,27,34,GPE,
"Arkansas State University, Jonesboro",Arkansas State University,0,25,ORG,
"Arkansas State University, Jonesboro",Jonesboro,27,36,GPE,
NorthWest Arkansas Community College,NorthWest Arkansas Community College,0,36,ORG,
Columbia Theological Seminary,Columbia,0,8,ORG,
Columbia Theological Seminary,Seminary,21,29,PERSON,
Moora Residential College,Moora Residential College,0,25,ORG,
Maryland Institute College of Art,Maryland Institute College of Art,0,33,ORG,
"Edmonds Community College, Lynnwood",Edmonds Community College,0,25,ORG,
ICS Learn,ICS Learn,0,9,ORG,
Walter Cronkite School of Journalism and Mass Communication,Walter Cronkite School of Journalism and Mass Communication,0,59,ORG,
Tennessee Tech University,Tennessee Tech University,0,25,ORG,
Fort Smith Public School,Fort Smith Public School,0,24,ORG,
Ac v,Ac,0,2,ORG,
International Institute for Nanotechnology,International Institute for Nanotechnology,0,42,ORG,
"University of California, Riverside","University of California, Riverside",0,35,ORG,
Austin Community College,Austin Community College,0,24,ORG,
Bristol Community College,Bristol Community College,0,25,ORG,
Keck Graduate Institute,Graduate Institute,5,23,ORG,
Assumption University,Assumption University,0,21,ORG,
UNC School of Medicine,UNC School of Medicine,0,22,ORG,
UNC Gillings School of Global Public Health,UNC Gillings School of Global Public Health,0,43,ORG,
Northern Michigan University,Northern Michigan University,0,28,ORG,
University of South Dakota,University of South Dakota,0,26,ORG,
Saint Bonaventure University,Saint Bonaventure University,0,28,ORG,
Lanka BPO Academy,Lanka BPO Academy,0,17,ORG,
Molloy College,Molloy College,0,14,ORG,
Tampa Catholic High School,Tampa Catholic High School,0,26,ORG,
Gannon University,Gannon University,0,17,ORG,
Bethel University,Bethel University,0,17,ORG,
Shenzhen International Foundation College,Shenzhen International Foundation College,0,41,ORG,
Villa Duchesne and Oak Hill School,Villa Duchesne,0,14,ORG,
Villa Duchesne and Oak Hill School,Oak Hill School,19,34,ORG,
"Mohawk Valley Community College, Utica Branch",Mohawk Valley Community College,0,31,ORG,
"Mohawk Valley Community College, Utica Branch",Utica Branch,33,45,ORG,
Manhattan College,Manhattan College,0,17,ORG,
Marshall B. Ketchum University,Marshall B. Ketchum University,0,30,PERSON,
University of La Verne,University of La Verne,0,22,ORG,
Nichols College,Nichols College,0,15,ORG,
Tougaloo College,Tougaloo College,0,16,ORG,
University of Evansville,University of Evansville,0,24,ORG,
Madison Area Technical College,Madison Area Technical College,0,30,ORG,
South Texas College,South Texas College,0,19,ORG,
Patrick Henry Community College,Patrick Henry Community College,0,31,ORG,
Idaho State University,Idaho State University,0,22,ORG,
Governors State University,Governors State University,0,26,ORG,
University of Latvia,University of Latvia,0,20,ORG,
Mount Wachusett Community College,Wachusett Community College,6,33,ORG,
Cincinnati State Technical and Community College,Cincinnati State Technical and Community College,0,48,ORG,
Santa Rosa Junior College,Santa Rosa Junior College,0,25,ORG,
Notre Dame College,Notre Dame College,0,18,ORG,
Bluegrass Community and Technical College,Bluegrass Community and Technical College,0,41,ORG,
Carnegie Mellon School of Computer Science,Carnegie Mellon School of Computer Science,0,42,ORG,
Bellevue University,Bellevue University,0,19,ORG,
Vincennes University Early College,Vincennes University Early College,0,34,ORG,
Carleton College,Carleton College,0,16,ORG,
Tuskegee University,Tuskegee University,0,19,ORG,
EuroKids International,EuroKids International,0,22,ORG,
Ranken Technical College,Ranken Technical College,0,24,ORG,
Southeastern Regional Vocational Technical High School,Southeastern Regional Vocational Technical High School,0,54,ORG,
Boston Architectural College,Boston Architectural College,0,28,ORG,
Western New England University,Western New England University,0,30,ORG,
Alvin Community College,Alvin Community College,0,23,ORG,
Texas State University,Texas State University,0,22,ORG,
"Black River Technical College, Pocahontas",Black River Technical College,0,29,ORG,
"Black River Technical College, Pocahontas",Pocahontas,31,41,ORG,
Dedan Kimathi University of Technology,Dedan Kimathi University of Technology,0,38,ORG,
Hope College - Holland,College - Holland,5,22,PERSON,
Community College of Baltimore County,Community College,0,17,ORG,
Community College of Baltimore County,Baltimore County,21,37,GPE,
UCLA School of Law,UCLA School of Law,0,18,ORG,
The Indiana CTSI,The Indiana CTSI,0,16,ORG,
Whitney's Academy,Whitney's Academy,0,17,ORG,
"Pennsylvania College of Technology, Williamsport",Pennsylvania College of Technology,0,34,ORG,
"Pennsylvania College of Technology, Williamsport",Williamsport,36,48,ORG,
Yangon Technological University (Y.T.U.),Yangon Technological University,0,31,ORG,
Western Kentucky University,Western Kentucky University,0,27,ORG,
"Alamance Community College, Graham",Alamance Community College,0,26,ORG,
"Alamance Community College, Graham",Graham,28,34,PERSON,
"Holyoke Community College, Holyoke",Holyoke Community College,0,25,ORG,
St. Joseph’s Academy,St. Joseph’s Academy,0,20,PERSON,
Charles R Drew University of Medicine and Science,Charles R Drew University of Medicine and Science,0,49,ORG,
Saint Cloud Technical &amp; Community College,Saint Cloud Technical &,0,23,ORG,
Saint Cloud Technical &amp; Community College,Community College,28,45,ORG,
"Cossatot Community College of the University of Arkansas, De Queen",Cossatot Community College,0,26,ORG,
"Cossatot Community College of the University of Arkansas, De Queen",the University of Arkansas,30,56,ORG,
"Cossatot Community College of the University of Arkansas, De Queen",De Queen,58,66,PERSON,
University of Botswana,University of Botswana,0,22,ORG,
North Dakota State University,North Dakota State University,0,29,ORG,
"University of Houston, Clear Lake","University of Houston, Clear Lake",0,33,ORG,
Ashland University,Ashland University,0,18,ORG,
Plymouth State University,Plymouth State University,0,25,ORG,
NSW Department of Education and Communities,NSW Department of Education,0,27,ORG,
NSW Department of Education and Communities,Communities,32,43,ORG,
Allen Institute for Artificial Intelligence,Allen Institute for Artificial Intelligence,0,43,ORG,
Villanova University School of Law,Villanova University School of Law,0,34,ORG,
Northcentral Technical College,Northcentral Technical College,0,30,ORG,
Fox Valley Technical College,Fox Valley Technical College,0,28,ORG,
University of Rio Grande,University of Rio Grande,0,24,ORG,
Cornell Tech,Cornell Tech,0,12,ORG,
Texas Southern University,Texas Southern University,0,25,ORG,
Roses in Concrete Community School,Concrete Community School,9,34,ORG,
Lake–Sumter State College,Sumter State College,5,25,ORG,
Felician College,Felician College,0,16,ORG,
Leeds Beckett University,Leeds Beckett University,0,24,ORG,
Rivier University,Rivier University,0,17,ORG,
Clarke International University (CIU),Clarke International University,0,31,ORG,
Clarke International University (CIU),CIU,33,36,ORG,
Wofford College,Wofford College,0,15,ORG,
SUNY Polytechnic Institute,SUNY Polytechnic Institute,0,26,ORG,
"Collin County Community College, Courtyard Center",Collin County Community College,0,31,ORG,
University of Wisconsin–Superior,University of Wisconsin–Superior,0,32,ORG,
Long Beach City College,Long Beach City College,0,23,GPE,
LSU School of Veterinary Medicine,LSU School of Veterinary Medicine,0,33,ORG,
"University of Missouri, Kansas City",University of Missouri,0,22,ORG,
"University of Missouri, Kansas City",Kansas City,24,35,GPE,
University of Calabar,University of Calabar,0,21,ORG,
University of Puerto Rico-Río Piedras,University of Puerto Rico-Río Piedras,0,37,ORG,
Pitzer College,Pitzer College,0,14,ORG,
"Monroe Community College, Brighton",Monroe Community College,0,24,ORG,
"Monroe Community College, Brighton",Brighton,26,34,GPE,
Penn Foster,Penn Foster,0,11,PERSON,
Imagine Montessori School,Imagine Montessori School,0,25,ORG,
University at Albany,University at Albany,0,20,ORG,
Washington and Lee University,Washington,0,10,GPE,
Washington and Lee University,Lee University,15,29,ORG,
Seminole State College of Florida,Seminole State College,0,22,ORG,
Seminole State College of Florida,Florida,26,33,GPE,
Western Piedmont Community College,Western Piedmont Community College,0,34,ORG,
University of Washington Bothell,University of Washington Bothell,0,32,ORG,
Rutgers School of Health Professions,Rutgers School of Health Professions,0,36,ORG,
Bard High School Early College,Bard High School Early College,0,30,ORG,
University of Victoria,University of Victoria,0,22,ORG,
Michigan Engineering,Michigan Engineering,0,20,ORG,
Drexel Schools,Drexel,0,6,ORG,
Delgado Community College,Delgado Community College,0,25,ORG,
New York Medical College,New York Medical College,0,24,ORG,
Quincy College,Quincy College,0,14,PERSON,
ThePower Business School,ThePower Business School,0,24,ORG,
Georgetown College,Georgetown College,0,18,ORG,
Mount Mary College,Mary College,6,18,PERSON,
Arkansas State University,Arkansas State University,0,25,ORG,
BridgeValley Community and Technical College (BVCTC),BridgeValley Community and Technical College,0,44,ORG,
Computer Science University of Maryland,Computer Science University of Maryland,0,39,ORG,
The University of Illinois Chicago’s College of Liberal Arts and Sciences,The University of Illinois Chicago’s,0,36,ORG,
The University of Illinois Chicago’s College of Liberal Arts and Sciences,College of Liberal Arts,37,60,ORG,
Maine Maritime Academy,Maine Maritime Academy,0,22,ORG,
Indiana University Foundation,Indiana University Foundation,0,29,ORG,
Bryn Mawr College,Bryn Mawr College,0,17,ORG,
The University of Texas Rio Grande Valley,The University of Texas Rio Grande Valley,0,41,ORG,
"Dún Laoghaire Institute of Art, Design and Technology","Dún Laoghaire Institute of Art, Design and Technology",0,53,ORG,
Cornell University,Cornell University,0,18,ORG,
Boston Institute of Finance,Boston Institute of Finance,0,27,ORG,
Atlantic Veterinary College,Atlantic Veterinary College,0,27,ORG,
Massachusetts Maritime Academy,Massachusetts Maritime Academy,0,30,ORG,
Clackamas Community College,Clackamas Community College,0,27,ORG,
Norwich University Applied Research Institutes,Norwich University Applied Research Institutes,0,46,ORG,
University of Arkansas - Pulaski Technical College,University of Arkansas - Pulaski Technical College,0,50,ORG,
Santa Fe ISD,Santa Fe ISD,0,12,ORG,
"Arkansas State University, Mountain Home",Arkansas State University,0,25,ORG,
Cornell University College of Veterinary Medicine,Cornell University College of Veterinary Medicine,0,49,ORG,
Alcorn State University,Alcorn State University,0,23,ORG,
Lamar Institute of Technology,Lamar Institute of Technology,0,29,ORG,
Samford University's Ida Moffett School of Nursing,Samford University's,0,20,ORG,
Samford University's Ida Moffett School of Nursing,Ida Moffett School of Nursing,21,50,ORG,
Madison Park Technical Vocational High School,Madison Park Technical Vocational High School,0,45,ORG,
Saint Joseph Seminary College,Saint Joseph Seminary College,0,29,PERSON,
Federal University of Technology Owerri,Federal University of Technology Owerri,0,39,ORG,
Wilberforce University,Wilberforce University,0,22,ORG,
NUI Galway,NUI,0,3,ORG,
Craven Community College,Craven Community College,0,24,ORG,
Presbyterian College,Presbyterian College,0,20,ORG,
WCC Aeronautical and Technological College,WCC Aeronautical,0,16,ORG,
WCC Aeronautical and Technological College,Technological College,21,42,ORG,
University of San Francisco,University of San Francisco,0,27,ORG,
IRYS School of Technology &amp; Trades,IRYS School of Technology &,0,27,ORG,
IRYS School of Technology &amp; Trades,Trades,32,38,ORG,
Stephen F Austin State University,Stephen F Austin State University,0,33,PERSON,
OAK'S LAB ACADEMY,OAK'S LAB ACADEMY,0,17,ORG,
Tallahassee Community College,Tallahassee Community College,0,29,ORG,
Gloucester High School,Gloucester High School,0,22,ORG,
Texas Woman's University,Texas Woman's,0,13,ORG,
UNC Hussman School of Journalism and Media,UNC Hussman School of Journalism,0,32,ORG,
Center for Research and Education in Advanced Transportation Engineering Systems,Center for Research and Education,0,33,ORG,
Center for Research and Education in Advanced Transportation Engineering Systems,Advanced Transportation Engineering Systems,37,80,ORG,
Becker College,Becker College,0,14,ORG,
"University of Saint Francis, Ft Wayne",University of Saint Francis,0,27,ORG,
"University of Saint Francis, Ft Wayne",Ft Wayne,29,37,PERSON,
Amity University,Amity University,0,16,ORG,
American Association of Colleges &amp; Universities,American Association of Colleges &,0,34,ORG,
Mid-America Christian University,Mid-America Christian University,0,32,ORG,
Washtenaw Intermediate School District,Washtenaw Intermediate School District,0,38,ORG,
"Independent University, Bangladesh",Independent University,0,22,ORG,
"Independent University, Bangladesh",Bangladesh,24,34,GPE,
Norfolk County Agricultural High School,Norfolk County Agricultural High School,0,39,ORG,
School of Advertising Art Inc,School of Advertising Art Inc,0,29,ORG,
University of Oxford,University of Oxford,0,20,ORG,
Cerritos College,Cerritos College,0,16,ORG,
Cuyamaca College,Cuyamaca College,0,16,ORG,
"Grossmont College, El Cajon",Grossmont College,0,17,ORG,
"Grossmont College, El Cajon",El Cajon,19,27,GPE,
Dixie State University,Dixie State University,0,22,ORG,
Coastline Community College,Coastline Community College,0,27,ORG,
Sydney School of Entrepreneurship,Sydney School of Entrepreneurship,0,33,ORG,
Essex North Shore Agricultural and Technical High School,Essex North Shore Agricultural and Technical High School,0,56,ORG,
South Arkansas Community College,South Arkansas Community College,0,32,ORG,
Relationship Coffee Institute,Relationship Coffee Institute,0,29,ORG,
Universidad Americana UAM,Universidad Americana UAM,0,25,ORG,
Barnett Bicycle Institute,Barnett Bicycle Institute,0,25,ORG,
State Center Community College,State Center Community College,0,30,ORG,
Piedmont Technical College,Piedmont Technical College,0,26,ORG,
Alfred University,Alfred University,0,17,ORG,
Kalamazoo RESA,Kalamazoo RESA,0,14,ORG,
University of Gujrat,University of Gujrat,0,20,ORG,
Edison State Community College,Edison State Community College,0,30,ORG,
University of Southern Maine,University of Southern Maine,0,28,ORG,
Global University Systems,Global University Systems,0,25,ORG,
San Jacinto College,San Jacinto College,0,19,ORG,
Bloomfield College,Bloomfield College,0,18,ORG,
Joe Foss Institute,Joe Foss Institute,0,18,PERSON,
University of Zurich,University of Zurich,0,20,ORG,
Whatcom Community College,Whatcom Community College,0,25,ORG,
Berlitz Corporation,Berlitz Corporation,0,19,ORG,
Future School of Fort Smith,Future School of Fort Smith,0,27,ORG,
UCLA Engineering,UCLA Engineering,0,16,ORG,
Jenner Institute,Jenner Institute,0,16,ORG,
Nanyang Technological University,Nanyang Technological University,0,32,ORG,
Rose State College,Rose State College,0,18,ORG,
Fraunhofer Institute for Solar Energy Systems,Fraunhofer Institute for Solar Energy Systems,0,45,ORG,
Florey Institute of Neuroscience &amp; Mental Health,Florey Institute of Neuroscience &,0,34,ORG,
Dean College,Dean College,0,12,ORG,
Lekki Peninsula Affordable Schools,Lekki,0,5,GPE,
Lekki Peninsula Affordable Schools,Peninsula Affordable Schools,6,34,PERSON,
Puzzle Box Academy,Puzzle Box Academy,0,18,ORG,
Jesuit High School of Tampa,Jesuit High School of Tampa,0,27,ORG,
Ngee Ann Polytechnic,Ngee Ann Polytechnic,0,20,PERSON,
Project Management Institute,Project Management Institute,0,28,ORG,
Brooke Charter Schools,Brooke Charter Schools,0,22,PERSON,
National Security Research Institute (NSRI),National Security Research Institute,0,36,ORG,
Ouachita Baptist University,Ouachita Baptist University,0,27,ORG,
Natural Resources Institute,Natural Resources Institute,0,27,ORG,
"Southeast Kentucky Community and Technical College, Cumberland",Southeast Kentucky Community and Technical College,0,50,ORG,
"Southeast Kentucky Community and Technical College, Cumberland",Cumberland,52,62,GPE,
Metropolitan Community College,Metropolitan Community College,0,30,ORG,
Learning Care Group,Learning Care Group,0,19,ORG,
Northeast Mississippi Community College,Northeast Mississippi Community College,0,39,ORG,
Royal College of Art,Royal College of Art,0,20,ORG,
Visvesvaraya Technological University,Visvesvaraya Technological University,0,37,ORG,
Connecticut Center for Arts and Technology (ConnCAT),Connecticut Center for Arts and Technology,0,42,ORG,
ETH Zurich,ETH Zurich,0,10,PERSON,
Franklin Scholars,Franklin Scholars,0,17,PERSON,
North Park University,North Park University,0,21,ORG,
Hill University Review,Hill University Review,0,22,ORG,
"Northampton Community College, Bethlehem",Northampton Community College,0,29,ORG,
"Northampton Community College, Bethlehem",Bethlehem,31,40,ORG,
"Brazosport College, Lake Jackson",Brazosport College,0,18,ORG,
"Brazosport College, Lake Jackson",Lake Jackson,20,32,PERSON,
Animal Behavior College,Animal Behavior College,0,23,ORG,
QC Maker Education,QC Maker Education,0,18,ORG,
Saint Peter's University,Saint Peter's,0,13,PERSON,
Thomas College,Thomas College,0,14,PERSON,
West Virginia University School of Medicine,West Virginia University School of Medicine,0,43,ORG,
Institute for Emerging Issues,Institute for Emerging Issues,0,29,ORG,
University of Maryland School of Nursing,University of Maryland School of Nursing,0,40,ORG,
Southern University at New Orleans,Southern University,0,19,ORG,
Southern University at New Orleans,New Orleans,23,34,GPE,
Georgia Southern University,Georgia Southern University,0,27,ORG,
North Arkansas College,North Arkansas College,0,22,ORG,
Forsyth Technical Community College,Forsyth Technical Community College,0,35,ORG,
British College of Professional Management,British College of Professional Management,0,42,ORG,
CQUniversity,CQUniversity,0,12,ORG,
Purdue University Fort Wayne,Purdue University Fort Wayne,0,28,ORG,
Baystate Academy Charter Public School,Baystate Academy Charter Public School,0,38,ORG,
John D. O'Bryant School of Mathematics and Science,John D. O'Bryant School of Mathematics and Science,0,50,PERSON,
Bay Path College,Bay Path College,0,16,ORG,
Winthrop Rockefeller Institute,Winthrop Rockefeller Institute,0,30,ORG,
Zhejiang University,Zhejiang University,0,19,ORG,
Westfield State University,Westfield State University,0,26,ORG,
Jamia Millia Islamia,Jamia Millia Islamia,0,20,ORG,
Tunxis Community College,Tunxis Community College,0,24,ORG,
Michigan College Access Network (MCAN),Michigan College Access Network,0,31,ORG,
The Juilliard School,The Juilliard School,0,20,ORG,
Indian Institute of Technology Delhi,Indian Institute of Technology Delhi,0,36,ORG,
University of Pittsburgh - School of Engineering,University of Pittsburgh - School of Engineering,0,48,ORG,
Diman Regional Technical Institute,Diman Regional Technical Institute,0,34,ORG,
Dhaka College,Dhaka College,0,13,ORG,
College for Technical Education,College for Technical Education,0,31,ORG,
"Hariri Institute, Boston University",Hariri Institute,0,16,ORG,
"Hariri Institute, Boston University",Boston University,18,35,ORG,
Manav Rachna International Institute Of Research And Studies,Manav Rachna International Institute Of Research And Studies,0,60,ORG,
Somerset Community College,Somerset Community College,0,26,ORG,
Stanford Graduate School of Business,Stanford Graduate School of Business,0,36,ORG,
The University of Texas of the Permian Basin,The University of Texas,0,23,ORG,
The University of Texas of the Permian Basin,the Permian Basin,27,44,LOC,
University of Wisconsin-Platteville,University of Wisconsin-Platteville,0,35,ORG,
University of Ghana,University of Ghana,0,19,ORG,
Whittier Regional Vocational Technical High School,Whittier Regional Vocational Technical High School,0,50,ORG,
Shawsheen Valley Regional Vocational Technical School,Shawsheen Valley Regional Vocational Technical School,0,53,ORG,
Lorain County Community College,Lorain County Community College,0,31,ORG,
MIT - Sloan School of Management,MIT - Sloan School of Management,0,32,ORG,
University of Melbourne,University of Melbourne,0,23,ORG,
Institute for Integrative Nutrition,Institute for Integrative Nutrition,0,35,ORG,
"St. Xavier's College, Kolkata",St. Xavier's,0,12,ORG,
Blue Valley School District,Blue Valley School District,0,27,ORG,
North Shore Community College,North Shore Community College,0,29,ORG,
Lake County Schools,Lake County Schools,0,19,FAC,
Cambridge University Press,Cambridge University Press,0,26,ORG,
University of Arizona Cancer Center,University of Arizona Cancer Center,0,35,ORG,
The Aspen Institute,The Aspen Institute,0,19,ORG,
American Institute of Holistic Theology,American Institute of Holistic Theology,0,39,ORG,
"Birla Institute of Technology and Science, Pilani",Birla Institute of Technology and,0,33,ORG,
National Technical Institute for the Deaf,National Technical Institute,0,28,ORG,
FIAP,FIAP,0,4,ORG,
Brunswick Community College,Brunswick Community College,0,27,ORG,
Misericordia University,Misericordia University,0,23,ORG,
Menlo College,Menlo College,0,13,ORG,
Western Governors University,Western Governors University,0,28,ORG,
Mayland Community College,Mayland Community College,0,25,ORG,
Columbia Business School,Columbia Business School,0,24,ORG,
Arkansas State University-Beebe,Arkansas State University-Beebe,0,31,ORG,
Goodrich Academy,Goodrich Academy,0,16,ORG,
Alternative Medical Council Calcutta,Alternative Medical Council Calcutta,0,36,ORG,
Pace University Energy &amp; Climate Center,Pace University Energy &,0,24,ORG,
Pace University Energy &amp; Climate Center,Climate Center,29,43,ORG,
Bristol-Plymouth Regional Technical High School,Bristol-Plymouth Regional Technical High School,0,47,ORG,
Western Michigan University Homer Stryker M.D. School of Medicine,Western Michigan University Homer Stryker M.D. School of Medicine,0,65,ORG,
United States Navy,United States Navy,0,18,ORG,
Children's University (CU Trust),Children's University (CU Trust,0,31,ORG,
Monash University,Monash University,0,17,ORG,
BCN SCHOOL,BCN,0,3,ORG,
NACE Schools,NACE Schools,0,12,PERSON,
SI-UK,SI-UK,0,5,ORG,
GLA University,GLA University,0,14,ORG,
UMass Law,UMass Law,0,9,ORG,
Meltwater Entrepreneurial School of Technology (MEST),Meltwater Entrepreneurial School of Technology,0,46,ORG,
Meltwater Entrepreneurial School of Technology (MEST),MEST,48,52,ORG,
Aberystwyth University,Aberystwyth University,0,22,ORG,
Collective Academy,Collective Academy,0,18,ORG,
Heriot-Watt University,Heriot-Watt University,0,22,ORG,
Berkshire Community College,Berkshire Community College,0,27,ORG,
McKendree University,McKendree University,0,20,ORG,
Indian Institute of Technology Bombay (IIT),Indian Institute of Technology Bombay,0,37,ORG,
Indian Institute of Technology Bombay (IIT),IIT,39,42,ORG,
University of California Davis,University of California Davis,0,30,ORG,
University of North Carolina at Wilmington,University of North Carolina,0,28,ORG,
University of North Carolina at Wilmington,Wilmington,32,42,GPE,
UAB School of Nursing,UAB School of Nursing,0,21,ORG,
Bestlink College of the Philippines,Bestlink College,0,16,ORG,
Bestlink College of the Philippines,Philippines,24,35,GPE,
Kansas City University of Medicine and Biosciences,Kansas City University of Medicine and Biosciences,0,50,ORG,
University of Cape Town,University of Cape Town,0,23,ORG,
James Madison University,James Madison University,0,24,PERSON,
University of San Carlos,University of San Carlos,0,24,ORG,
Delhi Public School Society,Delhi Public School Society,0,27,ORG,
The University of Alabama School of Social Work,The University of Alabama School of Social Work,0,47,ORG,
Department of Veterinary Medicine,Department of Veterinary Medicine,0,33,ORG,
Institut Seni Indonesia Yogyakarta,Indonesia,14,23,GPE,
Institut Seni Indonesia Yogyakarta,Yogyakarta,24,34,GPE,
University of Hawaii College of Engineering,University of Hawaii College of Engineering,0,43,ORG,
Global Learning Charter Public School,Global Learning Charter Public School,0,37,WORK_OF_ART,
Cambridge Rindge and Latin School,Cambridge Rindge,0,16,ORG,
Cambridge Rindge and Latin School,Latin School,21,33,ORG,
Thapar University,Thapar University,0,17,ORG,
Middlesex University,Middlesex University,0,20,ORG,
McMaster University,McMaster University,0,19,ORG,
Prospect Hill Academy Charter School,Prospect Hill Academy Charter School,0,36,ORG,
Malone Central School District,Malone Central School District,0,30,ORG,
ACCA,ACCA,0,4,ORG,
MacMillan Academy,MacMillan Academy,0,17,ORG,
UNIVELCITY,UNIVELCITY,0,10,ORG,
"Cestar College of Business, Health and Technology","Cestar College of Business, Health and Technology",0,49,ORG,
"UC Berkeley, Haas Business School",UC Berkeley,0,11,ORG,
"UC Berkeley, Haas Business School",Haas Business School,13,33,ORG,
Minuteman High School,Minuteman High School,0,21,ORG,
UNIVERSITY OF NEWCASTLE USA,UNIVERSITY OF NEWCASTLE USA,0,27,ORG,
University of Rome TRE,University of Rome,0,18,ORG,
