Text,Token,Count,Freq,Length,Lemma,PoS,Tag,Dep,Shape,Sentiment
cs@flipkart.com,cs@flipkart.com,1,1,15,cs@flipkart.com,X,ADD,ROOT,xx@xxxx.xxx,0.0
ventures@latitud.com,ventures@latitud.com,1,1,20,ventures@latitud.com,X,ADD,ROOT,xxxx@xxxx.xxx,0.0
admissions@mit.edu,admissions@mit.edu,1,1,18,admissions@mit.edu,INTJ,UH,ROOT,xxxx@xxx.xxx,0.0
help@nexford.org,help@nexford.org,1,1,16,help@nexford.org,NUM,CD,ROOT,xxxx@xxxx.xxx,0.0
umsocial@umich.edu,umsocial@umich.edu,1,1,18,umsocial@umich.edu,NUM,CD,ROOT,xxxx@xxxx.xxx,0.0
webmaster@berkeley.edu,webmaster@berkeley.edu,1,1,22,webmaster@berkeley.edu,NOUN,NN,ROOT,xxxx@xxxx.xxx,0.0
otd@harvard.edu,otd@harvard.edu,1,1,15,otd@harvard.edu,NOUN,NN,ROOT,xxx@xxxx.xxx,0.0
michael@subject.com,michael@subject.com,1,1,19,michael@subject.com,X,ADD,ROOT,xxxx@xxxx.xxx,0.0
info@msche.org,info@msche.org,1,1,14,info@msche.org,NUM,CD,ROOT,xxxx@xxxx.xxx,0.0
pr@myntra.com,pr@myntra.com,1,1,13,pr@myntra.com,X,ADD,ROOT,xx@xxxx.xxx,0.0
news@northwestern.edu,news@northwestern.edu,1,1,21,news@northwestern.edu,X,ADD,ROOT,xxxx@xxxx.xxx,0.0
employee.services@yale.edu,employee.services@yale.edu,1,1,26,employee.services@yale.edu,NOUN,NNS,ROOT,xxxx.xxxx@xxxx.xxx,0.0
dukenews@duke.edu,dukenews@duke.edu,1,1,17,dukenews@duke.edu,NUM,CD,ROOT,xxxx@xxxx.xxx,0.0
hello@openclassrooms.com,hello@openclassrooms.com,1,1,24,hello@openclassrooms.com,X,ADD,ROOT,xxxx@xxxx.xxx,0.0
hello@generalassemb.ly,hello@generalassemb.ly,1,1,22,hello@generalassemb.ly,NOUN,NN,ROOT,xxxx@xxxx.xx,0.0
Johrenk7@gmail.com,Johrenk7@gmail.com,1,1,18,johrenk7@gmail.com,X,ADD,ROOT,Xxxxxd@xxxx.xxx,0.0
ecorrin@mednet.ucla.edu,ecorrin@mednet.ucla.edu,1,1,23,ecorrin@mednet.ucla.edu,NOUN,NN,ROOT,xxxx@xxxx.xxxx.xxx,0.0
rahulsaxena@gatech.edu,rahulsaxena@gatech.edu,1,1,22,rahulsaxena@gatech.edu,VERB,VB,ROOT,xxxx@xxxx.xxx,0.0
nexsci@ipac.caltech.edu,nexsci@ipac.caltech.edu,1,1,23,nexsci@ipac.caltech.edu,NOUN,NN,ROOT,xxxx@xxxx.xxxx.xxx,0.0
socialmedia@ucsf.edu,socialmedia@ucsf.edu,1,1,20,socialmedia@ucsf.edu,VERB,VB,ROOT,xxxx@xxxx.xxx,0.0
digital@babson.edu,digital@babson.edu,1,1,18,digital@babson.edu,VERB,VB,ROOT,xxxx@xxxx.xxx,0.0
webmaster@cs.brown.edu,webmaster@cs.brown.edu,1,1,22,webmaster@cs.brown.edu,SPACE,_SP,ROOT,xxxx@xx.xxxx.xxx,0.0
learning@corporatefinanceinstitute.com,learning@corporatefinanceinstitute.com,1,1,38,learning@corporatefinanceinstitute.com,X,ADD,ROOT,xxxx@xxxx.xxx,0.0
hi@ironhack.com,hi@ironhack.com,1,1,15,hi@ironhack.com,X,ADD,ROOT,xx@xxxx.xxx,0.0
mdcinfo@mdc.edu,mdcinfo@mdc.edu,1,1,15,mdcinfo@mdc.edu,PRON,PRP,ROOT,xxxx@xxx.xxx,0.0
comments@uams.edu,comments@uams.edu,1,1,17,comments@uams.edu,X,ADD,ROOT,xxxx@xxxx.xxx,0.0
public@tx.technion.ac.il,public@tx.technion.ac.il,1,1,24,public@tx.technion.ac.il,NOUN,NNS,ROOT,xxxx@xx.xxxx.xx.xx,0.0
emailum@umd.edu,emailum@umd.edu,1,1,15,emailum@umd.edu,SPACE,_SP,ROOT,xxxx@xxx.xxx,0.0
helpdesk@ccny.cuny.edu,helpdesk@ccny.cuny.edu,1,1,22,helpdesk@ccny.cuny.edu,NOUN,NN,ROOT,xxxx@xxxx.xxxx.xxx,0.0
chat@ualberta.ca,chat@ualberta.ca,1,1,16,chat@ualberta.ca,NOUN,NN,ROOT,xxxx@xxxx.xx,0.0
info@wethinkcode.co.za,info@wethinkcode.co.za,1,1,22,info@wethinkcode.co.za,ADV,RB,ROOT,xxxx@xxxx.xx.xx,0.0
uwcei@uw.edu,uwcei@uw.edu,1,1,12,uwcei@uw.edu,SPACE,_SP,ROOT,xxxx@xx.xxx,0.0
socialmedia@howard.edu,socialmedia@howard.edu,1,1,22,socialmedia@howard.edu,NUM,CD,ROOT,xxxx@xxxx.xxx,0.0
infocenter@uchicago.edu,infocenter@uchicago.edu,1,1,23,infocenter@uchicago.edu,X,ADD,ROOT,xxxx@xxxx.xxx,0.0
admissions@cam.ac.uk,admissions@cam.ac.uk,1,1,20,admissions@cam.ac.uk,SPACE,_SP,ROOT,xxxx@xxx.xx.xx,0.0
admissions@illinois.edu,admissions@illinois.edu,1,1,23,admissions@illinois.edu,X,ADD,ROOT,xxxx@xxxx.xxx,0.0
cd8@nyu.edu,cd8@nyu.edu,1,1,11,cd8@nyu.edu,NOUN,NNS,ROOT,xxd@xxx.xxx,0.0
socialmedia@gemseducation.com,socialmedia@gemseducation.com,1,1,29,socialmedia@gemseducation.com,X,ADD,ROOT,xxxx@xxxx.xxx,0.0
contact@dartmouth.edu,contact@dartmouth.edu,1,1,21,contact@dartmouth.edu,NOUN,NNS,ROOT,xxxx@xxxx.xxx,0.0
case-news@case.edu,case-news@case.edu,1,1,18,case-news@case.edu,NOUN,NNS,ROOT,xxxx-xxxx@xxxx.xxx,0.0
webmaster@newark.ohio-state.edu,webmaster@newark.ohio-state.edu,1,1,31,webmaster@newark.ohio-state.edu,NOUN,NN,ROOT,xxxx@xxxx.xxxx-xxxx.xxx,0.0
technews@purdue.edu,technews@purdue.edu,1,1,19,technews@purdue.edu,PUNCT,.,ROOT,xxxx@xxxx.xxx,0.0
pusocialmedia@princeton.edu,pusocialmedia@princeton.edu,1,1,27,pusocialmedia@princeton.edu,X,ADD,ROOT,xxxx@xxxx.xxx,0.0
info@flatironschool.com,info@flatironschool.com,1,1,23,info@flatironschool.com,X,ADD,ROOT,xxxx@xxxx.xxx,0.0
admissions@neu.edu,admissions@neu.edu,1,1,18,admissions@neu.edu,PROPN,NNP,ROOT,xxxx@xxx.xxx,0.0
cprit@cprit.state.tx.us,cprit@cprit.state.tx.us,1,1,23,cprit@cprit.state.tx.us,PROPN,NNP,ROOT,xxxx@xxxx.xxxx.xx.xx,0.0
contact@holbertonschool.com,contact@holbertonschool.com,1,1,27,contact@holbertonschool.com,X,ADD,ROOT,xxxx@xxxx.xxx,0.0
info@drexel.com,info@drexel.com,1,1,15,info@drexel.com,X,ADD,ROOT,xxxx@xxxx.xxx,0.0
pila@email.arizona.edu,pila@email.arizona.edu,1,1,22,pila@email.arizona.edu,NOUN,NN,ROOT,xxxx@xxxx.xxxx.xxx,0.0
admissions@quantic.edu,admissions@quantic.edu,1,1,22,admissions@quantic.edu,X,ADD,ROOT,xxxx@xxxx.xxx,0.0
enquiries@essex.ac.uk,enquiries@essex.ac.uk,1,1,21,enquiries@essex.ac.uk,VERB,VB,ROOT,xxxx@xxxx.xx.xx,0.0
admission@emory.edu,admission@emory.edu,1,1,19,admission@emory.edu,X,ADD,ROOT,xxxx@xxxx.xxx,0.0
kiei@kellogg.northwestern.edu,kiei@kellogg.northwestern.edu,1,1,29,kiei@kellogg.northwestern.edu,NUM,CD,ROOT,xxxx@xxxx.xxxx.xxx,0.0
burfitt@scripps.edu,burfitt@scripps.edu,1,1,19,burfitt@scripps.edu,X,ADD,ROOT,xxxx@xxxx.xxx,0.0
support@wharton.upenn.edu,support@wharton.upenn.edu,1,1,25,support@wharton.upenn.edu,VERB,VB,ROOT,xxxx@xxxx.xxxx.xxx,0.0
support@med.cornell.edu,support@med.cornell.edu,1,1,23,support@med.cornell.edu,PROPN,NNP,ROOT,xxxx@xxx.xxxx.xxx,0.0
info@su.org,info@su.org,1,1,11,info@su.org,VERB,VB,ROOT,xxxx@xx.xxx,0.0
ellie@digitalmarketinginstitute.com,ellie@digitalmarketinginstitute.com,1,1,35,ellie@digitalmarketinginstitute.com,X,ADD,ROOT,xxxx@xxxx.xxx,0.0
cdowe@sgu.edu,cdowe@sgu.edu,1,1,13,cdowe@sgu.edu,VERB,VB,ROOT,xxxx@xxx.xxx,0.0
info@kcl.ac.uk,info@kcl.ac.uk,1,1,14,info@kcl.ac.uk,SPACE,_SP,ROOT,xxxx@xxx.xx.xx,0.0
webmaster@uthsc.edu,webmaster@uthsc.edu,1,1,19,webmaster@uthsc.edu,X,LS,ROOT,xxxx@xxxx.xxx,0.0
reachiitm@gmail.com,reachiitm@gmail.com,1,1,19,reachiitm@gmail.com,X,ADD,ROOT,xxxx@xxxx.xxx,0.0
acadreg@mcw.edu,acadreg@mcw.edu,1,1,15,acadreg@mcw.edu,VERB,VB,ROOT,xxxx@xxx.xxx,0.0
international@nd.edu,international@nd.edu,1,1,20,international@nd.edu,VERB,VBZ,ROOT,xxxx@xx.xxx,0.0
socialmedia@asu.edu,socialmedia@asu.edu,1,1,19,socialmedia@asu.edu,X,XX,ROOT,xxxx@xxx.xxx,0.0
info@admissions.upenn.edu,info@admissions.upenn.edu,1,1,25,info@admissions.upenn.edu,NOUN,NN,ROOT,xxxx@xxxx.xxxx.xxx,0.0
info@africanleadershipacademy.com,info@africanleadershipacademy.com,1,1,33,info@africanleadershipacademy.com,X,ADD,ROOT,xxxx@xxxx.xxx,0.0
admissions@ucc.ie,admissions@ucc.ie,1,1,17,admissions@ucc.ie,INTJ,UH,ROOT,xxxx@xxx.xx,0.0
hello@utexas.edu,hello@utexas.edu,1,2,16,hello@utexas.edu,NOUN,NNS,ROOT,xxxx@xxxx.xxx,0.0
maths.info@lse.ac.uk,maths.info@lse.ac.uk,1,1,20,maths.info@lse.ac.uk,VERB,VB,ROOT,xxxx.xxxx@xxx.xx.xx,0.0
its-helpdesk@uiowa.edu,its-helpdesk@uiowa.edu,1,1,22,its-helpdesk@uiowa.edu,VERB,VB,ROOT,xxx-xxxx@xxxx.xxx,0.0
webmaster@chaminade.edu,webmaster@chaminade.edu,1,1,23,webmaster@chaminade.edu,NUM,CD,ROOT,xxxx@xxxx.xxx,0.0
tabin@genetics.med.harvard.edu,tabin@genetics.med.harvard.edu,1,1,30,tabin@genetics.med.harvard.edu,ADV,RBS,ROOT,xxxx@xxxx.xxx.xxxx.xxx,0.0
abuse@ucsd.edu,abuse@ucsd.edu,1,1,14,abuse@ucsd.edu,X,ADD,ROOT,xxxx@xxxx.xxx,0.0
visitorservices@fsu.edu,visitorservices@fsu.edu,1,1,23,visitorservices@fsu.edu,INTJ,UH,ROOT,xxxx@xxx.xxx,0.0
webservices@calstate.edu,webservices@calstate.edu,1,1,24,webservices@calstate.edu,X,ADD,ROOT,xxxx@xxxx.xxx,0.0
scj@fiu.edu,scj@fiu.edu,1,1,11,scj@fiu.edu,X,ADD,ROOT,xxx@xxx.xxx,0.0
admissions@einstein.yu.edu,admissions@einstein.yu.edu,1,1,26,admissions@einstein.yu.edu,SPACE,_SP,ROOT,xxxx@xxxx.xx.xxx,0.0
helpdesk@tamu.edu,helpdesk@tamu.edu,1,1,17,helpdesk@tamu.edu,NOUN,NNS,ROOT,xxxx@xxxx.xxx,0.0
info@unisg.ch,info@unisg.ch,1,1,13,info@unisg.ch,NOUN,NN,ROOT,xxxx@xxxx.xx,0.0
solutions@swri.org,solutions@swri.org,1,1,18,solutions@swri.org,NUM,CD,ROOT,xxxx@xxxx.xxx,0.0
socialmedia@rutgers.edu,socialmedia@rutgers.edu,1,1,23,socialmedia@rutgers.edu,NOUN,NNS,ROOT,xxxx@xxxx.xxx,0.0
grad@k-state.edu,grad@k-state.edu,1,1,16,grad@k-state.edu,NOUN,NN,ROOT,xxxx@x-xxxx.xxx,0.0
ayalaatz@tauex.tau.ac.il,ayalaatz@tauex.tau.ac.il,1,1,24,ayalaatz@tauex.tau.ac.il,PROPN,NNP,ROOT,xxxx@xxxx.xxx.xx.xx,0.0
hr@ncat.edu,hr@ncat.edu,1,1,11,hr@ncat.edu,NOUN,NN,ROOT,xx@xxxx.xxx,0.0
info@eng.ufl.edu,info@eng.ufl.edu,1,1,16,info@eng.ufl.edu,VERB,VB,ROOT,xxxx@xxx.xxx.xxx,0.0
info@mila.quebec,info@mila.quebec,1,1,16,info@mila.quebec,VERB,VB,ROOT,xxxx@xxxx.xxxx,0.0
webmaster@vt.edu,webmaster@vt.edu,1,1,16,webmaster@vt.edu,SPACE,_SP,ROOT,xxxx@xx.xxx,0.0
mpa@wusm.wustl.edu,mpa@wusm.wustl.edu,1,1,18,mpa@wusm.wustl.edu,NOUN,NN,ROOT,xxx@xxxx.xxxx.xxx,0.0
marketing@fau.edu,marketing@fau.edu,1,1,17,marketing@fau.edu,PROPN,NNP,ROOT,xxxx@xxx.xxx,0.0
askeast@iue.edu,askeast@iue.edu,1,1,15,askeast@iue.edu,VERB,VB,ROOT,xxxx@xxx.xxx,0.0
business@cbs.curtin.edu.au,business@cbs.curtin.edu.au,1,1,26,business@cbs.curtin.edu.au,VERB,VB,ROOT,xxxx@xxx.xxxx.xxx.xx,0.0
hello@ixperience.co,hello@ixperience.co,1,1,19,hello@ixperience.co,ADJ,JJ,ROOT,xxxx@xxxx.xx,0.0
web@uwo.ca,web@uwo.ca,1,1,10,web@uwo.ca,ADV,RB,ROOT,xxx@xxx.xx,0.0
admissions@uncsa.edu,admissions@uncsa.edu,1,1,20,admissions@uncsa.edu,NUM,CD,ROOT,xxxx@xxxx.xxx,0.0
communications@salk.edu,communications@salk.edu,1,1,23,communications@salk.edu,X,ADD,ROOT,xxxx@xxxx.xxx,0.0
pr@tulane.edu,pr@tulane.edu,1,2,13,pr@tulane.edu,X,XX,ROOT,xx@xxxx.xxx,0.0
webdes@tcd.ie,webdes@tcd.ie,1,1,13,webdes@tcd.ie,VERB,VB,ROOT,xxxx@xxx.xx,0.0
hello@codecool.com,hello@codecool.com,1,1,18,hello@codecool.com,X,ADD,ROOT,xxxx@xxxx.xxx,0.0
press@alleninstitute.org,press@alleninstitute.org,1,1,24,press@alleninstitute.org,NOUN,NN,ROOT,xxxx@xxxx.xxx,0.0
admission@stanford.edu,admission@stanford.edu,1,1,22,admission@stanford.edu,PUNCT,.,ROOT,xxxx@xxxx.xxx,0.0
ukpr@lsv.uky.edu,ukpr@lsv.uky.edu,1,1,16,ukpr@lsv.uky.edu,NOUN,NN,ROOT,xxxx@xxx.xxx.xxx,0.0
info@montefiore.org,info@montefiore.org,1,1,19,info@montefiore.org,X,LS,ROOT,xxxx@xxxx.xxx,0.0
webmaster@pitt.edu,webmaster@pitt.edu,1,1,18,webmaster@pitt.edu,X,LS,ROOT,xxxx@xxxx.xxx,0.0
international@ucd.ie,international@ucd.ie,1,1,20,international@ucd.ie,VERB,VB,ROOT,xxxx@xxx.xx,0.0
study@swinburne.edu.au,study@swinburne.edu.au,1,1,22,study@swinburne.edu.au,PROPN,NNP,ROOT,xxxx@xxxx.xxx.xx,0.0
cchs@gwu.edu,cchs@gwu.edu,1,1,12,cchs@gwu.edu,X,XX,ROOT,xxxx@xxx.xxx,0.0
abuse@msu.edu,abuse@msu.edu,1,1,13,abuse@msu.edu,VERB,VB,ROOT,xxxx@xxx.xxx,0.0
lic@njit.edu,lic@njit.edu,1,1,12,lic@njit.edu,PROPN,NNP,ROOT,xxx@xxxx.xxx,0.0
info@unicaf.org,info@unicaf.org,1,1,15,info@unicaf.org,NUM,CD,ROOT,xxxx@xxxx.xxx,0.0
info@sun.ac.za,info@sun.ac.za,1,1,14,info@sun.ac.za,SPACE,_SP,ROOT,xxxx@xxx.xx.xx,0.0
info@uhalumni.org,info@uhalumni.org,1,1,17,info@uhalumni.org,NUM,CD,ROOT,xxxx@xxxx.xxx,0.0
media@stevens.edu,media@stevens.edu,1,1,17,media@stevens.edu,X,ADD,ROOT,xxxx@xxxx.xxx,0.0
research@auburn.edu,research@auburn.edu,1,1,19,research@auburn.edu,X,ADD,ROOT,xxxx@xxxx.xxx,0.0
cpe@wpi.edu,cpe@wpi.edu,1,1,11,cpe@wpi.edu,X,ADD,ROOT,xxx@xxx.xxx,0.0
support@ei.columbia.edu,support@ei.columbia.edu,1,1,23,support@ei.columbia.edu,SPACE,_SP,ROOT,xxxx@xx.xxxx.xxx,0.0
igrad@syr.edu,igrad@syr.edu,1,1,13,igrad@syr.edu,INTJ,UH,ROOT,xxxx@xxx.xxx,0.0
registryce@ulster.ac.uk,registryce@ulster.ac.uk,1,1,23,registryce@ulster.ac.uk,VERB,VB,ROOT,xxxx@xxxx.xx.xx,0.0
IPD@UW.EDU,IPD@UW.EDU,1,1,10,ipd@uw.edu,NOUN,NN,ROOT,XXX@XX.XXX,0.0
gucomm@georgetown.edu,gucomm@georgetown.edu,1,1,21,gucomm@georgetown.edu,NUM,CD,ROOT,xxxx@xxxx.xxx,0.0
afoth@wsu.edu,afoth@wsu.edu,1,1,13,afoth@wsu.edu,VERB,VB,ROOT,xxxx@xxx.xxx,0.0
info@cau.edu,info@cau.edu,1,1,12,info@cau.edu,X,ADD,ROOT,xxxx@xxx.xxx,0.0
mumedicine@health.missouri.edu,mumedicine@health.missouri.edu,1,1,30,mumedicine@health.missouri.edu,NOUN,NNS,ROOT,xxxx@xxxx.xxxx.xxx,0.0
info_iveyspencer@dolce.com,info_iveyspencer@dolce.com,1,1,26,info_iveyspencer@dolce.com,PROPN,NNP,ROOT,xxxx_xxxx@xxxx.xxx,0.0
umasssocial@umass.edu,umasssocial@umass.edu,1,1,21,umasssocial@umass.edu,X,ADD,ROOT,xxxx@xxxx.xxx,0.0
bhuff@cmc.edu,bhuff@cmc.edu,1,1,13,bhuff@cmc.edu,VERB,VB,ROOT,xxxx@xxx.xxx,0.0
ugenquiries@aston.ac.uk,ugenquiries@aston.ac.uk,1,1,23,ugenquiries@aston.ac.uk,VERB,VB,ROOT,xxxx@xxxx.xx.xx,0.0
webcontent@strath.ac.uk,webcontent@strath.ac.uk,1,1,23,webcontent@strath.ac.uk,VERB,VB,ROOT,xxxx@xxxx.xx.xx,0.0
dtah@haskell.edu,dtah@haskell.edu,1,1,16,dtah@haskell.edu,X,ADD,ROOT,xxxx@xxxx.xxx,0.0
ispdpo@ust.hk,ispdpo@ust.hk,1,1,13,ispdpo@ust.hk,ADV,RB,ROOT,xxxx@xxx.xx,0.0
communications@rcsi.ie,communications@rcsi.ie,1,1,22,communications@rcsi.ie,NOUN,NN,ROOT,xxxx@xxxx.xx,0.0
hr@artcenter.edu,hr@artcenter.edu,1,1,16,hr@artcenter.edu,NOUN,NNS,ROOT,xx@xxxx.xxx,0.0
enterprise@manchester.ac.uk,enterprise@manchester.ac.uk,1,1,27,enterprise@manchester.ac.uk,VERB,VB,ROOT,xxxx@xxxx.xx.xx,0.0
wdp@cc.gatech.edu,wdp@cc.gatech.edu,1,1,17,wdp@cc.gatech.edu,NOUN,NNS,ROOT,xxx@xx.xxxx.xxx,0.0
enquiries@nottingham.ac.uk,enquiries@nottingham.ac.uk,1,1,26,enquiries@nottingham.ac.uk,VERB,VB,ROOT,xxxx@xxxx.xx.xx,0.0
spt@cmich.edu,spt@cmich.edu,1,1,13,spt@cmich.edu,PROPN,NNP,ROOT,xxx@xxxx.xxx,0.0
infofogarty@fogartyinstitute.org,infofogarty@fogartyinstitute.org,1,1,32,infofogarty@fogartyinstitute.org,X,ADD,ROOT,xxxx@xxxx.xxx,0.0
alumni@hkbu.edu.hk,alumni@hkbu.edu.hk,1,1,18,alumni@hkbu.edu.hk,PROPN,NNP,ROOT,xxxx@xxxx.xxx.xx,0.0
info@sinclair.edu,info@sinclair.edu,1,1,17,info@sinclair.edu,X,ADD,ROOT,xxxx@xxxx.xxx,0.0
website@raritanval.edu,website@raritanval.edu,1,1,22,website@raritanval.edu,X,ADD,ROOT,xxxx@xxxx.xxx,0.0
myWakeHealth@wakehealth.edu,myWakeHealth@wakehealth.edu,1,1,27,mywakehealth@wakehealth.edu,NOUN,NN,ROOT,xxXxxxXxxxx@xxxx.xxx,0.0
tours@ucalgary.ca,tours@ucalgary.ca,1,1,17,tours@ucalgary.ca,ADV,RB,ROOT,xxxx@xxxx.xx,0.0
admissions@cgu.edu,admissions@cgu.edu,1,1,18,admissions@cgu.edu,PROPN,NNP,ROOT,xxxx@xxx.xxx,0.0
sdsu.umc@sdstate.edu,sdsu.umc@sdstate.edu,1,1,20,sdsu.umc@sdstate.edu,NOUN,NN,ROOT,xxxx.xxx@xxxx.xxx,0.0
uchealthnews@uc.edu,uchealthnews@uc.edu,1,1,19,uchealthnews@uc.edu,X,XX,ROOT,xxxx@xx.xxx,0.0
admissions@strathmore.edu,admissions@strathmore.edu,1,1,25,admissions@strathmore.edu,PUNCT,.,ROOT,xxxx@xxxx.xxx,0.0
admissions@umanitoba.ca,admissions@umanitoba.ca,1,1,23,admissions@umanitoba.ca,ADV,RB,ROOT,xxxx@xxxx.xx,0.0
study@uq.edu.au,study@uq.edu.au,1,1,15,study@uq.edu.au,PROPN,NNP,ROOT,xxxx@xx.xxx.xx,0.0
tsnyder@yale.edu,tsnyder@yale.edu,1,1,16,tsnyder@yale.edu,X,ADD,ROOT,xxxx@xxxx.xxx,0.0
privacy@info.ilsole24ore.com,privacy@info.ilsole24ore.com,1,1,28,privacy@info.ilsole24ore.com,X,ADD,ROOT,xxxx@xxxx.xxxxddxxx.xxx,0.0
askbucky@uwmad.wisc.edu,askbucky@uwmad.wisc.edu,1,1,23,askbucky@uwmad.wisc.edu,X,ADD,ROOT,xxxx@xxxx.xxxx.xxx,0.0
helpdesk@lehigh.edu,helpdesk@lehigh.edu,1,1,19,helpdesk@lehigh.edu,PROPN,NNP,ROOT,xxxx@xxxx.xxx,0.0
info@blueschool.org,info@blueschool.org,1,1,19,info@blueschool.org,X,ADD,ROOT,xxxx@xxxx.xxx,0.0
hello@soal.io,hello@soal.io,1,1,13,hello@soal.io,NOUN,NN,ROOT,xxxx@xxxx.xx,0.0
info@ubiquityuniversity.org,info@ubiquityuniversity.org,1,1,27,info@ubiquityuniversity.org,NUM,CD,ROOT,xxxx@xxxx.xxx,0.0
admissions@colby.edu,admissions@colby.edu,1,1,20,admissions@colby.edu,VERB,VB,ROOT,xxxx@xxxx.xxx,0.0
onlineinfo@uic.edu,onlineinfo@uic.edu,1,1,18,onlineinfo@uic.edu,SPACE,_SP,ROOT,xxxx@xxx.xxx,0.0
socialmedia@ohsu.edu,socialmedia@ohsu.edu,1,1,20,socialmedia@ohsu.edu,X,ADD,ROOT,xxxx@xxxx.xxx,0.0
info.centre@sydney.edu.au,info.centre@sydney.edu.au,1,1,25,info.centre@sydney.edu.au,PROPN,NNP,ROOT,xxxx.xxxx@xxxx.xxx.xx,0.0
webmaster@hssu.edu,webmaster@hssu.edu,1,1,18,webmaster@hssu.edu,PUNCT,NFP,ROOT,xxxx@xxxx.xxx,0.0
admissions@bellarmine.edu,admissions@bellarmine.edu,1,1,25,admissions@bellarmine.edu,X,ADD,ROOT,xxxx@xxxx.xxx,0.0
contact@usc.edu,contact@usc.edu,1,1,15,contact@usc.edu,VERB,VB,ROOT,xxxx@xxx.xxx,0.0
admission@slu.edu,admission@slu.edu,1,1,17,admission@slu.edu,SPACE,_SP,ROOT,xxxx@xxx.xxx,0.0
bruno@beacademy.com.br,bruno@beacademy.com.br,1,1,22,bruno@beacademy.com.br,VERB,VBD,ROOT,xxxx@xxxx.xxx.xx,0.0
info@carrollu.edu,info@carrollu.edu,1,1,17,info@carrollu.edu,X,ADD,ROOT,xxxx@xxxx.xxx,0.0
webmaster@utah.edu,webmaster@utah.edu,1,1,18,webmaster@utah.edu,X,ADD,ROOT,xxxx@xxxx.xxx,0.0
global.enquiries@ed.ac.uk,global.enquiries@ed.ac.uk,1,1,25,global.enquiries@ed.ac.uk,VERB,VB,ROOT,xxxx.xxxx@xx.xx.xx,0.0
webmaster@marshall.edu,webmaster@marshall.edu,1,1,22,webmaster@marshall.edu,X,ADD,ROOT,xxxx@xxxx.xxx,0.0
gbsinfo@emory.edu,gbsinfo@emory.edu,1,1,17,gbsinfo@emory.edu,X,ADD,ROOT,xxxx@xxxx.xxx,0.0
contact@iastate.edu,contact@iastate.edu,1,1,19,contact@iastate.edu,VERB,VB,ROOT,xxxx@xxxx.xxx,0.0
iusm@iu.edu,iusm@iu.edu,1,1,11,iusm@iu.edu,SPACE,_SP,ROOT,xxxx@xx.xxx,0.0
admissions@bcm.edu,admissions@bcm.edu,1,1,18,admissions@bcm.edu,X,ADD,ROOT,xxxx@xxx.xxx,0.0
vetwaiver@cuny.edu,vetwaiver@cuny.edu,1,1,18,vetwaiver@cuny.edu,NOUN,NN,ROOT,xxxx@xxxx.xxx,0.0
askhr@rpi.edu,askhr@rpi.edu,1,1,13,askhr@rpi.edu,VERB,VB,ROOT,xxxx@xxx.xxx,0.0
guilherme@gama.academy,guilherme@gama.academy,1,1,22,guilherme@gama.academy,VERB,VB,ROOT,xxxx@xxxx.xxxx,0.0
hr@amherst.edu,hr@amherst.edu,1,1,14,hr@amherst.edu,X,LS,ROOT,xx@xxxx.xxx,0.0
contact-us@weizmann.ac.il,contact-us@weizmann.ac.il,1,1,25,contact-us@weizmann.ac.il,X,FW,ROOT,xxxx-xx@xxxx.xx.xx,0.0
communications@siena.edu,communications@siena.edu,1,1,24,communications@siena.edu,X,ADD,ROOT,xxxx@xxxx.xxx,0.0
contact@lewagon.com,contact@lewagon.com,1,1,19,contact@lewagon.com,X,ADD,ROOT,xxxx@xxxx.xxx,0.0
fcchelpdesk@fresnocitycollege.edu,fcchelpdesk@fresnocitycollege.edu,1,1,33,fcchelpdesk@fresnocitycollege.edu,X,ADD,ROOT,xxxx@xxxx.xxx,0.0
medadmissions@temple.edu,medadmissions@temple.edu,1,1,24,medadmissions@temple.edu,X,ADD,ROOT,xxxx@xxxx.xxx,0.0
chooseunb@unb.ca,chooseunb@unb.ca,1,1,16,chooseunb@unb.ca,NOUN,NN,ROOT,xxxx@xxx.xx,0.0
mcri@mcri.edu.au,mcri@mcri.edu.au,1,1,16,mcri@mcri.edu.au,PROPN,NNP,ROOT,xxxx@xxxx.xxx.xx,0.0
foundation@uwosh.edu,foundation@uwosh.edu,1,1,20,foundation@uwosh.edu,X,ADD,ROOT,xxxx@xxxx.xxx,0.0
wbanks@camdencc.edu,wbanks@camdencc.edu,1,1,19,wbanks@camdencc.edu,X,ADD,ROOT,xxxx@xxxx.xxx,0.0
mbibby@morehouse.edu,mbibby@morehouse.edu,1,1,20,mbibby@morehouse.edu,X,ADD,ROOT,xxxx@xxxx.xxx,0.0
international@unt.edu,international@unt.edu,1,1,21,international@unt.edu,VERB,VB,ROOT,xxxx@xxx.xxx,0.0
consult@udel.edu,consult@udel.edu,1,1,16,consult@udel.edu,X,ADD,ROOT,xxxx@xxxx.xxx,0.0
familyinfo@mnps.org,familyinfo@mnps.org,1,1,19,familyinfo@mnps.org,NUM,CD,ROOT,xxxx@xxxx.xxx,0.0
ug-admissions@bristol.ac.uk,ug-admissions@bristol.ac.uk,1,1,27,ug-admissions@bristol.ac.uk,ADP,IN,ROOT,xx-xxxx@xxxx.xx.xx,0.0
relations@kimsglobal.com,relations@kimsglobal.com,1,1,24,relations@kimsglobal.com,X,ADD,ROOT,xxxx@xxxx.xxx,0.0
admissions@centennialcollege.ca,admissions@centennialcollege.ca,1,1,31,admissions@centennialcollege.ca,ADV,RB,ROOT,xxxx@xxxx.xx,0.0
info@tmcf.org,info@tmcf.org,1,1,13,info@tmcf.org,X,LS,ROOT,xxxx@xxxx.xxx,0.0
admit@mines.edu,admit@mines.edu,1,1,15,admit@mines.edu,X,ADD,ROOT,xxxx@xxxx.xxx,0.0
hello@avionschool.com,hello@avionschool.com,1,1,21,hello@avionschool.com,X,ADD,ROOT,xxxx@xxxx.xxx,0.0
mycoopersupport@cooperhealth.edu,mycoopersupport@cooperhealth.edu,1,1,32,mycoopersupport@cooperhealth.edu,NOUN,NNS,ROOT,xxxx@xxxx.xxx,0.0
urelat1@lsu.edu,urelat1@lsu.edu,1,1,15,urelat1@lsu.edu,VERB,VBP,ROOT,xxxxd@xxx.xxx,0.0
admissions@rcsj.edu,admissions@rcsj.edu,1,1,19,admissions@rcsj.edu,X,ADD,ROOT,xxxx@xxxx.xxx,0.0
admission@uri.edu,admission@uri.edu,1,1,17,admission@uri.edu,X,XX,ROOT,xxxx@xxx.xxx,0.0
webmaster@occc.edu,webmaster@occc.edu,1,1,18,webmaster@occc.edu,X,ADD,ROOT,xxxx@xxxx.xxx,0.0
share@uark.edu,share@uark.edu,1,1,14,share@uark.edu,NOUN,NN,ROOT,xxxx@xxxx.xxx,0.0
mellynch@clarku.edu,mellynch@clarku.edu,1,1,19,mellynch@clarku.edu,NUM,CD,ROOT,xxxx@xxxx.xxx,0.0
info@assemblerschool.com,info@assemblerschool.com,1,1,24,info@assemblerschool.com,X,ADD,ROOT,xxxx@xxxx.xxx,0.0
web@callutheran.edu,web@callutheran.edu,1,1,19,web@callutheran.edu,NOUN,NNS,ROOT,xxx@xxxx.xxx,0.0
webmaster@ucc.edu,webmaster@ucc.edu,1,1,17,webmaster@ucc.edu,X,XX,ROOT,xxxx@xxx.xxx,0.0
ucsbalum@ia.ucsb.edu,ucsbalum@ia.ucsb.edu,1,1,20,ucsbalum@ia.ucsb.edu,SPACE,_SP,ROOT,xxxx@xx.xxxx.xxx,0.0
giving@mail.montclair.edu,giving@mail.montclair.edu,1,1,25,giving@mail.montclair.edu,PRON,PRP,ROOT,xxxx@xxxx.xxxx.xxx,0.0
news@jcsu.edu,news@jcsu.edu,1,1,13,news@jcsu.edu,X,ADD,ROOT,xxxx@xxxx.xxx,0.0
admissions@senecacollege.ca,admissions@senecacollege.ca,1,1,27,admissions@senecacollege.ca,NOUN,NN,ROOT,xxxx@xxxx.xx,0.0
webmaster@jsums.edu,webmaster@jsums.edu,1,1,19,webmaster@jsums.edu,VERB,VB,ROOT,xxxx@xxxx.xxx,0.0
oae@cps.edu,oae@cps.edu,1,1,11,oae@cps.edu,X,ADD,ROOT,xxx@xxx.xxx,0.0
hi@signum.ai,hi@signum.ai,1,1,12,hi@signum.ai,X,ADD,ROOT,xx@xxxx.xx,0.0
hello@unmudl.com,hello@unmudl.com,1,1,16,hello@unmudl.com,X,ADD,ROOT,xxxx@xxxx.xxx,0.0
info@udayton.edu,info@udayton.edu,1,1,16,info@udayton.edu,X,ADD,ROOT,xxxx@xxxx.xxx,0.0
social@uml.edu,social@uml.edu,1,1,14,social@uml.edu,X,XX,ROOT,xxxx@xxx.xxx,0.0
admission@usainteanne.ca,admission@usainteanne.ca,1,1,24,admission@usainteanne.ca,VERB,VB,ROOT,xxxx@xxxx.xx,0.0
vpr@research.und.edu,vpr@research.und.edu,1,1,20,vpr@research.und.edu,X,ADD,ROOT,xxx@xxxx.xxx.xxx,0.0
jjohn2@gmu.edu,jjohn2@gmu.edu,1,1,14,jjohn2@gmu.edu,NOUN,NN,ROOT,xxxxd@xxx.xxx,0.0
uniadvice@uow.edu.au,uniadvice@uow.edu.au,1,1,20,uniadvice@uow.edu.au,PROPN,NNP,ROOT,xxxx@xxx.xxx.xx,0.0
c12@nova.edu,c12@nova.edu,1,1,12,c12@nova.edu,NOUN,NN,ROOT,xdd@xxxx.xxx,0.0
info@pittsburghpromise.org,info@pittsburghpromise.org,1,1,26,info@pittsburghpromise.org,ADP,IN,ROOT,xxxx@xxxx.xxx,0.0
robert.hamm@hcahealthcare.com,robert.hamm@hcahealthcare.com,1,1,29,robert.hamm@hcahealthcare.com,X,ADD,ROOT,xxxx.xxxx@xxxx.xxx,0.0
admissions@lshtm.ac.uk,admissions@lshtm.ac.uk,1,1,22,admissions@lshtm.ac.uk,NOUN,NN,ROOT,xxxx@xxxx.xx.xx,0.0
oedhelp@utmb.edu,oedhelp@utmb.edu,1,1,16,oedhelp@utmb.edu,X,ADD,ROOT,xxxx@xxxx.xxx,0.0
services@harvard.edu,services@harvard.edu,1,1,20,services@harvard.edu,NOUN,NNS,ROOT,xxxx@xxxx.xxx,0.0
info@aabgu.org,info@aabgu.org,1,1,14,info@aabgu.org,X,ADD,ROOT,xxxx@xxxx.xxx,0.0
info@aucenter.edu,info@aucenter.edu,1,1,17,info@aucenter.edu,X,ADD,ROOT,xxxx@xxxx.xxx,0.0
info@carleton.ca,info@carleton.ca,1,1,16,info@carleton.ca,VERB,VB,ROOT,xxxx@xxxx.xx,0.0
imtfi@uci.edu,imtfi@uci.edu,1,1,13,imtfi@uci.edu,VERB,VB,ROOT,xxxx@xxx.xxx,0.0
info@herzing.edu,info@herzing.edu,1,1,16,info@herzing.edu,X,ADD,ROOT,xxxx@xxxx.xxx,0.0
info@carmel-school.com,info@carmel-school.com,1,1,22,info@carmel-school.com,PROPN,NNP,ROOT,xxxx@xxxx-xxxx.xxx,0.0
web@elon.edu,web@elon.edu,1,1,12,web@elon.edu,NOUN,NN,ROOT,xxx@xxxx.xxx,0.0
newsletter@cu.edu,newsletter@cu.edu,1,1,17,newsletter@cu.edu,SPACE,_SP,ROOT,xxxx@xx.xxx,0.0
web@gustavus.edu,web@gustavus.edu,1,1,16,web@gustavus.edu,NOUN,NN,ROOT,xxx@xxxx.xxx,0.0
adm@uaccm.edu,adm@uaccm.edu,1,1,13,adm@uaccm.edu,NOUN,NN,ROOT,xxx@xxxx.xxx,0.0
career@ua.edu,career@ua.edu,1,1,13,career@ua.edu,NOUN,NN,ROOT,xxxx@xx.xxx,0.0
affiliates@landi.com,affiliates@landi.com,1,1,20,affiliates@landi.com,X,ADD,ROOT,xxxx@xxxx.xxx,0.0
info@jsu.edu,info@jsu.edu,1,1,12,info@jsu.edu,INTJ,UH,ROOT,xxxx@xxx.xxx,0.0
gcr@uoregon.edu,gcr@uoregon.edu,1,1,15,gcr@uoregon.edu,NOUN,NN,ROOT,xxx@xxxx.xxx,0.0
aldie@leportschools.com,aldie@leportschools.com,1,1,23,aldie@leportschools.com,X,ADD,ROOT,xxxx@xxxx.xxx,0.0
admissions@alliant.edu,admissions@alliant.edu,1,1,22,admissions@alliant.edu,X,ADD,ROOT,xxxx@xxxx.xxx,0.0
help@colostate.edu,help@colostate.edu,1,1,18,help@colostate.edu,X,ADD,ROOT,xxxx@xxxx.xxx,0.0
webmaster@louisiana.edu,webmaster@louisiana.edu,1,1,23,webmaster@louisiana.edu,X,ADD,ROOT,xxxx@xxxx.xxx,0.0
info@vtc.edu.vn,info@vtc.edu.vn,1,1,15,info@vtc.edu.vn,NOUN,NN,ROOT,xxxx@xxx.xxx.xx,0.0
info@mercer.edu,info@mercer.edu,1,1,15,info@mercer.edu,X,ADD,ROOT,xxxx@xxxx.xxx,0.0
DaytonaBeach@erau.edu,DaytonaBeach@erau.edu,1,1,21,DaytonaBeach@erau.edu,PROPN,NNP,ROOT,XxxxxXxxxx@xxxx.xxx,0.0
weberror@spcollege.edu,weberror@spcollege.edu,1,1,22,weberror@spcollege.edu,NOUN,NN,ROOT,xxxx@xxxx.xxx,0.0
311@houstontx.gov,311@houstontx.gov,1,1,17,311@houstontx.gov,NUM,CD,ROOT,ddd@xxxx.xxx,0.0
admiss@mcpherson.edu,admiss@mcpherson.edu,1,1,20,admiss@mcpherson.edu,X,ADD,ROOT,xxxx@xxxx.xxx,0.0
helpdesk@utsc.utoronto.ca,helpdesk@utsc.utoronto.ca,1,1,25,helpdesk@utsc.utoronto.ca,SPACE,_SP,ROOT,xxxx@xxxx.xxxx.xx,0.0
visitorscenter@uwf.edu,visitorscenter@uwf.edu,1,1,22,visitorscenter@uwf.edu,X,ADD,ROOT,xxxx@xxx.xxx,0.0
roberto@boolean.careers,roberto@boolean.careers,1,1,23,roberto@boolean.career,NOUN,NNS,ROOT,xxxx@xxxx.xxxx,0.0
info@georgebrownresidence.ca,info@georgebrownresidence.ca,1,1,28,info@georgebrownresidence.ca,VERB,VB,ROOT,xxxx@xxxx.xx,0.0
helpdesk@msstate.edu,helpdesk@msstate.edu,1,1,20,helpdesk@msstate.edu,X,ADD,ROOT,xxxx@xxxx.xxx,0.0
alumni@law.upenn.edu,alumni@law.upenn.edu,1,1,20,alumni@law.upenn.edu,NOUN,NNS,ROOT,xxxx@xxx.xxxx.xxx,0.0
socialmedia@rowan.edu,socialmedia@rowan.edu,1,1,21,socialmedia@rowan.edu,NOUN,NN,ROOT,xxxx@xxxx.xxx,0.0
research@sheridancollege.ca,research@sheridancollege.ca,1,1,27,research@sheridancollege.ca,NOUN,NN,ROOT,xxxx@xxxx.xx,0.0
ask@troy.edu,ask@troy.edu,1,1,12,ask@troy.edu,X,ADD,ROOT,xxx@xxxx.xxx,0.0
media@anu.edu.au,media@anu.edu.au,1,1,16,media@anu.edu.au,PROPN,NNP,ROOT,xxxx@xxx.xxx.xx,0.0
info@kent.edu,info@kent.edu,1,1,13,info@kent.edu,PROPN,NNP,ROOT,xxxx@xxxx.xxx,0.0
webmaster@som.umaryland.edu,webmaster@som.umaryland.edu,1,1,27,webmaster@som.umaryland.edu,NOUN,NNS,ROOT,xxxx@xxx.xxxx.xxx,0.0
admission@ccri.edu,admission@ccri.edu,1,1,18,admission@ccri.edu,X,ADD,ROOT,xxxx@xxxx.xxx,0.0
kkavensky@elevenfifty.org,kkavensky@elevenfifty.org,1,1,25,kkavensky@elevenfifty.org,VERB,VB,ROOT,xxxx@xxxx.xxx,0.0
homepage@umbc.edu,homepage@umbc.edu,1,1,17,homepage@umbc.edu,X,ADD,ROOT,xxxx@xxxx.xxx,0.0
web@hampshire.edu,web@hampshire.edu,1,1,17,web@hampshire.edu,NOUN,NNS,ROOT,xxx@xxxx.xxx,0.0
irro@liverpool.ac.uk,irro@liverpool.ac.uk,1,1,20,irro@liverpool.ac.uk,VERB,VB,ROOT,xxxx@xxxx.xx.xx,0.0
info@niagaracollege.ca,info@niagaracollege.ca,1,1,22,info@niagaracollege.ca,VERB,VB,ROOT,xxxx@xxxx.xx,0.0
feedback@bcps.k12.md.us,feedback@bcps.k12.md.us,1,1,23,feedback@bcps.k12.md.us,X,ADD,ROOT,xxxx@xxxx.xdd.xx.xx,0.0
strategiccomm@fullerton.edu,strategiccomm@fullerton.edu,1,1,27,strategiccomm@fullerton.edu,NUM,CD,ROOT,xxxx@xxxx.xxx,0.0
enquiries@lboro.ac.uk,enquiries@lboro.ac.uk,1,1,21,enquiries@lboro.ac.uk,ADJ,JJ,ROOT,xxxx@xxxx.xx.xx,0.0
info@admi.ac.ke,info@admi.ac.ke,1,1,15,info@admi.ac.ke,NOUN,NNS,ROOT,xxxx@xxxx.xx.xx,0.0
grantsit@nmsu.edu,grantsit@nmsu.edu,1,1,17,grantsit@nmsu.edu,VERB,VB,ROOT,xxxx@xxxx.xxx,0.0
info@eng.fau.edu,info@eng.fau.edu,1,1,16,info@eng.fau.edu,PROPN,NNP,ROOT,xxxx@xxx.xxx.xxx,0.0
nagle@maine.edu,nagle@maine.edu,1,1,15,nagle@maine.edu,X,ADD,ROOT,xxxx@xxxx.xxx,0.0
webber@marywood.edu,webber@marywood.edu,1,1,19,webber@marywood.edu,X,ADD,ROOT,xxxx@xxxx.xxx,0.0
info@visitchillicotheohio.com,info@visitchillicotheohio.com,1,1,29,info@visitchillicotheohio.com,X,ADD,ROOT,xxxx@xxxx.xxx,0.0
help@qcc.mass.edu,help@qcc.mass.edu,1,1,17,help@qcc.mass.edu,NOUN,NN,ROOT,xxxx@xxx.xxxx.xxx,0.0
admissions@rose-hulman.edu,admissions@rose-hulman.edu,1,1,26,admissions@rose-hulman.edu,NOUN,NN,ROOT,xxxx@xxxx-xxxx.xxx,0.0
alumni@durhamcollege.ca,alumni@durhamcollege.ca,1,1,23,alumni@durhamcollege.ca,ADV,RB,ROOT,xxxx@xxxx.xx,0.0
web_services@mail.wvu.edu,web_services@mail.wvu.edu,1,1,25,web_services@mail.wvu.edu,NOUN,NNS,ROOT,xxx_xxxx@xxxx.xxx.xxx,0.0
paulcollege.advising@unh.edu,paulcollege.advising@unh.edu,1,1,28,paulcollege.advising@unh.edu,NOUN,NN,ROOT,xxxx.xxxx@xxx.xxx,0.0
ahnt@merrimack.edu,ahnt@merrimack.edu,1,1,18,ahnt@merrimack.edu,X,ADD,ROOT,xxxx@xxxx.xxx,0.0
ttumobile@ttu.edu,ttumobile@ttu.edu,1,1,17,ttumobile@ttu.edu,NOUN,NNS,ROOT,xxxx@xxx.xxx,0.0
sasinfo@sas.edu.sg,sasinfo@sas.edu.sg,1,1,18,sasinfo@sas.edu.sg,ADV,RB,ROOT,xxxx@xxx.xxx.xx,0.0
web.support@biola.edu,web.support@biola.edu,1,1,21,web.support@biola.edu,VERB,VBP,ROOT,xxx.xxxx@xxxx.xxx,0.0
jbuinfo@jbu.edu,jbuinfo@jbu.edu,1,1,15,jbuinfo@jbu.edu,PROPN,NNP,ROOT,xxxx@xxx.xxx,0.0
oit@oit.edu,oit@oit.edu,1,1,11,oit@oit.edu,SPACE,_SP,ROOT,xxx@xxx.xxx,0.0
arogyayogaschool@gmail.co,arogyayogaschool@gmail.co,1,1,25,arogyayogaschool@gmail.co,ADV,RB,ROOT,xxxx@xxxx.xx,0.0
boe@ousd.org,boe@ousd.org,1,1,12,boe@ousd.org,PROPN,NNP,ROOT,xxx@xxxx.xxx,0.0
admissions@united.edu,admissions@united.edu,1,1,21,admissions@united.edu,X,ADD,ROOT,xxxx@xxxx.xxx,0.0
brainscience@brown.edu​,brainscience@brown.edu​,1,1,23,brainscience@brown.edu​,PROPN,NNP,ROOT,xxxx@xxxx.xxx​,0.0
www@swansea.ac.uk,www@swansea.ac.uk,1,1,17,www@swansea.ac.uk,ADV,RB,ROOT,xxx@xxxx.xx.xx,0.0
libadmin@llu.edu,libadmin@llu.edu,1,1,16,libadmin@llu.edu,INTJ,UH,ROOT,xxxx@xxx.xxx,0.0
abuse@exeter.ac.uk,abuse@exeter.ac.uk,1,1,18,abuse@exeter.ac.uk,VERB,VB,ROOT,xxxx@xxxx.xx.xx,0.0
hai-initiative@stanford.edu,hai-initiative@stanford.edu,1,1,27,hai-initiative@stanford.edu,VERB,VB,ROOT,xxx-xxxx@xxxx.xxx,0.0
admission@clarkson.edu,admission@clarkson.edu,1,1,22,admission@clarkson.edu,NUM,CD,ROOT,xxxx@xxxx.xxx,0.0
info@canisius.edu,info@canisius.edu,1,1,17,info@canisius.edu,X,ADD,ROOT,xxxx@xxxx.xxx,0.0
academy@business.illinois.edu,academy@business.illinois.edu,1,1,29,academy@business.illinois.edu,NOUN,NN,ROOT,xxxx@xxxx.xxxx.xxx,0.0
admissions@cheyney.edu,admissions@cheyney.edu,1,1,22,admissions@cheyney.edu,X,ADD,ROOT,xxxx@xxxx.xxx,0.0
tcox9@tnstate.edu,tcox9@tnstate.edu,1,1,17,tcox9@tnstate.edu,NOUN,NNS,ROOT,xxxxd@xxxx.xxx,0.0
infocenter@pima.edu,infocenter@pima.edu,1,1,19,infocenter@pima.edu,X,ADD,ROOT,xxxx@xxxx.xxx,0.0
marketing@libt.co.uk,marketing@libt.co.uk,1,1,20,marketing@libt.co.uk,VERB,VB,ROOT,xxxx@xxxx.xx.xx,0.0
info@saoic.org,info@saoic.org,1,1,14,info@saoic.org,X,ADD,ROOT,xxxx@xxxx.xxx,0.0
whorton@aacc.nche.edu,whorton@aacc.nche.edu,1,1,21,whorton@aacc.nche.edu,NUM,CD,ROOT,xxxx@xxxx.xxxx.xxx,0.0
contact@turing.io,contact@turing.io,1,1,17,contact@turing.io,PROPN,NNP,ROOT,xxxx@xxxx.xx,0.0
info@goshen.edu,info@goshen.edu,1,1,15,info@goshen.edu,X,ADD,ROOT,xxxx@xxxx.xxx,0.0
enquiries@shu.ac.uk,enquiries@shu.ac.uk,1,1,19,enquiries@shu.ac.uk,VERB,VB,ROOT,xxxx@xxx.xx.xx,0.0
paffairs@cslanet.calstatela.edu,paffairs@cslanet.calstatela.edu,1,1,31,paffairs@cslanet.calstatela.edu,VERB,VB,ROOT,xxxx@xxxx.xxxx.xxx,0.0
alumni@norwich.edu,alumni@norwich.edu,1,1,18,alumni@norwich.edu,PUNCT,.,ROOT,xxxx@xxxx.xxx,0.0
admissions@mmc.edu,admissions@mmc.edu,1,1,18,admissions@mmc.edu,VERB,VB,ROOT,xxxx@xxx.xxx,0.0
fava@pensacolastate.edu,fava@pensacolastate.edu,1,1,23,fava@pensacolastate.edu,NUM,CD,ROOT,xxxx@xxxx.xxx,0.0
info@alphacamp.tw,info@alphacamp.tw,1,1,17,info@alphacamp.tw,PROPN,NNP,ROOT,xxxx@xxxx.xx,0.0
learn@friends.edu,learn@friends.edu,1,1,17,learn@friends.edu,X,ADD,ROOT,xxxx@xxxx.xxx,0.0
hr@nuigalway.ie,hr@nuigalway.ie,1,1,15,hr@nuigalway.ie,X,XX,ROOT,xx@xxxx.xx,0.0
mc@adelaide.edu.au,mc@adelaide.edu.au,1,1,18,mc@adelaide.edu.au,PROPN,NNP,ROOT,xx@xxxx.xxx.xx,0.0
sota@nku.edu,sota@nku.edu,1,1,12,sota@nku.edu,INTJ,UH,ROOT,xxxx@xxx.xxx,0.0
theweb@ric.edu,theweb@ric.edu,1,1,14,theweb@ric.edu,PROPN,NNP,ROOT,xxxx@xxx.xxx,0.0
it@sfcm.edu,it@sfcm.edu,1,1,11,it@sfcm.edu,PRON,PRP,ROOT,xx@xxxx.xxx,0.0
communications@coriell.org,communications@coriell.org,1,1,26,communications@coriell.org,X,ADD,ROOT,xxxx@xxxx.xxx,0.0
admissions@gmercyu.edu,admissions@gmercyu.edu,1,1,22,admissions@gmercyu.edu,PUNCT,NFP,ROOT,xxxx@xxxx.xxx,0.0
enroll@grcc.edu,enroll@grcc.edu,1,1,15,enroll@grcc.edu,NOUN,NNS,ROOT,xxxx@xxxx.xxx,0.0
contact@esprit.tn,contact@esprit.tn,1,1,17,contact@esprit.tn,PROPN,NNP,ROOT,xxxx@xxxx.xx,0.0
engage@ucmerced.edu,engage@ucmerced.edu,1,1,19,engage@ucmerced.edu,X,ADD,ROOT,xxxx@xxxx.xxx,0.0
admission@hiram.edu,admission@hiram.edu,1,1,19,admission@hiram.edu,X,ADD,ROOT,xxxx@xxxx.xxx,0.0
admissions@lyon.edu,admissions@lyon.edu,1,1,19,admissions@lyon.edu,X,ADD,ROOT,xxxx@xxxx.xxx,0.0
d.anderson@centre.edu,d.anderson@centre.edu,1,1,21,d.anderson@centre.edu,NOUN,NN,ROOT,x.xxxx@xxxx.xxx,0.0
info@aamu.edu,info@aamu.edu,1,1,13,info@aamu.edu,PUNCT,NFP,ROOT,xxxx@xxxx.xxx,0.0
acoonsis@unm.edu,acoonsis@unm.edu,1,1,16,acoonsis@unm.edu,X,XX,ROOT,xxxx@xxx.xxx,0.0
sbellamy@vcccd.edu,sbellamy@vcccd.edu,1,2,18,sbellamy@vcccd.edu,X,ADD,ROOT,xxxx@xxxx.xxx,0.0
info@wanm.org,info@wanm.org,1,1,13,info@wanm.org,NUM,CD,ROOT,xxxx@xxxx.xxx,0.0
info@decisionsciences.org,info@decisionsciences.org,1,1,25,info@decisionsciences.org,X,LS,ROOT,xxxx@xxxx.xxx,0.0
alumni@whitman.edu,alumni@whitman.edu,1,1,18,alumni@whitman.edu,NOUN,NN,ROOT,xxxx@xxxx.xxx,0.0
answer@macomb.edu,answer@macomb.edu,1,1,17,answer@macomb.edu,NUM,CD,ROOT,xxxx@xxxx.xxx,0.0
info@wheatoncollege.edu,info@wheatoncollege.edu,1,1,23,info@wheatoncollege.edu,X,ADD,ROOT,xxxx@xxxx.xxx,0.0
acmhelp@acm.org,acmhelp@acm.org,1,1,15,acmhelp@acm.org,PROPN,NNP,ROOT,xxxx@xxx.xxx,0.0
info@dkit.ie,info@dkit.ie,1,1,12,info@dkit.ie,PROPN,NNP,ROOT,xxxx@xxxx.xx,0.0
info@pensole.com,info@pensole.com,1,1,16,info@pensole.com,X,ADD,ROOT,xxxx@xxxx.xxx,0.0
welcome@contacts.bham.ac.uk,welcome@contacts.bham.ac.uk,1,1,27,welcome@contacts.bham.ac.uk,VERB,VB,ROOT,xxxx@xxxx.xxxx.xx.xx,0.0
info@ride.ri.gov,info@ride.ri.gov,1,1,16,info@ride.ri.gov,SPACE,_SP,ROOT,xxxx@xxxx.xx.xxx,0.0
giving@msm.edu,giving@msm.edu,1,1,14,giving@msm.edu,SPACE,_SP,ROOT,xxxx@xxx.xxx,0.0
communityengagement@journalism.cuny.edu,communityengagement@journalism.cuny.edu,1,1,39,communityengagement@journalism.cuny.edu,VERB,VB,ROOT,xxxx@xxxx.xxxx.xxx,0.0
qsmanager@nus.edu.sg,qsmanager@nus.edu.sg,1,1,20,qsmanager@nus.edu.sg,ADV,RB,ROOT,xxxx@xxx.xxx.xx,0.0
info@hartsem.edu,info@hartsem.edu,1,1,16,info@hartsem.edu,X,ADD,ROOT,xxxx@xxxx.xxx,0.0
web@kzoo.edu,web@kzoo.edu,1,1,12,web@kzoo.edu,NOUN,NNS,ROOT,xxx@xxxx.xxx,0.0
hello@hwschool.online,hello@hwschool.online,1,1,21,hello@hwschool.online,INTJ,UH,ROOT,xxxx@xxxx.xxxx,0.0
alumni@flcc.edu,alumni@flcc.edu,1,1,15,alumni@flcc.edu,NOUN,NN,ROOT,xxxx@xxxx.xxx,0.0
helpdesk@philander.edu,helpdesk@philander.edu,1,1,22,helpdesk@philander.edu,X,ADD,ROOT,xxxx@xxxx.xxx,0.0
ckjaney@bsc.edu,ckjaney@bsc.edu,1,1,15,ckjaney@bsc.edu,VERB,VBZ,ROOT,xxxx@xxx.xxx,0.0
lparker@pulaskitech.edu,lparker@pulaskitech.edu,1,1,23,lparker@pulaskitech.edu,X,ADD,ROOT,xxxx@xxxx.xxx,0.0
marketing@pnw.edu,marketing@pnw.edu,1,1,17,marketing@pnw.edu,NOUN,NN,ROOT,xxxx@xxx.xxx,0.0
webmaster@miami.edu,webmaster@miami.edu,1,1,19,webmaster@miami.edu,X,ADD,ROOT,xxxx@xxxx.xxx,0.0
keciipc@kongu.ac.in,keciipc@kongu.ac.in,1,1,19,keciipc@kongu.ac.in,PROPN,NNP,ROOT,xxxx@xxxx.xx.xx,0.0
webmaster@wccc.edu,webmaster@wccc.edu,1,1,18,webmaster@wccc.edu,X,ADD,ROOT,xxxx@xxxx.xxx,0.0
dfong@umn.edu,dfong@umn.edu,1,1,13,dfong@umn.edu,VERB,VB,ROOT,xxxx@xxx.xxx,0.0
geubanks@savannahtech.edu,geubanks@savannahtech.edu,1,1,25,geubanks@savannahtech.edu,X,ADD,ROOT,xxxx@xxxx.xxx,0.0
admissions@bakerU.edu,admissions@bakerU.edu,1,1,21,admissions@bakerU.edu,PUNCT,.,ROOT,xxxx@xxxxX.xxx,0.0
com@wmcarey.edu,com@wmcarey.edu,1,1,15,com@wmcarey.edu,NOUN,NNS,ROOT,xxx@xxxx.xxx,0.0
university@otago.ac.nz,university@otago.ac.nz,1,1,22,university@otago.ac.nz,NOUN,NN,ROOT,xxxx@xxxx.xx.xx,0.0
publicrelations@neomed.edu,publicrelations@neomed.edu,1,1,26,publicrelations@neomed.edu,NOUN,NN,ROOT,xxxx@xxxx.xxx,0.0
info@smu.ca,info@smu.ca,1,1,11,info@smu.ca,ADV,RB,ROOT,xxxx@xxx.xx,0.0
alumni@loyno.edu,alumni@loyno.edu,1,1,16,alumni@loyno.edu,X,ADD,ROOT,xxxx@xxxx.xxx,0.0
help@uhd.edu,help@uhd.edu,1,1,12,help@uhd.edu,VERB,VB,ROOT,xxxx@xxx.xxx,0.0
arvin@unsw.edu.au,arvin@unsw.edu.au,1,1,17,arvin@unsw.edu.au,PROPN,NNP,ROOT,xxxx@xxxx.xxx.xx,0.0
admissions@msmary.edu,admissions@msmary.edu,1,1,21,admissions@msmary.edu,X,ADD,ROOT,xxxx@xxxx.xxx,0.0
communications_office@ceu.edu,communications_office@ceu.edu,1,1,29,communications_office@ceu.edu,X,ADD,ROOT,xxxx_xxxx@xxx.xxx,0.0
help.desk@slcc.edu,help.desk@slcc.edu,1,1,18,help.desk@slcc.edu,VERB,VBZ,ROOT,xxxx.xxxx@xxxx.xxx,0.0
admission@cim.edu,admission@cim.edu,1,1,17,admission@cim.edu,X,XX,ROOT,xxxx@xxx.xxx,0.0
info@tesu.edu,info@tesu.edu,1,1,13,info@tesu.edu,X,ADD,ROOT,xxxx@xxxx.xxx,0.0
ucomm@stmarytx.edu,ucomm@stmarytx.edu,1,1,18,ucomm@stmarytx.edu,X,ADD,ROOT,xxxx@xxxx.xxx,0.0
alumni@berry.edu,alumni@berry.edu,1,1,16,alumni@berry.edu,VERB,VBZ,ROOT,xxxx@xxxx.xxx,0.0
alumni@arcadia.edu,alumni@arcadia.edu,1,1,18,alumni@arcadia.edu,NOUN,NNS,ROOT,xxxx@xxxx.xxx,0.0
contact@merid.org,contact@merid.org,1,1,17,contact@merid.org,VERB,VB,ROOT,xxxx@xxxx.xxx,0.0
alumni@elmhurst.edu,alumni@elmhurst.edu,1,1,19,alumni@elmhurst.edu,X,ADD,ROOT,xxxx@xxxx.xxx,0.0
info@nufnd.uneb.edu,info@nufnd.uneb.edu,1,1,19,info@nufnd.uneb.edu,NOUN,NN,ROOT,xxxx@xxxx.xxxx.xxx,0.0
plopes@kean.edu,plopes@kean.edu,1,1,15,plopes@kean.edu,NOUN,NNS,ROOT,xxxx@xxxx.xxx,0.0
webmaster@xula.edu,webmaster@xula.edu,1,1,18,webmaster@xula.edu,X,ADD,ROOT,xxxx@xxxx.xxx,0.0
chogan@nctc.edu,chogan@nctc.edu,1,1,15,chogan@nctc.edu,X,ADD,ROOT,xxxx@xxxx.xxx,0.0
admission@wellesley.edu,admission@wellesley.edu,1,1,23,admission@wellesley.edu,X,ADD,ROOT,xxxx@xxxx.xxx,0.0
admissions@ltu.edu,admissions@ltu.edu,1,1,18,admissions@ltu.edu,SPACE,_SP,ROOT,xxxx@xxx.xxx,0.0
connall@gonzaga.edu,connall@gonzaga.edu,1,1,19,connall@gonzaga.edu,X,ADD,ROOT,xxxx@xxxx.xxx,0.0
hello@greenfox.academy,hello@greenfox.academy,1,1,22,hello@greenfox.academy,NOUN,NN,ROOT,xxxx@xxxx.xxxx,0.0
info@ursuline.edu,info@ursuline.edu,1,1,17,info@ursuline.edu,NOUN,NNS,ROOT,xxxx@xxxx.xxx,0.0
alumni@huntington.edu,alumni@huntington.edu,1,1,21,alumni@huntington.edu,X,ADD,ROOT,xxxx@xxxx.xxx,0.0
webmaster@cc.hawaii.edu,webmaster@cc.hawaii.edu,1,1,23,webmaster@cc.hawaii.edu,X,ADD,ROOT,xxxx@xx.xxxx.xxx,0.0
online@campbellsville.edu,online@campbellsville.edu,1,1,25,online@campbellsville.edu,X,ADD,ROOT,xxxx@xxxx.xxx,0.0
jxr404@case.edu,jxr404@case.edu,1,1,15,jxr404@case.edu,PROPN,NNP,ROOT,xxxddd@xxxx.xxx,0.0
info@augusta.edu,info@augusta.edu,1,1,16,info@augusta.edu,X,ADD,ROOT,xxxx@xxxx.xxx,0.0
fios@ncad.ie,fios@ncad.ie,1,1,12,fios@ncad.ie,PROPN,NNP,ROOT,xxxx@xxxx.xx,0.0
effective@bsu.edu,effective@bsu.edu,1,1,17,effective@bsu.edu,VERB,VBZ,ROOT,xxxx@xxx.xxx,0.0
enquiries@hernehillschool.co.uk,enquiries@hernehillschool.co.uk,1,1,31,enquiries@hernehillschool.co.uk,VERB,VB,ROOT,xxxx@xxxx.xx.xx,0.0
iTHRIVAdmin@hscmail.mcc.virginia.edu,iTHRIVAdmin@hscmail.mcc.virginia.edu,1,1,36,ithrivadmin@hscmail.mcc.virginia.edu,X,ADD,ROOT,xXXXXxxxx@xxxx.xxx.xxxx.xxx,0.0
info@delta.edu,info@delta.edu,1,1,14,info@delta.edu,X,ADD,ROOT,xxxx@xxxx.xxx,0.0
alumni@gcu.ac.uk,alumni@gcu.ac.uk,1,1,16,alumni@gcu.ac.uk,SPACE,_SP,ROOT,xxxx@xxx.xx.xx,0.0
info@i3academy.org,info@i3academy.org,1,1,18,info@i3academy.org,SPACE,_SP,ROOT,xxxx@xdxxxx.xxx,0.0
info@lesallay.academy,info@lesallay.academy,1,1,21,info@lesallay.academy,NOUN,NN,ROOT,xxxx@xxxx.xxxx,0.0
webmaster@fisk.edu,webmaster@fisk.edu,1,1,18,webmaster@fisk.edu,X,ADD,ROOT,xxxx@xxxx.xxx,0.0
info@damien.edu,info@damien.edu,1,1,15,info@damien.edu,NOUN,NN,ROOT,xxxx@xxxx.xxx,0.0
gbowden@jhu.edu,gbowden@jhu.edu,1,1,15,gbowden@jhu.edu,SPACE,_SP,ROOT,xxxx@xxx.xxx,0.0
webcomm@astate.edu,webcomm@astate.edu,1,1,18,webcomm@astate.edu,NUM,CD,ROOT,xxxx@xxxx.xxx,0.0
online@nwacc.edu,online@nwacc.edu,1,1,16,online@nwacc.edu,VERB,VB,ROOT,xxxx@xxxx.xxx,0.0
parkk@ctsnet.edu,parkk@ctsnet.edu,1,1,16,parkk@ctsnet.edu,X,ADD,ROOT,xxxx@xxxx.xxx,0.0
info@edcc.edu,info@edcc.edu,1,1,13,info@edcc.edu,NOUN,NN,ROOT,xxxx@xxxx.xxx,0.0
courseadvisors@icslearn.co.uk,courseadvisors@icslearn.co.uk,1,1,29,courseadvisors@icslearn.co.uk,ADJ,JJ,ROOT,xxxx@xxxx.xx.xx,0.0
hresc@asu.edu,hresc@asu.edu,1,1,13,hresc@asu.edu,NOUN,NN,ROOT,xxxx@xxx.xxx,0.0
info@greatheartstx.org,info@greatheartstx.org,1,1,22,info@greatheartstx.org,VERB,VB,ROOT,xxxx@xxxx.xxx,0.0
questions@fortsmithschools.org,questions@fortsmithschools.org,1,1,30,questions@fortsmithschools.org,NUM,CD,ROOT,xxxx@xxxx.xxx,0.0
webmaster@ucr.edu,webmaster@ucr.edu,1,1,17,webmaster@ucr.edu,NOUN,NN,ROOT,xxxx@xxx.xxx,0.0
admissions@kgi.edu,admissions@kgi.edu,1,1,18,admissions@kgi.edu,SPACE,_SP,ROOT,xxxx@xxx.xxx,0.0
admissions@med.unc.edu,admissions@med.unc.edu,1,1,22,admissions@med.unc.edu,PROPN,NNP,ROOT,xxxx@xxx.xxx.xxx,0.0
admiss@nmu.edu,admiss@nmu.edu,1,1,14,admiss@nmu.edu,VERB,VB,ROOT,xxxx@xxx.xxx,0.0
Cheryl.Tiahrt@usd.edu,Cheryl.Tiahrt@usd.edu,1,1,21,cheryl.tiahrt@usd.edu,NOUN,NN,ROOT,Xxxxx.Xxxxx@xxx.xxx,0.0
contact@lankabpoacademy.lk,contact@lankabpoacademy.lk,1,1,26,contact@lankabpoacademy.lk,PROPN,NNP,ROOT,xxxx@xxxx.xx,0.0
info@molloy.edu,info@molloy.edu,1,1,15,info@molloy.edu,VERB,VBZ,ROOT,xxxx@xxxx.xxx,0.0
admission@sifc.net.cn,admission@sifc.net.cn,1,1,21,admission@sifc.net.cn,NOUN,NN,ROOT,xxxx@xxxx.xxx.xx,0.0
alumni@laverne.edu,alumni@laverne.edu,1,1,18,alumni@laverne.edu,X,ADD,ROOT,xxxx@xxxx.xxx,0.0
webmaster@tougaloo.edu,webmaster@tougaloo.edu,1,1,22,webmaster@tougaloo.edu,PROPN,NNP,ROOT,xxxx@xxxx.xxx,0.0
uerelations@evansville.edu,uerelations@evansville.edu,1,1,26,uerelations@evansville.edu,X,ADD,ROOT,xxxx@xxxx.xxx,0.0
kelly.fay@alverno.edu,kelly.fay@alverno.edu,1,1,21,kelly.fay@alverno.edu,NOUN,NNS,ROOT,xxxx.xxx@xxxx.xxx,0.0
information@southtexascollege.edu,information@southtexascollege.edu,1,1,33,information@southtexascollege.edu,X,ADD,ROOT,xxxx@xxxx.xxx,0.0
info@isu.edu,info@isu.edu,1,1,12,info@isu.edu,X,XX,ROOT,xxxx@xxx.xxx,0.0
help@govst.edu,help@govst.edu,1,1,14,help@govst.edu,X,ADD,ROOT,xxxx@xxxx.xxx,0.0
admissions@mwcc.edu,admissions@mwcc.edu,1,1,19,admissions@mwcc.edu,X,ADD,ROOT,xxxx@xxxx.xxx,0.0
ask@cincinnatistate.edu,ask@cincinnatistate.edu,1,1,23,ask@cincinnatistate.edu,ADV,RB,ROOT,xxx@xxxx.xxx,0.0
pr@ndc.edu,pr@ndc.edu,1,1,10,pr@ndc.edu,NOUN,NN,ROOT,xx@xxx.xxx,0.0
www-team@cs.cmu.edu,www-team@cs.cmu.edu,1,1,19,www-team@cs.cmu.edu,X,LS,ROOT,xxx-xxxx@xx.xxx.xxx,0.0
dan.silvia@bellevue.edu,dan.silvia@bellevue.edu,1,1,23,dan.silvia@bellevue.edu,VERB,VB,ROOT,xxx.xxxx@xxxx.xxx,0.0
hr@carleton.edu,hr@carleton.edu,1,1,15,hr@carleton.edu,PUNCT,.,ROOT,xx@xxxx.xxx,0.0
media@mytu.tuskegee.edu,media@mytu.tuskegee.edu,1,1,23,media@mytu.tuskegee.edu,NUM,CD,ROOT,xxxx@xxxx.xxxx.xxx,0.0
marketing@eurokidsindia.com,marketing@eurokidsindia.com,1,1,27,marketing@eurokidsindia.com,X,ADD,ROOT,xxxx@xxxx.xxx,0.0
info@ranken.edu,info@ranken.edu,1,1,15,info@ranken.edu,NOUN,NNS,ROOT,xxxx@xxxx.xxx,0.0
sewebhost@sersd.org,sewebhost@sersd.org,1,1,19,sewebhost@sersd.org,X,LS,ROOT,xxxx@xxxx.xxx,0.0
alumni@the-bac.edu,alumni@the-bac.edu,1,1,18,alumni@the-bac.edu,NOUN,NN,ROOT,xxxx@xxx-xxx.xxx,0.0
learn@wne.edu,learn@wne.edu,1,1,13,learn@wne.edu,VERB,VB,ROOT,xxxx@xxx.xxx,0.0
info@alvincollege.edu,info@alvincollege.edu,1,1,21,info@alvincollege.edu,X,ADD,ROOT,xxxx@xxxx.xxx,0.0
marketing@txstate.edu,marketing@txstate.edu,1,1,21,marketing@txstate.edu,NOUN,NN,ROOT,xxxx@xxxx.xxx,0.0
info@sans.org,info@sans.org,1,1,13,info@sans.org,NUM,CD,ROOT,xxxx@xxxx.xxx,0.0
vc@dkut.ac.ke,vc@dkut.ac.ke,1,1,13,vc@dkut.ac.ke,VERB,VBP,ROOT,xx@xxxx.xx.xx,0.0
web@hope.edu,web@hope.edu,1,1,12,web@hope.edu,NOUN,NNS,ROOT,xxx@xxxx.xxx,0.0
williamsinstitute@law.ucla.edu,williamsinstitute@law.ucla.edu,1,1,30,williamsinstitute@law.ucla.edu,NOUN,NNS,ROOT,xxxx@xxx.xxxx.xxx,0.0
info@indianactsi.org,info@indianactsi.org,1,1,20,info@indianactsi.org,NUM,CD,ROOT,xxxx@xxxx.xxx,0.0
whitney.leong@yahoo.com,whitney.leong@yahoo.com,1,1,23,whitney.leong@yahoo.com,X,ADD,ROOT,xxxx.xxxx@xxxx.xxx,0.0
info@display.com,info@display.com,1,1,16,info@display.com,X,ADD,ROOT,xxxx@xxxx.xxx,0.0
hello@theironyard.com,hello@theironyard.com,1,1,21,hello@theironyard.com,X,ADD,ROOT,xxxx@xxxx.xxx,0.0
admission@wku.edu,admission@wku.edu,1,1,17,admission@wku.edu,NOUN,NN,ROOT,xxxx@xxx.xxx,0.0
admissions-records@alamancecc.edu,admissions-records@alamancecc.edu,1,1,33,admissions-records@alamancecc.edu,VERB,VBP,ROOT,xxxx-xxxx@xxxx.xxx,0.0
helpdesk@cdrewu.edu,helpdesk@cdrewu.edu,1,1,19,helpdesk@cdrewu.edu,X,ADD,ROOT,xxxx@xxxx.xxx,0.0
registration@sctcc.edu,registration@sctcc.edu,1,1,22,registration@sctcc.edu,X,ADD,ROOT,xxxx@xxxx.xxx,0.0
admissions@uhcl.edu,admissions@uhcl.edu,1,1,19,admissions@uhcl.edu,X,ADD,ROOT,xxxx@xxxx.xxx,0.0
enrollme@ashland.edu,enrollme@ashland.edu,1,1,20,enrollme@ashland.edu,PROPN,NNP,ROOT,xxxx@xxxx.xxx,0.0
alumni@plymouth.edu,alumni@plymouth.edu,1,1,19,alumni@plymouth.edu,NOUN,NNS,ROOT,xxxx@xxxx.xxx,0.0
isc@det.nsw.edu.au,isc@det.nsw.edu.au,1,1,18,isc@det.nsw.edu.au,PROPN,NNP,ROOT,xxx@xxx.xxx.xxx.xx,0.0
ai2-info@allenai.org,ai2-info@allenai.org,1,1,20,ai2-info@allenai.org,NUM,CD,ROOT,xxd-xxxx@xxxx.xxx,0.0
ntcantigo@ntc.edu,ntcantigo@ntc.edu,1,1,17,ntcantigo@ntc.edu,SPACE,_SP,ROOT,xxxx@xxx.xxx,0.0
webmaster@fvtc.edu,webmaster@fvtc.edu,1,1,18,webmaster@fvtc.edu,NOUN,NN,ROOT,xxxx@xxxx.xxx,0.0
admissions@tech.cornell.edu,admissions@tech.cornell.edu,1,1,27,admissions@tech.cornell.edu,NUM,CD,ROOT,xxxx@xxxx.xxxx.xxx,0.0
support@w3schools.com,support@w3schools.com,1,1,21,support@w3schools.com,X,ADD,ROOT,xxxx@xdxxxx.xxx,0.0
community@rosesinconcrete.org,community@rosesinconcrete.org,1,1,29,community@rosesinconcrete.org,VERB,VB,ROOT,xxxx@xxxx.xxx,0.0
muniza@lssc.edu,muniza@lssc.edu,1,1,15,muniza@lssc.edu,X,ADD,ROOT,xxxx@xxxx.xxx,0.0
admissions@felician.edu,admissions@felician.edu,1,1,23,admissions@felician.edu,X,ADD,ROOT,xxxx@xxxx.xxx,0.0
study@leedsbeckett.ac.uk,study@leedsbeckett.ac.uk,1,1,24,study@leedsbeckett.ac.uk,VERB,VB,ROOT,xxxx@xxxx.xx.xx,0.0
hr@rivier.edu,hr@rivier.edu,1,1,13,hr@rivier.edu,VERB,VBP,ROOT,xx@xxxx.xxx,0.0
admissions@ciu.ac.ug,admissions@ciu.ac.ug,1,1,20,admissions@ciu.ac.ug,SPACE,_SP,ROOT,xxxx@xxx.xx.xx,0.0
help@wofford.edu,help@wofford.edu,1,1,16,help@wofford.edu,X,ADD,ROOT,xxxx@xxxx.xxx,0.0
info@collin.edu,info@collin.edu,1,1,15,info@collin.edu,NOUN,NNS,ROOT,xxxx@xxxx.xxx,0.0
jobs@lbcc.edu,jobs@lbcc.edu,1,1,13,jobs@lbcc.edu,PROPN,NNP,ROOT,xxxx@xxxx.xxx,0.0
webmaster@lsu.edu,webmaster@lsu.edu,1,1,17,webmaster@lsu.edu,INTJ,UH,ROOT,xxxx@xxx.xxx,0.0
webmaster@umkc.edu,webmaster@umkc.edu,1,1,18,webmaster@umkc.edu,NOUN,NNS,ROOT,xxxx@xxxx.xxx,0.0
admissions@monroecc.edu,admissions@monroecc.edu,1,1,23,admissions@monroecc.edu,X,ADD,ROOT,xxxx@xxxx.xxx,0.0
infoims@pennfoster.com,infoims@pennfoster.com,1,1,22,infoims@pennfoster.com,X,ADD,ROOT,xxxx@xxxx.xxx,0.0
hello@imaginemontessori.es,hello@imaginemontessori.es,1,1,26,hello@imaginemontessori.es,PROPN,NNP,ROOT,xxxx@xxxx.xx,0.0
admissions@wlu.edu,admissions@wlu.edu,1,1,18,admissions@wlu.edu,PROPN,NNP,ROOT,xxxx@xxx.xxx,0.0
helpdesk@seminolestate.edu,helpdesk@seminolestate.edu,1,1,26,helpdesk@seminolestate.edu,X,ADD,ROOT,xxxx@xxxx.xxx,0.0
webmaster@wpcc.edu,webmaster@wpcc.edu,1,1,18,webmaster@wpcc.edu,NOUN,NN,ROOT,xxxx@xxxx.xxx,0.0
uwbinfo@uw.edu,uwbinfo@uw.edu,1,1,14,uwbinfo@uw.edu,ADP,IN,ROOT,xxxx@xx.xxx,0.0
earlycollege@bard.edu,earlycollege@bard.edu,1,1,21,earlycollege@bard.edu,X,ADD,ROOT,xxxx@xxxx.xxx,0.0
helpdesk@uvic.ca,helpdesk@uvic.ca,1,1,16,helpdesk@uvic.ca,ADV,RB,ROOT,xxxx@xxxx.xx,0.0
engin-info@umich.edu,engin-info@umich.edu,1,1,20,engin-info@umich.edu,NOUN,NN,ROOT,xxxx-xxxx@xxxx.xxx,0.0
helpdesk@dsj.org,helpdesk@dsj.org,1,1,16,helpdesk@dsj.org,INTJ,UH,ROOT,xxxx@xxx.xxx,0.0
dcchr@dcc.edu,dcchr@dcc.edu,1,1,13,dcchr@dcc.edu,SPACE,_SP,ROOT,xxxx@xxx.xxx,0.0
mdadmit@nymc.edu,mdadmit@nymc.edu,1,1,16,mdadmit@nymc.edu,VERB,VB,ROOT,xxxx@xxxx.xxx,0.0
hola@thepowermba.com,hola@thepowermba.com,1,1,20,hola@thepowermba.com,X,ADD,ROOT,xxxx@xxxx.xxx,0.0
info@yourshop.com,info@yourshop.com,1,1,17,info@yourshop.com,X,ADD,ROOT,xxxx@xxxx.xxx,0.0
adamsl@mtmary.edu,adamsl@mtmary.edu,1,1,17,adamsl@mtmary.edu,X,ADD,ROOT,xxxx@xxxx.xxx,0.0
chancellor@asub.edu,chancellor@asub.edu,1,1,19,chancellor@asub.edu,NOUN,NNS,ROOT,xxxx@xxxx.xxx,0.0
admissions@bridgevalley.edu,admissions@bridgevalley.edu,1,1,27,admissions@bridgevalley.edu,X,ADD,ROOT,xxxx@xxxx.xxx,0.0
ugrad@cs.umd.edu,ugrad@cs.umd.edu,1,1,16,ugrad@cs.umd.edu,VERB,VBG,ROOT,xxxx@xx.xxx.xxx,0.0
lasinfo@uic.edu,lasinfo@uic.edu,1,1,15,lasinfo@uic.edu,X,XX,ROOT,xxxx@xxx.xxx,0.0
webmaster@mma.edu,webmaster@mma.edu,1,1,17,webmaster@mma.edu,NOUN,NN,ROOT,xxxx@xxx.xxx,0.0
iuf@indiana.edu,iuf@indiana.edu,1,1,15,iuf@indiana.edu,NOUN,NNS,ROOT,xxx@xxxx.xxx,0.0
sphadmissions@emory.edu,sphadmissions@emory.edu,1,1,23,sphadmissions@emory.edu,NOUN,NN,ROOT,xxxx@xxxx.xxx,0.0
info@brynmawr.edu,info@brynmawr.edu,1,1,17,info@brynmawr.edu,X,ADD,ROOT,xxxx@xxxx.xxx,0.0
info@iadt.ie,info@iadt.ie,1,1,12,info@iadt.ie,VERB,VB,ROOT,xxxx@xxxx.xx,0.0
info@cornell.edu,info@cornell.edu,1,1,16,info@cornell.edu,VERB,VB,ROOT,xxxx@xxxx.xxx,0.0
sam@bostonifi.com,sam@bostonifi.com,1,1,17,sam@bostonifi.com,VERB,VB,ROOT,xxx@xxxx.xxx,0.0
admin@upeisu.ca,admin@upeisu.ca,1,1,15,admin@upeisu.ca,PROPN,NNP,ROOT,xxxx@xxxx.xx,0.0
nuariinfo@norwich.edu,nuariinfo@norwich.edu,1,1,21,nuariinfo@norwich.edu,X,ADD,ROOT,xxxx@xxxx.xxx,0.0
vet-hosp@cornell.edu,vet-hosp@cornell.edu,1,1,20,vet-hosp@cornell.edu,NOUN,NNS,ROOT,xxx-xxxx@xxxx.xxx,0.0
helpdesk@lit.edu,helpdesk@lit.edu,1,1,16,helpdesk@lit.edu,PROPN,NNP,ROOT,xxxx@xxx.xxx,0.0
info@futo.edu.ng,info@futo.edu.ng,1,1,16,info@futo.edu.ng,NOUN,NN,ROOT,xxxx@xxxx.xxx.xx,0.0
admissions@itc.edu,admissions@itc.edu,1,1,18,admissions@itc.edu,SPACE,_SP,ROOT,xxxx@xxx.xxx,0.0
info@wccaviation.com,info@wccaviation.com,1,1,20,info@wccaviation.com,X,ADD,ROOT,xxxx@xxxx.xxx,0.0
info@iyrs.edu,info@iyrs.edu,1,1,13,info@iyrs.edu,VERB,VB,ROOT,xxxx@xxxx.xxx,0.0
info@koenig-solutions.com,info@koenig-solutions.com,1,1,25,info@koenig-solutions.com,PROPN,NNP,ROOT,xxxx@xxxx-xxxx.xxx,0.0
contact@oakslab.academy,contact@oakslab.academy,1,1,23,contact@oakslab.academy,NOUN,NN,ROOT,xxxx@xxxx.xxxx,0.0
webteam@twu.edu,webteam@twu.edu,1,1,15,webteam@twu.edu,PROPN,NNP,ROOT,xxxx@xxx.xxx,0.0
hussman@unc.edu,hussman@unc.edu,1,1,15,hussman@unc.edu,PROPN,NNP,ROOT,xxxx@xxx.xxx,0.0
creates@rowan.edu,creates@rowan.edu,1,1,17,creates@rowan.edu,X,ADD,ROOT,xxxx@xxxx.xxx,0.0
info@becker.edu,info@becker.edu,1,1,15,info@becker.edu,VERB,VB,ROOT,xxxx@xxxx.xxx,0.0
webmaster@sf.edu,webmaster@sf.edu,1,1,16,webmaster@sf.edu,NOUN,NN,ROOT,xxxx@xx.xxx,0.0
info@moore.edu,info@moore.edu,1,1,14,info@moore.edu,X,ADD,ROOT,xxxx@xxxx.xxx,0.0
admissions@amityonline.com,admissions@amityonline.com,1,1,26,admissions@amityonline.com,X,ADD,ROOT,xxxx@xxxx.xxx,0.0
info@iub.edu.bd,info@iub.edu.bd,1,1,15,info@iub.edu.bd,VERB,VB,ROOT,xxxx@xxx.xxx.xx,0.0
webmaster@ox.ac.uk,webmaster@ox.ac.uk,1,1,18,webmaster@ox.ac.uk,ADJ,JJ,ROOT,xxxx@xx.xx.xx,0.0
community@cerritos.edu,community@cerritos.edu,1,1,22,community@cerritos.edu,X,LS,ROOT,xxxx@xxxx.xxx,0.0
info@coastline.edu,info@coastline.edu,1,1,18,info@coastline.edu,X,ADD,ROOT,xxxx@xxxx.xxx,0.0
info@sse.edu.au,info@sse.edu.au,1,1,15,info@sse.edu.au,PROPN,NNP,ROOT,xxxx@xxx.xxx.xx,0.0
rnorman@southark.edu,rnorman@southark.edu,1,1,20,rnorman@southark.edu,PROPN,NNP,ROOT,xxxx@xxxx.xxx,0.0
global@niit.com,global@niit.com,1,1,15,global@niit.com,X,ADD,ROOT,xxxx@xxxx.xxx,0.0
admision@uam.edu.ni,admision@uam.edu.ni,1,1,19,admision@uam.edu.ni,PROPN,NNP,ROOT,xxxx@xxx.xxx.xx,0.0
info@medisend.org,info@medisend.org,1,1,17,info@medisend.org,X,ADD,ROOT,xxxx@xxxx.xxx,0.0
info@scccd.edu,info@scccd.edu,1,1,14,info@scccd.edu,X,ADD,ROOT,xxxx@xxxx.xxx,0.0
news@alfred.edu,news@alfred.edu,1,1,15,news@alfred.edu,X,ADD,ROOT,xxxx@xxxx.xxx,0.0
usm-webmaster@lists.maine.edu,usm-webmaster@lists.maine.edu,1,1,29,usm-webmaster@lists.maine.edu,NOUN,NN,ROOT,xxx-xxxx@xxxx.xxxx.xxx,0.0
information@sjcd.edu,information@sjcd.edu,1,1,20,information@sjcd.edu,X,ADD,ROOT,xxxx@xxxx.xxx,0.0
mark_ruff@bloomfield.edu,mark_ruff@bloomfield.edu,1,1,24,mark_ruff@bloomfield.edu,PROPN,NNP,ROOT,xxxx_xxxx@xxxx.xxx,0.0
info@joefossinstitute.org,info@joefossinstitute.org,1,1,25,info@joefossinstitute.org,NUM,CD,ROOT,xxxx@xxxx.xxx,0.0
info@whatcom.ctc.edu,info@whatcom.ctc.edu,1,1,20,info@whatcom.ctc.edu,PROPN,NNP,ROOT,xxxx@xxxx.xxx.xxx,0.0
lisbeth.soederberg@ndm.ox.ac.uk,lisbeth.soederberg@ndm.ox.ac.uk,1,1,31,lisbeth.soederberg@ndm.ox.ac.uk,ADJ,JJR,ROOT,xxxx.xxxx@xxx.xx.xx.xx,0.0
webteam@ntu.edu.sg,webteam@ntu.edu.sg,1,1,18,webteam@ntu.edu.sg,X,FW,ROOT,xxxx@xxx.xxx.xx,0.0
admissions@dean.edu,admissions@dean.edu,1,1,19,admissions@dean.edu,X,ADD,ROOT,xxxx@xxxx.xxx,0.0
info@lekkipeninsulacollege.com,info@lekkipeninsulacollege.com,1,1,30,info@lekkipeninsulacollege.com,X,ADD,ROOT,xxxx@xxxx.xxx,0.0
customercare@pmi.org,customercare@pmi.org,1,1,20,customercare@pmi.org,ADP,IN,ROOT,xxxx@xxx.xxx,0.0
ebrooke@ebrooke.org,ebrooke@ebrooke.org,1,1,19,ebrooke@ebrooke.org,ADJ,JJ,ROOT,xxxx@xxxx.xxx,0.0
info@rca.ac.uk,info@rca.ac.uk,1,1,14,info@rca.ac.uk,VERB,VB,ROOT,xxxx@xxx.xx.xx,0.0
som@vtu.ac.in,som@vtu.ac.in,1,1,13,som@vtu.ac.in,NOUN,NN,ROOT,xxx@xxx.xx.xx,0.0
hello@franklinscholars.org,hello@franklinscholars.org,1,1,26,hello@franklinscholars.org,X,ADD,ROOT,xxxx@xxxx.xxx,0.0
towcenter@columbia.edu,towcenter@columbia.edu,1,1,22,towcenter@columbia.edu,X,ADD,ROOT,xxxx@xxxx.xxx,0.0
hr@northpark.edu,hr@northpark.edu,1,1,16,hr@northpark.edu,NOUN,NN,ROOT,xx@xxxx.xxx,0.0
email@animalbehaviorcollege.com,email@animalbehaviorcollege.com,1,1,31,email@animalbehaviorcollege.com,X,ADD,ROOT,xxxx@xxxx.xxx,0.0
emergingissues@ncsu.edu,emergingissues@ncsu.edu,1,1,23,emergingissues@ncsu.edu,NOUN,NN,ROOT,xxxx@xxxx.xxx,0.0
admissions@son.umaryland.edu,admissions@son.umaryland.edu,1,1,28,admissions@son.umaryland.edu,PROPN,NNP,ROOT,xxxx@xxx.xxxx.xxx,0.0
ccarson@suno.edu,ccarson@suno.edu,1,1,16,ccarson@suno.edu,X,ADD,ROOT,xxxx@xxxx.xxx,0.0
admissions@georgiasouthern.edu,admissions@georgiasouthern.edu,1,1,30,admissions@georgiasouthern.edu,NOUN,NNS,ROOT,xxxx@xxxx.xxx,0.0
gwhitaker@forsythtech.edu,gwhitaker@forsythtech.edu,1,1,25,gwhitaker@forsythtech.edu,NOUN,NN,ROOT,xxxx@xxxx.xxx,0.0
accessibility@ipfw.edu,accessibility@ipfw.edu,1,1,22,accessibility@ipfw.edu,PUNCT,.,ROOT,xxxx@xxxx.xxx,0.0
contact@baypath.edu,contact@baypath.edu,1,1,19,contact@baypath.edu,VERB,VBZ,ROOT,xxxx@xxxx.xxx,0.0
admissions@westfield.ma.edu,admissions@westfield.ma.edu,1,1,27,admissions@westfield.ma.edu,SPACE,_SP,ROOT,xxxx@xxxx.xx.xxx,0.0
tx-asc@tunxis.edu,tx-asc@tunxis.edu,1,1,17,tx-asc@tunxis.edu,X,ADD,ROOT,xx-xxx@xxxx.xxx,0.0
finance@juilliard.edu,finance@juilliard.edu,1,1,21,finance@juilliard.edu,NOUN,NNS,ROOT,xxxx@xxxx.xxx,0.0
bharti.coord@admin.iitd.ac.in,bharti.coord@admin.iitd.ac.in,1,1,29,bharti.coord@admin.iitd.ac.in,NOUN,NN,ROOT,xxxx.xxxx@xxxx.xxxx.xx.xx,0.0
ril3@pitt.edu,ril3@pitt.edu,1,1,13,ril3@pitt.edu,VERB,VBZ,ROOT,xxxd@xxxx.xxx,0.0
alumni@dimanregional.org,alumni@dimanregional.org,1,1,24,alumni@dimanregional.org,X,ADD,ROOT,xxxx@xxxx.xxx,0.0
hicadmin@bu.edu,hicadmin@bu.edu,1,1,15,hicadmin@bu.edu,NOUN,NN,ROOT,xxxx@xx.xxx,0.0
admissions@manavrachna.edu.in,admissions@manavrachna.edu.in,1,1,29,admissions@manavrachna.edu.in,PROPN,NNP,ROOT,xxxx@xxxx.xxx.xx,0.0
admit@uwplatt.edu,admit@uwplatt.edu,1,1,17,admit@uwplatt.edu,X,ADD,ROOT,xxxx@xxxx.xxx,0.0
pad@ug.edu.gh,pad@ug.edu.gh,1,1,13,pad@ug.edu.gh,ADV,RB,ROOT,xxx@xx.xxx.xx,0.0
gbendel@shawtech.org,gbendel@shawtech.org,1,1,20,gbendel@shawtech.org,NOUN,NN,ROOT,xxxx@xxxx.xxx,0.0
pr@fullsail.com,pr@fullsail.com,1,1,15,pr@fullsail.com,X,ADD,ROOT,xx@xxxx.xxx,0.0
info@lorainccc.edu,info@lorainccc.edu,1,1,18,info@lorainccc.edu,NUM,CD,ROOT,xxxx@xxxx.xxx,0.0
13melb@unimelb.edu.au,13melb@unimelb.edu.au,1,1,21,13melb@unimelb.edu.au,NUM,CD,ROOT,ddxxxx@xxxx.xxx.xx,0.0
admissions@integrativenutrition.com,admissions@integrativenutrition.com,1,1,35,admissions@integrativenutrition.com,X,ADD,ROOT,xxxx@xxxx.xxx,0.0
principal@sxccal.edu,principal@sxccal.edu,1,1,20,principal@sxccal.edu,VERB,VB,ROOT,xxxx@xxxx.xxx,0.0
doriot@zeitgeist.university,doriot@zeitgeist.university,1,1,27,doriot@zeitgeist.university,NOUN,NN,ROOT,xxxx@xxxx.xxxx,0.0
webmaster@northshore.edu,webmaster@northshore.edu,1,1,24,webmaster@northshore.edu,X,ADD,ROOT,xxxx@xxxx.xxx,0.0
information@cambridge.org,information@cambridge.org,1,1,25,information@cambridge.org,X,ADD,ROOT,xxxx@xxxx.xxx,0.0
uacc-news@uacc.arizona.edu,uacc-news@uacc.arizona.edu,1,1,26,uacc-news@uacc.arizona.edu,PROPN,NNP,ROOT,xxxx-xxxx@xxxx.xxxx.xxx,0.0
info@aspenbsp.org,info@aspenbsp.org,1,1,17,info@aspenbsp.org,NUM,CD,ROOT,xxxx@xxxx.xxx,0.0
webmaster@pilani.bits-pilani.ac.in,webmaster@pilani.bits-pilani.ac.in,1,1,34,webmaster@pilani.bits-pilani.ac.in,NOUN,NN,ROOT,xxxx@xxxx.xxxx-xxxx.xx.xx,0.0
yacnsl@ntid.rit.edu,yacnsl@ntid.rit.edu,1,1,19,yacnsl@ntid.rit.edu,NOUN,NNS,ROOT,xxxx@xxxx.xxx.xxx,0.0
admissions@brunswickcc.edu,admissions@brunswickcc.edu,1,1,26,admissions@brunswickcc.edu,X,ADD,ROOT,xxxx@xxxx.xxx,0.0
admissions@menlo.edu,admissions@menlo.edu,1,1,20,admissions@menlo.edu,X,ADD,ROOT,xxxx@xxxx.xxx,0.0
wgu.washington@wgu.edu,wgu.washington@wgu.edu,1,1,22,wgu.washington@wgu.edu,X,ADD,ROOT,xxx.xxxx@xxx.xxx,0.0
ddewar@mayland.edu,ddewar@mayland.edu,1,1,18,ddewar@mayland.edu,X,ADD,ROOT,xxxx@xxxx.xxx,0.0
pr@asub.edu,pr@asub.edu,1,1,11,pr@asub.edu,NOUN,NNS,ROOT,xx@xxxx.xxx,0.0
nrlpao@nrl.navy.mil,nrlpao@nrl.navy.mil,1,1,19,nrlpao@nrl.navy.mil,PROPN,NNP,ROOT,xxxx@xxx.xxxx.xxx,0.0
contactus@childrensuniversity.co.uk,contactus@childrensuniversity.co.uk,1,1,35,contactus@childrensuniversity.co.uk,VERB,VB,ROOT,xxxx@xxxx.xx.xx,0.0
media@monash.edu,media@monash.edu,1,1,16,media@monash.edu,NOUN,NN,ROOT,xxxx@xxxx.xxx,0.0
bcnschool@bcnschool.com,bcnschool@bcnschool.com,1,1,23,bcnschool@bcnschool.com,X,ADD,ROOT,xxxx@xxxx.xxx,0.0
info@studyin-uk.com,info@studyin-uk.com,1,1,19,info@studyin-uk.com,NOUN,NN,ROOT,xxxx@xxxx-xx.xxx,0.0
glauniversity@gla.ac.in,glauniversity@gla.ac.in,1,1,23,glauniversity@gla.ac.in,SPACE,_SP,ROOT,xxxx@xxx.xx.xx,0.0
incubator@meltwater.org,incubator@meltwater.org,1,1,23,incubator@meltwater.org,NUM,CD,ROOT,xxxx@xxxx.xxx,0.0
pato@collectiveacademy.com,pato@collectiveacademy.com,1,1,26,pato@collectiveacademy.com,X,ADD,ROOT,xxxx@xxxx.xxx,0.0
enquiries@hw.ac.uk,enquiries@hw.ac.uk,1,1,18,enquiries@hw.ac.uk,PROPN,NNP,ROOT,xxxx@xx.xx.xx,0.0
admissions@berkshirecc.edu,admissions@berkshirecc.edu,1,1,26,admissions@berkshirecc.edu,X,ADD,ROOT,xxxx@xxxx.xxx,0.0
15625006@iitb.ac.in,15625006@iitb.ac.in,1,1,19,15625006@iitb.ac.in,SPACE,_SP,ROOT,dddd@xxxx.xx.xx,0.0
webmaster@vetmed.ucdavis.edu,webmaster@vetmed.ucdavis.edu,1,1,28,webmaster@vetmed.ucdavis.edu,PUNCT,``,ROOT,xxxx@xxxx.xxxx.xxx,0.0
alumni@kcumb.edu,alumni@kcumb.edu,1,1,16,alumni@kcumb.edu,PROPN,NNP,ROOT,xxxx@xxxx.xxx,0.0
info@gsb.uct.ac.za,info@gsb.uct.ac.za,1,1,18,info@gsb.uct.ac.za,X,ADD,ROOT,xxxx@xxx.xxx.xx.xx,0.0
waterlab@usc.edu.ph,waterlab@usc.edu.ph,1,1,19,waterlab@usc.edu.ph,PROPN,NNP,ROOT,xxxx@xxx.xxx.xx,0.0
secretary@dpsfamily.org,secretary@dpsfamily.org,1,1,23,secretary@dpsfamily.org,NUM,CD,ROOT,xxxx@xxxx.xxx,0.0
info@mdx.ac,info@mdx.ac,1,1,11,info@mdx.ac,NOUN,NN,ROOT,xxxx@xxx.xx,0.0
mps@mcmaster.ca,mps@mcmaster.ca,1,1,15,mps@mcmaster.ca,VERB,VB,ROOT,xxx@xxxx.xx,0.0
apm@malonecsd.org,apm@malonecsd.org,1,1,17,apm@malonecsd.org,NOUN,NN,ROOT,xxx@xxxx.xxx,0.0
members@accaglobal.com,members@accaglobal.com,1,1,22,members@accaglobal.com,X,ADD,ROOT,xxxx@xxxx.xxx,0.0
office@macademy.org.uk,office@macademy.org.uk,1,1,22,office@macademy.org.uk,INTJ,UH,ROOT,xxxx@xxxx.xxx.xx,0.0
hello@univelcity.com,hello@univelcity.com,1,1,20,hello@univelcity.com,X,ADD,ROOT,xxxx@xxxx.xxx,0.0
info@cestarcollege.com,info@cestarcollege.com,1,1,22,info@cestarcollege.com,X,ADD,ROOT,xxxx@xxxx.xxx,0.0
darwin@haas.berkeley.edu,darwin@haas.berkeley.edu,1,1,24,darwin@haas.berkeley.edu,VERB,VB,ROOT,xxxx@xxxx.xxxx.xxx,0.0
info@unc.ac,info@unc.ac,1,1,11,info@unc.ac,VERB,VB,ROOT,xxxx@xxx.xx,0.0
