Text,Token,Count,Freq,Length,Lemma,PoS,Tag,Dep,Shape,Sentiment
Animoca Brands,Animoca,2,2,7,Animoca,PROPN,NNP,compound,Xxxxx,0.0
Animoca Brands,Brands,2,2,6,Brands,PROPN,NNPS,ROOT,Xxxxx,0.0
Bitwarden,Bitwarden,1,1,9,bitwarden,VERB,VB,ROOT,Xxxxx,0.0
21.co,21.co,1,1,5,21.co,NUM,CD,ROOT,dd.xx,0.0
Mysten Labs,Mysten,2,1,6,Mysten,PROPN,NNP,compound,Xxxxx,0.0
Mysten Labs,Labs,2,1,4,Labs,PROPN,NNPS,ROOT,Xxxx,0.0
thirdweb,thirdweb,1,1,8,thirdweb,PROPN,NNP,ROOT,xxxx,0.0
GroMo,GroMo,1,1,5,gromo,NOUN,NN,ROOT,XxxXx,0.0
Alloy,Alloy,1,1,5,alloy,NOUN,NN,ROOT,Xxxxx,0.0
Cashflo,Cashflo,1,1,7,cashflo,NOUN,NN,ROOT,Xxxxx,0.0
ZippMat,ZippMat,1,2,7,ZippMat,PROPN,NNP,ROOT,XxxxXxx,0.0
Cymulate,Cymulate,1,1,8,cymulate,NOUN,NN,ROOT,Xxxxx,0.0
Taranis,Taranis,1,1,7,Taranis,PROPN,NNP,ROOT,Xxxxx,0.0
Tamara,Tamara,1,1,6,Tamara,PROPN,NNP,ROOT,Xxxxx,0.0
Skyroot Aerospace,Skyroot,2,1,7,Skyroot,PROPN,NNP,compound,Xxxxx,0.0
Skyroot Aerospace,Aerospace,2,1,9,Aerospace,PROPN,NNP,ROOT,Xxxxx,0.0
Pezesha,Pezesha,1,1,7,pezesha,VERB,VB,ROOT,Xxxxx,0.0
Docquity,Docquity,1,1,8,docquity,NOUN,NN,ROOT,Xxxxx,0.0
Credix,Credix,1,1,6,Credix,PROPN,NNP,ROOT,Xxxxx,0.0
MedGenome,MedGenome,1,1,9,medgenome,NOUN,NN,ROOT,XxxXxxxx,0.0
Alma,Alma,1,1,4,alma,NOUN,NN,ROOT,Xxxx,0.0
1mg,1,1,1,1,1,NUM,CD,ROOT,d,0.0
1mg,mg,1,1,2,mg,NOUN,NN,punct,xx,0.0
SkyBridge Capital,SkyBridge,2,1,9,SkyBridge,PROPN,NNP,compound,XxxXxxxx,0.0
SkyBridge Capital,Capital,2,1,7,capital,NOUN,NN,ROOT,Xxxxx,0.0
Suite42,Suite42,1,1,7,suite42,NOUN,NN,ROOT,Xxxxxdd,0.0
Latana Brand Tracking,Latana,3,1,6,Latana,PROPN,NNP,compound,Xxxxx,0.0
Latana Brand Tracking,Brand,3,1,5,Brand,PROPN,NNP,compound,Xxxxx,0.0
Latana Brand Tracking,Tracking,3,1,8,tracking,NOUN,NN,ROOT,Xxxxx,0.0
Planted Foods,Planted,2,1,7,Planted,PROPN,NNP,compound,Xxxxx,0.0
Planted Foods,Foods,2,1,5,Foods,PROPN,NNPS,ROOT,Xxxxx,0.0
SeatGeek,SeatGeek,1,1,8,seatgeek,NOUN,NN,ROOT,XxxxXxxx,0.0
CleverTap,CleverTap,1,1,9,CleverTap,NOUN,NNS,ROOT,XxxxxXxx,0.0
Landing,Landing,1,2,7,land,VERB,VBG,ROOT,Xxxxx,0.0
Photys Therapeutics,Photys,2,1,6,Photys,PROPN,NNP,compound,Xxxxx,0.0
Photys Therapeutics,Therapeutics,2,1,12,Therapeutics,PROPN,NNP,ROOT,Xxxxx,0.0
Spice AI,Spice,2,1,5,Spice,PROPN,NNP,compound,Xxxxx,0.0
Spice AI,AI,2,1,2,AI,PROPN,NNP,ROOT,XX,0.0
Morse Micro,Morse,2,1,5,Morse,PROPN,NNP,compound,Xxxxx,0.0
Morse Micro,Micro,2,1,5,Micro,PROPN,NNP,ROOT,Xxxxx,0.0
Aktis Oncology,Aktis,2,1,5,Aktis,PROPN,NNP,compound,Xxxxx,0.0
Aktis Oncology,Oncology,2,1,8,Oncology,PROPN,NNP,ROOT,Xxxxx,0.0
Powerplay,Powerplay,1,1,9,powerplay,NOUN,NN,ROOT,Xxxxx,0.0
Celonis,Celonis,1,2,7,celoni,NOUN,NNS,ROOT,Xxxxx,0.0
Digital Diagnostics,Digital,2,1,7,Digital,PROPN,NNP,compound,Xxxxx,0.0
Digital Diagnostics,Diagnostics,2,1,11,Diagnostics,PROPN,NNPS,ROOT,Xxxxx,0.0
Duplo,Duplo,1,1,5,duplo,NOUN,NN,ROOT,Xxxxx,0.0
FinAGG,FinAGG,1,1,6,FinAGG,VERB,VBZ,ROOT,XxxXXX,0.0
Zilliz,Zilliz,1,1,6,Zilliz,PROPN,NNP,ROOT,Xxxxx,0.0
DriveNets,DriveNets,1,1,9,drivenet,NOUN,NNS,ROOT,XxxxxXxxx,0.0
Servify,Servify,1,1,7,servify,VERB,VB,ROOT,Xxxxx,0.0
TruKKer,TruKKer,1,1,7,trukker,X,LS,ROOT,XxxXXxx,0.0
Petfolk,Petfolk,1,1,7,Petfolk,PROPN,NNP,ROOT,Xxxxx,0.0
Albedo,Albedo,1,1,6,albedo,NOUN,NN,ROOT,Xxxxx,0.0
PsycApps,PsycApps,1,1,8,PsycApps,PROPN,NNP,ROOT,XxxxXxxx,0.0
SnappRetail,SnappRetail,1,1,11,snappretail,NOUN,NN,ROOT,XxxxxXxxxx,0.0
Lumachain,Lumachain,1,1,9,lumachain,NOUN,NN,ROOT,Xxxxx,0.0
Bond Pet Foods,Bond,3,1,4,bond,NOUN,NN,compound,Xxxx,0.0
Bond Pet Foods,Pet,3,1,3,Pet,PROPN,NNP,compound,Xxx,0.0
Bond Pet Foods,Foods,3,1,5,Foods,PROPN,NNPS,ROOT,Xxxxx,0.0
Revolving Games,Revolving,2,2,9,Revolving,PROPN,NNP,compound,Xxxxx,0.0
Revolving Games,Games,2,2,5,Games,PROPN,NNPS,ROOT,Xxxxx,0.0
Neurofenix,Neurofenix,1,1,10,Neurofenix,PROPN,NNP,ROOT,Xxxxx,0.0
Jar,Jar,1,1,3,Jar,PROPN,NNP,ROOT,Xxx,0.0
Muck Rack,Muck,2,1,4,Muck,PROPN,NNP,compound,Xxxx,0.0
Muck Rack,Rack,2,1,4,Rack,PROPN,NNP,ROOT,Xxxx,0.0
Kasisto,Kasisto,1,1,7,kasisto,VERB,VB,ROOT,Xxxxx,0.0
Luminovo,Luminovo,1,1,8,Luminovo,PROPN,NNP,ROOT,Xxxxx,0.0
Otolith Labs,Otolith,2,1,7,Otolith,PROPN,NNP,compound,Xxxxx,0.0
Otolith Labs,Labs,2,1,4,Labs,PROPN,NNPS,ROOT,Xxxx,0.0
Fair Square Medicare,Fair,3,1,4,Fair,PROPN,NNP,compound,Xxxx,0.0
Fair Square Medicare,Square,3,1,6,Square,PROPN,NNP,compound,Xxxxx,0.0
Fair Square Medicare,Medicare,3,1,8,Medicare,PROPN,NNP,ROOT,Xxxxx,0.0
Incredible Health,Incredible,2,1,10,Incredible,PROPN,NNP,compound,Xxxxx,0.0
Incredible Health,Health,2,1,6,Health,PROPN,NNP,ROOT,Xxxxx,0.0
Highline Technologies,Highline,2,1,8,Highline,PROPN,NNP,compound,Xxxxx,0.0
Highline Technologies,Technologies,2,1,12,Technologies,PROPN,NNPS,ROOT,Xxxxx,0.0
Graas,Graas,1,1,5,graas,NOUN,NN,ROOT,Xxxxx,0.0
Stake,Stake,1,1,5,stake,NOUN,NN,ROOT,Xxxxx,0.0
PriceOye,PriceOye,1,1,8,priceoye,NOUN,NN,ROOT,XxxxxXxx,0.0
Hexarad,Hexarad,1,1,7,hexarad,ADV,RB,ROOT,Xxxxx,0.0
Ceezer,Ceezer,1,1,6,Ceezer,PROPN,NNP,ROOT,Xxxxx,0.0
3T Biosciences,3,2,1,1,3,NUM,CD,nummod,d,0.0
3T Biosciences,T,2,1,1,t,NOUN,NN,compound,X,0.0
3T Biosciences,Biosciences,2,1,11,Biosciences,PROPN,NNPS,ROOT,Xxxxx,0.0
LetsGetChecked,LetsGetChecked,1,1,14,letsgetchecke,VERB,VBN,ROOT,XxxxXxxXxxxx,0.0
Propseller,Propseller,1,1,10,propseller,NOUN,NN,ROOT,Xxxxx,0.0
Thalamos,Thalamos,1,1,8,Thalamos,PROPN,NNP,ROOT,Xxxxx,0.0
Xterio,Xterio,1,1,6,Xterio,PROPN,NNP,ROOT,Xxxxx,0.0
HiBob,HiBob,1,1,5,HiBob,PROPN,NNP,ROOT,XxXxx,0.0
Odyssey Energy Solutions,Odyssey,3,1,7,Odyssey,PROPN,NNP,compound,Xxxxx,0.0
Odyssey Energy Solutions,Energy,3,1,6,Energy,PROPN,NNP,compound,Xxxxx,0.0
Odyssey Energy Solutions,Solutions,3,1,9,Solutions,PROPN,NNPS,ROOT,Xxxxx,0.0
Harmonic Discovery,Harmonic,2,1,8,Harmonic,PROPN,NNP,compound,Xxxxx,0.0
Harmonic Discovery,Discovery,2,1,9,Discovery,PROPN,NNP,ROOT,Xxxxx,0.0
Aero,Aero,1,2,4,aero,VERB,VB,ROOT,Xxxx,0.0
Exponent Energy,Exponent,2,1,8,Exponent,PROPN,NNP,compound,Xxxxx,0.0
Exponent Energy,Energy,2,1,6,Energy,PROPN,NNP,ROOT,Xxxxx,0.0
PolyAI,PolyAI,1,1,6,polyai,NOUN,NN,ROOT,XxxxXX,0.0
ArsenalBio,ArsenalBio,1,1,10,arsenalbio,NOUN,NN,ROOT,XxxxxXxx,0.0
Edda,Edda,1,1,4,edda,VERB,VB,ROOT,Xxxx,0.0
Arize AI,Arize,2,1,5,Arize,PROPN,NNP,compound,Xxxxx,0.0
Arize AI,AI,2,1,2,AI,PROPN,NNP,ROOT,XX,0.0
Ubie,Ubie,1,1,4,Ubie,PROPN,NNP,ROOT,Xxxx,0.0
Emonovo,Emonovo,1,1,7,Emonovo,PROPN,NNP,ROOT,Xxxxx,0.0
Pleco Therapeutics,Pleco,2,1,5,Pleco,PROPN,NNP,compound,Xxxxx,0.0
Pleco Therapeutics,Therapeutics,2,1,12,Therapeutics,PROPN,NNP,ROOT,Xxxxx,0.0
Nitra,Nitra,1,2,5,Nitra,PROPN,NNP,ROOT,Xxxxx,0.0
Dryad Networks,Dryad,2,1,5,Dryad,PROPN,NNP,compound,Xxxxx,0.0
Dryad Networks,Networks,2,1,8,Networks,PROPN,NNPS,ROOT,Xxxxx,0.0
RentSpree,RentSpree,1,1,9,RentSpree,PROPN,NNP,ROOT,XxxxXxxxx,0.0
Fairmatic,Fairmatic,1,1,9,fairmatic,VERB,VB,ROOT,Xxxxx,0.0
Userpilot,Userpilot,1,1,9,userpilot,NOUN,NN,ROOT,Xxxxx,0.0
tokenproof,tokenproof,1,1,10,tokenproof,NOUN,NN,ROOT,xxxx,0.0
xWave Technologies,xWave,2,1,5,xWave,PROPN,NNP,compound,xXxxx,0.0
xWave Technologies,Technologies,2,1,12,Technologies,PROPN,NNPS,ROOT,Xxxxx,0.0
Vilya,Vilya,1,1,5,vilya,VERB,VB,ROOT,Xxxxx,0.0
Huntress,Huntress,1,1,8,huntress,NOUN,NN,ROOT,Xxxxx,0.0
Wayflyer,Wayflyer,1,1,8,wayflyer,NOUN,NN,ROOT,Xxxxx,0.0
Innervace,Innervace,1,1,9,innervace,NOUN,NN,ROOT,Xxxxx,0.0
PROOF,PROOF,1,1,5,PROOF,PROPN,NNP,ROOT,XXXX,0.0
Apricity,Apricity,1,1,8,apricity,NOUN,NN,ROOT,Xxxxx,0.0
Flow,Flow,1,1,4,flow,VERB,VB,ROOT,Xxxx,0.0
H2 Green Steel,H2,3,1,2,H2,PROPN,NNP,ROOT,Xd,0.0
H2 Green Steel,Green,3,1,5,Green,PROPN,NNP,compound,Xxxxx,0.0
H2 Green Steel,Steel,3,1,5,Steel,PROPN,NNP,pobj,Xxxxx,0.0
Oxwash,Oxwash,1,1,6,oxwash,VERB,VB,ROOT,Xxxxx,0.0
RevSure,RevSure,1,1,7,revsure,VERB,VB,ROOT,XxxXxxx,0.0
Inworld AI,Inworld,2,1,7,Inworld,PROPN,NNP,compound,Xxxxx,0.0
Inworld AI,AI,2,1,2,AI,PROPN,NNP,ROOT,XX,0.0
Glints,Glints,1,1,6,glint,NOUN,NNS,ROOT,Xxxxx,0.0
JenaValve Technology,JenaValve,2,1,9,JenaValve,PROPN,NNP,compound,XxxxXxxxx,0.0
JenaValve Technology,Technology,2,1,10,Technology,PROPN,NNP,ROOT,Xxxxx,0.0
Finix Payments,Finix,2,1,5,Finix,PROPN,NNP,compound,Xxxxx,0.0
Finix Payments,Payments,2,1,8,payment,NOUN,NNS,ROOT,Xxxxx,0.0
Orna Therapeutics,Orna,2,1,4,Orna,PROPN,NNP,compound,Xxxx,0.0
Orna Therapeutics,Therapeutics,2,1,12,Therapeutics,PROPN,NNP,ROOT,Xxxxx,0.0
VTS,VTS,1,1,3,VTS,PROPN,NNP,ROOT,XXX,0.0
Grey,Grey,1,1,4,Grey,PROPN,NNP,ROOT,Xxxx,0.0
CodeNotary,CodeNotary,1,1,10,CodeNotary,PROPN,NNP,ROOT,XxxxXxxxx,0.0
Abridge,Abridge,1,1,7,Abridge,PROPN,NNP,ROOT,Xxxxx,0.0
Harbinger,Harbinger,1,1,9,Harbinger,PROPN,NNP,ROOT,Xxxxx,0.0
VerifyVASP,VerifyVASP,1,1,10,verifyvasp,X,ADD,ROOT,XxxxxXXXX,0.0
Theranica,Theranica,1,1,9,Theranica,PROPN,NNP,ROOT,Xxxxx,0.0
marta,marta,1,1,5,marta,PROPN,NNP,ROOT,xxxx,0.0
StarTree,StarTree,1,1,8,startree,NOUN,NN,ROOT,XxxxXxxx,0.0
El-Dokan,El,1,1,2,El,PROPN,NNP,compound,Xx,0.0
El-Dokan,-,1,1,1,-,PUNCT,HYPH,punct,-,0.0
El-Dokan,Dokan,1,1,5,Dokan,PROPN,NNP,ROOT,Xxxxx,0.0
SubsBase,SubsBase,1,1,8,SubsBase,PROPN,NNP,ROOT,XxxxXxxx,0.0
Healee,Healee,1,1,6,Healee,PROPN,NNP,ROOT,Xxxxx,0.0
Flair,Flair,1,1,5,flair,NOUN,NN,ROOT,Xxxxx,0.0
International Payments Identity(IPiD),International,3,1,13,International,PROPN,NNP,compound,Xxxxx,0.0
International Payments Identity(IPiD),Payments,3,1,8,Payments,PROPN,NNP,ROOT,Xxxxx,0.0
International Payments Identity(IPiD),Identity(IPiD,3,1,13,Identity(IPiD,PROPN,NNP,npadvmod,Xxxxx(XXxX,0.0
International Payments Identity(IPiD),),3,1,1,),PUNCT,-RRB-,punct,),0.0
Silence laboratories,Silence,2,1,7,silence,NOUN,NN,compound,Xxxxx,0.0
Silence laboratories,laboratories,2,1,12,laboratory,NOUN,NNS,ROOT,xxxx,0.0
Lunar Energy,Lunar,2,1,5,Lunar,PROPN,NNP,compound,Xxxxx,0.0
Lunar Energy,Energy,2,1,6,Energy,PROPN,NNP,ROOT,Xxxxx,0.0
Hello Clever,Hello,2,2,5,hello,INTJ,UH,compound,Xxxxx,0.0
Hello Clever,Clever,2,2,6,Clever,PROPN,NNP,ROOT,Xxxxx,0.0
topi,topi,1,2,4,topi,PROPN,NNP,ROOT,xxxx,0.0
Falkon AI,Falkon,2,1,6,Falkon,PROPN,NNP,compound,Xxxxx,0.0
Falkon AI,AI,2,1,2,AI,PROPN,NNP,ROOT,XX,0.0
Animoca Brands KK,Animoca,3,1,7,Animoca,PROPN,NNP,compound,Xxxxx,0.0
Animoca Brands KK,Brands,3,1,6,Brands,PROPN,NNP,compound,Xxxxx,0.0
Animoca Brands KK,KK,3,1,2,KK,PROPN,NNP,ROOT,XX,0.0
Jobbatical,Jobbatical,1,1,10,jobbatical,ADJ,JJ,ROOT,Xxxxx,0.0
ADT,ADT,1,1,3,ADT,PROPN,NNP,ROOT,XXX,0.0
Delli,Delli,1,1,5,Delli,PROPN,NNP,ROOT,Xxxxx,0.0
Carbon Direct,Carbon,2,1,6,Carbon,PROPN,NNP,compound,Xxxxx,0.0
Carbon Direct,Direct,2,1,6,Direct,PROPN,NNP,ROOT,Xxxxx,0.0
Bactolife,Bactolife,1,1,9,bactolife,NOUN,NN,ROOT,Xxxxx,0.0
Pixxel,Pixxel,1,1,6,Pixxel,PROPN,NNP,ROOT,Xxxxx,0.0
Zumper,Zumper,1,1,6,zumper,NOUN,NN,ROOT,Xxxxx,0.0
ILiAD Biotechnologies,ILiAD,2,1,5,ILiAD,PROPN,NNP,det,XXxXX,0.0
ILiAD Biotechnologies,Biotechnologies,2,1,15,biotechnology,NOUN,NNS,ROOT,Xxxxx,0.0
Arpeggio Bio,Arpeggio,2,1,8,Arpeggio,PROPN,NNP,compound,Xxxxx,0.0
Arpeggio Bio,Bio,2,1,3,Bio,PROPN,NNP,ROOT,Xxx,0.0
Loopworm,Loopworm,1,1,8,loopworm,NOUN,NN,ROOT,Xxxxx,0.0
FundamentalVR,FundamentalVR,1,1,13,FundamentalVR,PROPN,NNP,ROOT,XxxxxXX,0.0
ELISE,ELISE,1,1,5,elise,VERB,VB,ROOT,XXXX,0.0
Tesseract,Tesseract,1,1,9,tesseract,VERB,VB,ROOT,Xxxxx,0.0
Ronspot,Ronspot,1,1,7,ronspot,NOUN,NN,ROOT,Xxxxx,0.0
Rookout,Rookout,1,1,7,rookout,NOUN,NN,ROOT,Xxxxx,0.0
CertifyOS,CertifyOS,1,1,9,certifyos,VERB,VB,ROOT,XxxxxXX,0.0
Procol,Procol,1,1,6,procol,NOUN,NN,ROOT,Xxxxx,0.0
Belvo,Belvo,1,1,5,Belvo,PROPN,NNP,ROOT,Xxxxx,0.0
Shiprocket,Shiprocket,1,1,10,Shiprocket,PROPN,NNP,ROOT,Xxxxx,0.0
Zeet,Zeet,1,1,4,Zeet,PROPN,NNP,ROOT,Xxxx,0.0
Arc Technologies,Arc,2,1,3,Arc,PROPN,NNP,compound,Xxx,0.0
Arc Technologies,Technologies,2,1,12,Technologies,PROPN,NNP,ROOT,Xxxxx,0.0
98point6,98point6,1,1,8,98point6,NUM,CD,ROOT,ddxxxxd,0.0
Unstoppable Finance,Unstoppable,2,1,11,Unstoppable,PROPN,NNP,compound,Xxxxx,0.0
Unstoppable Finance,Finance,2,1,7,Finance,PROPN,NNP,ROOT,Xxxxx,0.0
Zero Emission Industries,Zero,3,1,4,Zero,PROPN,NNP,compound,Xxxx,0.0
Zero Emission Industries,Emission,3,1,8,Emission,PROPN,NNP,compound,Xxxxx,0.0
Zero Emission Industries,Industries,3,1,10,Industries,PROPN,NNPS,ROOT,Xxxxx,0.0
Avenda Health,Avenda,2,1,6,Avenda,PROPN,NNP,compound,Xxxxx,0.0
Avenda Health,Health,2,1,6,Health,PROPN,NNP,ROOT,Xxxxx,0.0
Tridge,Tridge,1,1,6,Tridge,PROPN,NNP,ROOT,Xxxxx,0.0
Qcells,Qcells,1,1,6,qcell,NOUN,NNS,ROOT,Xxxxx,0.0
Wondermind,Wondermind,1,1,10,wondermind,VERB,VB,ROOT,Xxxxx,0.0
Klavi,Klavi,1,1,5,Klavi,PROPN,NNP,ROOT,Xxxxx,0.0
Skribble,Skribble,1,1,8,skribble,ADJ,JJ,ROOT,Xxxxx,0.0
Fairmarkit,Fairmarkit,1,1,10,fairmarkit,NOUN,NN,ROOT,Xxxxx,0.0
AtoB,AtoB,1,1,4,AtoB,PROPN,NNP,ROOT,XxxX,0.0
Solsten,Solsten,1,1,7,solsten,VERB,VB,ROOT,Xxxxx,0.0
AstriVax,AstriVax,1,1,8,AstriVax,PROPN,NNP,ROOT,XxxxxXxx,0.0
HyperTrack,HyperTrack,1,1,10,HyperTrack,PROPN,NNP,ROOT,XxxxxXxxxx,0.0
Dian Xiaomi,Dian,2,1,4,Dian,PROPN,NNP,compound,Xxxx,0.0
Dian Xiaomi,Xiaomi,2,1,6,Xiaomi,PROPN,NNP,ROOT,Xxxxx,0.0
Diveplane,Diveplane,1,1,9,diveplane,NOUN,NN,ROOT,Xxxxx,0.0
Xepelin,Xepelin,1,1,7,xepelin,NOUN,NN,ROOT,Xxxxx,0.0
Varjo,Varjo,1,1,5,Varjo,NOUN,NNS,ROOT,Xxxxx,0.0
BigPanda,BigPanda,1,1,8,BigPanda,PROPN,NNP,ROOT,XxxXxxxx,0.0
Lucidity,Lucidity,1,1,8,lucidity,NOUN,NN,ROOT,Xxxxx,0.0
Produze,Produze,1,1,7,produze,NOUN,NN,ROOT,Xxxxx,0.0
EarlySalary,EarlySalary,1,1,11,EarlySalary,PROPN,NNP,ROOT,XxxxxXxxxx,0.0
Superblocks,Superblocks,1,1,11,superblock,NOUN,NNS,ROOT,Xxxxx,0.0
Fervo Energy,Fervo,2,1,5,Fervo,PROPN,NNP,compound,Xxxxx,0.0
Fervo Energy,Energy,2,1,6,Energy,PROPN,NNP,ROOT,Xxxxx,0.0
Drawbridge,Drawbridge,1,1,10,drawbridge,VERB,VB,ROOT,Xxxxx,0.0
Power Life Science,Power,3,1,5,Power,PROPN,NNP,compound,Xxxxx,0.0
Power Life Science,Life,3,1,4,Life,PROPN,NNP,compound,Xxxx,0.0
Power Life Science,Science,3,1,7,Science,PROPN,NNP,ROOT,Xxxxx,0.0
Happy Health,Happy,2,1,5,Happy,PROPN,NNP,compound,Xxxxx,0.0
Happy Health,Health,2,1,6,Health,PROPN,NNP,ROOT,Xxxxx,0.0
JusticeText,JusticeText,1,1,11,JusticeText,PROPN,NNP,ROOT,XxxxxXxxx,0.0
TeamApt,TeamApt,1,1,7,TeamApt,NOUN,NNS,ROOT,XxxxXxx,0.0
Convertedin,Convertedin,1,1,11,convertedin,VERB,VB,ROOT,Xxxxx,0.0
OneSignal,OneSignal,1,1,9,onesignal,ADJ,JJ,ROOT,XxxXxxxx,0.0
Muse Finance,Muse,2,1,4,Muse,PROPN,NNP,compound,Xxxx,0.0
Muse Finance,Finance,2,1,7,Finance,PROPN,NNP,ROOT,Xxxxx,0.0
Elephas,Elephas,1,1,7,Elephas,PROPN,NNP,ROOT,Xxxxx,0.0
AdvanCell,AdvanCell,1,1,9,AdvanCell,PROPN,NNP,ROOT,XxxxxXxxx,0.0
Protex AI,Protex,2,1,6,Protex,PROPN,NNP,compound,Xxxxx,0.0
Protex AI,AI,2,1,2,AI,PROPN,NNP,ROOT,XX,0.0
Awign Enterprises,Awign,2,1,5,Awign,PROPN,NNP,compound,Xxxxx,0.0
Awign Enterprises,Enterprises,2,1,11,Enterprises,PROPN,NNPS,ROOT,Xxxxx,0.0
Remento,Remento,1,1,7,Remento,PROPN,NNP,ROOT,Xxxxx,0.0
Xeneta,Xeneta,1,1,6,xeneta,NOUN,NN,ROOT,Xxxxx,0.0
Koolboks,Koolboks,1,1,8,koolbok,NOUN,NNS,ROOT,Xxxxx,0.0
Zywa (YC W22),Zywa,3,1,4,Zywa,PROPN,NNP,ROOT,Xxxx,0.0
Zywa (YC W22),(,3,1,1,(,PUNCT,-LRB-,punct,(,0.0
Zywa (YC W22),YC,3,1,2,YC,PROPN,NNP,compound,XX,0.0
Zywa (YC W22),W22,3,1,3,W22,PROPN,NNP,appos,Xdd,0.0
Zywa (YC W22),),3,1,1,),PUNCT,-RRB-,punct,),0.0
Sprocket Games,Sprocket,2,1,8,Sprocket,PROPN,NNP,compound,Xxxxx,0.0
Sprocket Games,Games,2,1,5,Games,PROPN,NNPS,ROOT,Xxxxx,0.0
NowNow,NowNow,1,1,6,nownow,NOUN,NN,ROOT,XxxXxx,0.0
Tortoise,Tortoise,1,1,8,tortoise,VERB,VB,ROOT,Xxxxx,0.0
Trek Health,Trek,2,1,4,Trek,PROPN,NNP,compound,Xxxx,0.0
Trek Health,Health,2,1,6,Health,PROPN,NNP,ROOT,Xxxxx,0.0
Carzami,Carzami,1,1,7,Carzami,PROPN,NNP,ROOT,Xxxxx,0.0
True Food Kitchen,True,3,1,4,true,ADJ,JJ,amod,Xxxx,0.0
True Food Kitchen,Food,3,1,4,Food,PROPN,NNP,compound,Xxxx,0.0
True Food Kitchen,Kitchen,3,1,7,Kitchen,PROPN,NNP,ROOT,Xxxxx,0.0
PeakData,PeakData,1,1,8,peakdata,NOUN,NN,ROOT,XxxxXxxx,0.0
Jungle AI,Jungle,2,1,6,Jungle,PROPN,NNP,compound,Xxxxx,0.0
Jungle AI,AI,2,1,2,AI,PROPN,NNP,ROOT,XX,0.0
RedStone,RedStone,1,1,8,redstone,NOUN,NN,ROOT,XxxXxxxx,0.0
Yoox Net-a-Porter Group,Yoox,3,1,4,Yoox,PROPN,NNP,compound,Xxxx,0.0
Yoox Net-a-Porter Group,Net,3,1,3,Net,PROPN,NNP,ROOT,Xxx,0.0
Yoox Net-a-Porter Group,-,3,1,1,-,PUNCT,HYPH,punct,-,0.0
Yoox Net-a-Porter Group,a,3,1,1,a,DET,DT,det,x,0.0
Yoox Net-a-Porter Group,Porter,3,1,6,Porter,PROPN,NNP,compound,Xxxxx,0.0
Yoox Net-a-Porter Group,Group,3,1,5,Group,PROPN,NNP,appos,Xxxxx,0.0
Gokomodo,Gokomodo,1,1,8,gokomodo,VERB,VB,ROOT,Xxxxx,0.0
Exoticca,Exoticca,1,1,8,exoticca,NOUN,NN,ROOT,Xxxxx,0.0
Deposits.com,Deposits.com,1,1,12,Deposits.com,PROPN,NNP,ROOT,Xxxxx.xxx,0.0
KeyCare,KeyCare,1,1,7,KeyCare,PROPN,NNP,ROOT,XxxXxxx,0.0
Metaverse Magna,Metaverse,2,1,9,Metaverse,PROPN,NNP,compound,Xxxxx,0.0
Metaverse Magna,Magna,2,1,5,Magna,PROPN,NNP,ROOT,Xxxxx,0.0
Wombat,Wombat,1,1,6,wombat,VERB,VB,ROOT,Xxxxx,0.0
Senda Biosciences,Senda,2,1,5,Senda,PROPN,NNP,compound,Xxxxx,0.0
Senda Biosciences,Biosciences,2,1,11,Biosciences,PROPN,NNP,ROOT,Xxxxx,0.0
Capital on Tap,Capital,3,1,7,capital,NOUN,NN,ROOT,Xxxxx,0.0
Capital on Tap,on,3,1,2,on,ADP,IN,prep,xx,0.0
Capital on Tap,Tap,3,1,3,Tap,NOUN,NNS,pobj,Xxx,0.0
Carbyne,Carbyne,1,1,7,carbyne,NOUN,NN,ROOT,Xxxxx,0.0
Winuall,Winuall,1,1,7,winuall,VERB,VB,ROOT,Xxxxx,0.0
Mermade Seafoods,Mermade,2,1,7,Mermade,PROPN,NNP,compound,Xxxxx,0.0
Mermade Seafoods,Seafoods,2,1,8,Seafoods,PROPN,NNP,ROOT,Xxxxx,0.0
Gunzilla Games,Gunzilla,2,1,8,Gunzilla,PROPN,NNP,compound,Xxxxx,0.0
Gunzilla Games,Games,2,1,5,Games,PROPN,NNPS,ROOT,Xxxxx,0.0
Kula,Kula,1,1,4,kula,NOUN,NN,ROOT,Xxxx,0.0
Lightyear,Lightyear,1,1,9,lightyear,ADJ,JJ,ROOT,Xxxxx,0.0
Lumafield,Lumafield,1,1,9,lumafield,NOUN,NN,ROOT,Xxxxx,0.0
Muse,Muse,1,1,4,muse,VERB,VB,ROOT,Xxxx,0.0
Guesty,Guesty,1,1,6,guesty,NOUN,NN,ROOT,Xxxxx,0.0
Mavenoid,Mavenoid,1,1,8,Mavenoid,PROPN,NNP,ROOT,Xxxxx,0.0
StayVista,StayVista,1,1,9,StayVista,PROPN,NNP,ROOT,XxxxXxxxx,0.0
Zelluna Immunotherapy,Zelluna,2,1,7,Zelluna,PROPN,NNP,compound,Xxxxx,0.0
Zelluna Immunotherapy,Immunotherapy,2,1,13,Immunotherapy,PROPN,NNP,ROOT,Xxxxx,0.0
Insilico Medicine,Insilico,2,1,8,Insilico,PROPN,NNP,compound,Xxxxx,0.0
Insilico Medicine,Medicine,2,1,8,Medicine,PROPN,NNP,ROOT,Xxxxx,0.0
ZineOne,ZineOne,1,1,7,zineone,NUM,CD,ROOT,XxxxXxx,0.0
Neutral,Neutral,1,1,7,neutral,ADJ,JJ,ROOT,Xxxxx,0.0
Flossy,Flossy,1,1,6,Flossy,PROPN,NNP,ROOT,Xxxxx,0.0
Zilla Security,Zilla,2,1,5,Zilla,PROPN,NNP,compound,Xxxxx,0.0
Zilla Security,Security,2,1,8,Security,PROPN,NNP,ROOT,Xxxxx,0.0
Pattern Ag,Pattern,2,1,7,Pattern,PROPN,NNP,compound,Xxxxx,0.0
Pattern Ag,Ag,2,1,2,Ag,PROPN,NNP,ROOT,Xx,0.0
Anchor,Anchor,1,1,6,Anchor,PROPN,NNP,ROOT,Xxxxx,0.0
SkorLife,SkorLife,1,1,8,skorlife,NOUN,NN,ROOT,XxxxXxxx,0.0
Moximed,Moximed,1,1,7,moxime,VERB,VBN,ROOT,Xxxxx,0.0
Bridger Photonics,Bridger,2,1,7,Bridger,PROPN,NNP,compound,Xxxxx,0.0
Bridger Photonics,Photonics,2,1,9,Photonics,PROPN,NNP,ROOT,Xxxxx,0.0
Coolmate,Coolmate,1,1,8,coolmate,VERB,VB,ROOT,Xxxxx,0.0
Mesh Payments,Mesh,2,1,4,Mesh,PROPN,NNP,compound,Xxxx,0.0
Mesh Payments,Payments,2,1,8,payment,NOUN,NNS,ROOT,Xxxxx,0.0
Cultivated Biosciences,Cultivated,2,1,10,Cultivated,PROPN,NNP,compound,Xxxxx,0.0
Cultivated Biosciences,Biosciences,2,1,11,Biosciences,PROPN,NNP,ROOT,Xxxxx,0.0
Truework,Truework,1,1,8,truework,NOUN,NN,ROOT,Xxxxx,0.0
ArabyAds,ArabyAds,1,1,8,arabyad,NOUN,NNS,ROOT,XxxxxXxx,0.0
AIRS Medical,AIRS,2,1,4,AIRS,PROPN,NNP,compound,XXXX,0.0
AIRS Medical,Medical,2,1,7,Medical,PROPN,NNP,ROOT,Xxxxx,0.0
Lightnet,Lightnet,1,1,8,lightnet,NOUN,NN,ROOT,Xxxxx,0.0
Roleshare,Roleshare,1,1,9,Roleshare,PROPN,NNP,ROOT,Xxxxx,0.0
Upfront Healthcare Services,Upfront,3,1,7,Upfront,PROPN,NNP,compound,Xxxxx,0.0
Upfront Healthcare Services,Healthcare,3,1,10,Healthcare,PROPN,NNP,compound,Xxxxx,0.0
Upfront Healthcare Services,Services,3,1,8,Services,PROPN,NNPS,ROOT,Xxxxx,0.0
Anyscale,Anyscale,1,1,8,anyscale,NOUN,NN,ROOT,Xxxxx,0.0
Solid,Solid,1,1,5,solid,ADJ,JJ,ROOT,Xxxxx,0.0
Localyze,Localyze,1,1,8,localyze,VERB,VB,ROOT,Xxxxx,0.0
Liquide,Liquide,1,1,7,Liquide,PROPN,NNP,ROOT,Xxxxx,0.0
Be Group,Be,2,1,2,be,AUX,VB,ROOT,Xx,0.0
Be Group,Group,2,1,5,group,NOUN,NN,attr,Xxxxx,0.0
Explo,Explo,1,1,5,explo,NOUN,NN,ROOT,Xxxxx,0.0
Netspeak Games,Netspeak,2,1,8,Netspeak,PROPN,NNP,compound,Xxxxx,0.0
Netspeak Games,Games,2,1,5,Games,PROPN,NNPS,ROOT,Xxxxx,0.0
TXOne Networks,TXOne,2,1,5,txone,NUM,CD,nummod,XXXxx,0.0
TXOne Networks,Networks,2,1,8,network,NOUN,NNS,ROOT,Xxxxx,0.0
Puna Bio,Puna,2,1,4,Puna,PROPN,NNP,compound,Xxxx,0.0
Puna Bio,Bio,2,1,3,Bio,PROPN,NNP,ROOT,Xxx,0.0
Blue World Technologies,Blue,3,1,4,Blue,PROPN,NNP,compound,Xxxx,0.0
Blue World Technologies,World,3,1,5,World,PROPN,NNP,compound,Xxxxx,0.0
Blue World Technologies,Technologies,3,1,12,Technologies,PROPN,NNPS,ROOT,Xxxxx,0.0
Privado,Privado,1,1,7,privado,VERB,VB,ROOT,Xxxxx,0.0
Sunstone,Sunstone,1,1,8,sunstone,NOUN,NN,ROOT,Xxxxx,0.0
Funding Societies,Funding,2,1,7,funding,NOUN,NN,compound,Xxxxx,0.0
Funding Societies,Societies,2,1,9,Societies,PROPN,NNP,ROOT,Xxxxx,0.0
Redesign Health,Redesign,2,1,8,Redesign,PROPN,NNP,compound,Xxxxx,0.0
Redesign Health,Health,2,1,6,Health,PROPN,NNP,ROOT,Xxxxx,0.0
Octiv,Octiv,1,1,5,Octiv,PROPN,NNP,ROOT,Xxxxx,0.0
InsideTracker,InsideTracker,1,1,13,InsideTracker,PROPN,NNP,ROOT,XxxxxXxxxx,0.0
HealthAssure,HealthAssure,1,1,12,healthassure,NOUN,NN,ROOT,XxxxxXxxxx,0.0
Recurve,Recurve,1,1,7,recurve,VERB,VB,ROOT,Xxxxx,0.0
Pliops,Pliops,1,1,6,pliop,NOUN,NNS,ROOT,Xxxxx,0.0
Motivo Health,Motivo,2,1,6,Motivo,PROPN,NNP,compound,Xxxxx,0.0
Motivo Health,Health,2,1,6,Health,PROPN,NNP,ROOT,Xxxxx,0.0
Ryvu,Ryvu,1,1,4,ryvu,NOUN,NN,ROOT,Xxxx,0.0
FX HedgePool,FX,2,1,2,FX,PROPN,NNP,compound,XX,0.0
FX HedgePool,HedgePool,2,1,9,HedgePool,PROPN,NNP,ROOT,XxxxxXxxx,0.0
DoxyChain,DoxyChain,1,1,9,doxychain,NOUN,NN,ROOT,XxxxXxxxx,0.0
Ready Player Me,Ready,3,1,5,Ready,PROPN,NNP,compound,Xxxxx,0.0
Ready Player Me,Player,3,1,6,Player,PROPN,NNP,compound,Xxxxx,0.0
Ready Player Me,Me,3,1,2,I,PRON,PRP,ROOT,Xx,0.0
Kippa,Kippa,1,1,5,Kippa,PROPN,NNP,ROOT,Xxxxx,0.0
Invisible Universe,Invisible,2,1,9,invisible,ADJ,JJ,amod,Xxxxx,0.0
Invisible Universe,Universe,2,1,8,Universe,PROPN,NNP,ROOT,Xxxxx,0.0
Safeheron,Safeheron,1,1,9,safeheron,NOUN,NN,ROOT,Xxxxx,0.0
Nanopath,Nanopath,1,1,8,nanopath,NOUN,NN,ROOT,Xxxxx,0.0
SUGAR Cosmetics,SUGAR,2,1,5,SUGAR,PROPN,NNP,compound,XXXX,0.0
SUGAR Cosmetics,Cosmetics,2,1,9,cosmetic,NOUN,NNS,ROOT,Xxxxx,0.0
Lori Systems,Lori,2,1,4,Lori,PROPN,NNP,compound,Xxxx,0.0
Lori Systems,Systems,2,1,7,Systems,PROPN,NNPS,ROOT,Xxxxx,0.0
Chekk,Chekk,1,1,5,Chekk,PROPN,NNP,ROOT,Xxxxx,0.0
CuriMeta,CuriMeta,1,1,8,curimeta,NOUN,NN,ROOT,XxxxXxxx,0.0
BalkanID,BalkanID,1,1,8,balkanid,ADJ,JJ,ROOT,XxxxxXX,0.0
Velaris,Velaris,1,1,7,Velaris,PROPN,NNP,ROOT,Xxxxx,0.0
Agave Games,Agave,2,1,5,Agave,PROPN,NNP,compound,Xxxxx,0.0
Agave Games,Games,2,1,5,Games,PROPN,NNPS,ROOT,Xxxxx,0.0
Realtime Robotics,Realtime,2,1,8,Realtime,PROPN,NNP,compound,Xxxxx,0.0
Realtime Robotics,Robotics,2,1,8,Robotics,PROPN,NNPS,ROOT,Xxxxx,0.0
Sharwa,Sharwa,1,1,6,Sharwa,NOUN,NNS,ROOT,Xxxxx,0.0
3D Issue,3D,2,1,2,3D,PROPN,NNP,compound,dX,0.0
3D Issue,Issue,2,1,5,issue,NOUN,NN,ROOT,Xxxxx,0.0
iProcure,iProcure,1,2,8,iprocure,NOUN,NN,ROOT,xXxxxx,0.0
Cygni Energy,Cygni,2,2,5,Cygni,PROPN,NNP,compound,Xxxxx,0.0
Cygni Energy,Energy,2,2,6,Energy,PROPN,NNP,ROOT,Xxxxx,0.0
Alloy Enterprises,Alloy,2,1,5,Alloy,PROPN,NNP,compound,Xxxxx,0.0
Alloy Enterprises,Enterprises,2,1,11,Enterprises,PROPN,NNPS,ROOT,Xxxxx,0.0
Abivax,Abivax,1,1,6,Abivax,PROPN,NNP,ROOT,Xxxxx,0.0
Agora,Agora,1,1,5,Agora,PROPN,NNP,ROOT,Xxxxx,0.0
Fair.xyz,Fair.xyz,1,1,8,Fair.xyz,PROPN,NNP,ROOT,Xxxx.xxx,0.0
VendorPM,VendorPM,1,1,8,vendorpm,X,LS,ROOT,XxxxxXX,0.0
Sofy,Sofy,1,1,4,sofy,NOUN,NN,ROOT,Xxxx,0.0
Millie,Millie,1,1,6,millie,NOUN,NN,ROOT,Xxxxx,0.0
eTheRNA immunotherapies,eTheRNA,2,1,7,eTheRNA,PROPN,NNP,compound,xXxxXXX,0.0
eTheRNA immunotherapies,immunotherapies,2,1,15,immunotherapy,NOUN,NNS,ROOT,xxxx,0.0
Clip,Clip,1,1,4,clip,VERB,VB,ROOT,Xxxx,0.0
Boulevard,Boulevard,1,1,9,Boulevard,PROPN,NNP,ROOT,Xxxxx,0.0
Pace,Pace,1,1,4,pace,NOUN,NN,ROOT,Xxxx,0.0
Liefergrün,Liefergrün,1,1,10,Liefergrün,PROPN,NNP,ROOT,Xxxxx,0.0
VIAVIA,VIAVIA,1,1,6,VIAVIA,NOUN,NNS,ROOT,XXXX,0.0
Learnsoft Technology,Learnsoft,2,1,9,Learnsoft,PROPN,NNP,compound,Xxxxx,0.0
Learnsoft Technology,Technology,2,1,10,Technology,PROPN,NNP,ROOT,Xxxxx,0.0
Ryft,Ryft,1,1,4,ryft,NOUN,NN,ROOT,Xxxx,0.0
Focal Point Positioning,Focal,3,1,5,Focal,PROPN,NNP,compound,Xxxxx,0.0
Focal Point Positioning,Point,3,1,5,Point,PROPN,NNP,compound,Xxxxx,0.0
Focal Point Positioning,Positioning,3,1,11,positioning,NOUN,NN,ROOT,Xxxxx,0.0
Access Capital Partners,Access,3,1,6,Access,PROPN,NNP,compound,Xxxxx,0.0
Access Capital Partners,Capital,3,1,7,Capital,PROPN,NNP,compound,Xxxxx,0.0
Access Capital Partners,Partners,3,1,8,Partners,PROPN,NNPS,ROOT,Xxxxx,0.0
Nexford University,Nexford,2,1,7,Nexford,PROPN,NNP,compound,Xxxxx,0.0
Nexford University,University,2,1,10,University,PROPN,NNP,ROOT,Xxxxx,0.0
EeroQ,EeroQ,1,1,5,eeroq,NOUN,NN,ROOT,XxxxX,0.0
Scalenut,Scalenut,1,1,8,scalenut,NOUN,NN,ROOT,Xxxxx,0.0
Ultraviolette Automotive,Ultraviolette,2,1,13,Ultraviolette,PROPN,NNP,compound,Xxxxx,0.0
Ultraviolette Automotive,Automotive,2,1,10,Automotive,PROPN,NNP,ROOT,Xxxxx,0.0
Bankme,Bankme,1,1,6,bankme,NOUN,NN,ROOT,Xxxxx,0.0
Usko Privacy,Usko,2,1,4,Usko,PROPN,NNP,compound,Xxxx,0.0
Usko Privacy,Privacy,2,1,7,Privacy,PROPN,NNP,ROOT,Xxxxx,0.0
Project Hero,Project,2,1,7,project,NOUN,NN,compound,Xxxxx,0.0
Project Hero,Hero,2,1,4,Hero,PROPN,NNP,ROOT,Xxxx,0.0
Sustainable Beef,Sustainable,2,1,11,sustainable,ADJ,JJ,amod,Xxxxx,0.0
Sustainable Beef,Beef,2,1,4,Beef,PROPN,NNP,ROOT,Xxxx,0.0
Bitmama,Bitmama,1,1,7,bitmama,NOUN,NN,ROOT,Xxxxx,0.0
LANDE,LANDE,1,1,5,LANDE,PROPN,NNP,ROOT,XXXX,0.0
Prellis Biologics,Prellis,2,1,7,Prellis,PROPN,NNP,compound,Xxxxx,0.0
Prellis Biologics,Biologics,2,1,9,Biologics,PROPN,NNPS,ROOT,Xxxxx,0.0
Pogo,Pogo,1,1,4,Pogo,PROPN,NNP,ROOT,Xxxx,0.0
HopSkipDrive,HopSkipDrive,1,1,12,hopskipdrive,ADJ,JJ,ROOT,XxxXxxxXxxxx,0.0
Fora,Fora,1,1,4,Fora,PROPN,NNP,ROOT,Xxxx,0.0
DriveX,DriveX,1,1,6,DriveX,PROPN,NNP,ROOT,XxxxxX,0.0
Olio,Olio,1,1,4,olio,NOUN,NN,ROOT,Xxxx,0.0
Everphone,Everphone,1,1,9,everphone,NOUN,NN,ROOT,Xxxxx,0.0
FOMO Pay,FOMO,2,1,4,FOMO,NOUN,NNS,nsubj,XXXX,0.0
FOMO Pay,Pay,2,1,3,pay,VERB,VBP,ROOT,Xxx,0.0
LiveEO,LiveEO,1,1,6,LiveEO,NOUN,NNS,ROOT,XxxxXX,0.0
Stimulus,Stimulus,1,1,8,stimulus,NOUN,NN,ROOT,Xxxxx,0.0
Waysia,Waysia,1,1,6,Waysia,PROPN,NNP,ROOT,Xxxxx,0.0
Pomelo,Pomelo,1,2,6,Pomelo,PROPN,NNP,ROOT,Xxxxx,0.0
Lily AI,Lily,2,1,4,Lily,PROPN,NNP,compound,Xxxx,0.0
Lily AI,AI,2,1,2,AI,PROPN,NNP,ROOT,XX,0.0
Nreal,Nreal,1,1,5,nreal,ADV,RB,ROOT,Xxxxx,0.0
Craft,Craft,1,1,5,craft,NOUN,NN,ROOT,Xxxxx,0.0
FathomX,FathomX,1,1,7,fathomx,NOUN,NN,ROOT,XxxxxX,0.0
Trial Library,Trial,2,1,5,trial,NOUN,NN,compound,Xxxxx,0.0
Trial Library,Library,2,1,7,Library,PROPN,NNP,ROOT,Xxxxx,0.0
HumanQ,HumanQ,1,1,6,humanq,NUM,CD,ROOT,XxxxxX,0.0
Dr. B,Dr.,2,1,3,Dr.,PROPN,NNP,compound,Xx.,0.0
Dr. B,B,2,1,1,B,PROPN,NNP,ROOT,X,0.0
Plerk,Plerk,1,1,5,Plerk,PROPN,NNP,ROOT,Xxxxx,0.0
Bravo Sierra,Bravo,2,1,5,Bravo,PROPN,NNP,compound,Xxxxx,0.0
Bravo Sierra,Sierra,2,1,6,Sierra,PROPN,NNP,ROOT,Xxxxx,0.0
Justhome,Justhome,1,1,8,justhome,VERB,VB,ROOT,Xxxxx,0.0
Adwoa Beauty,Adwoa,2,1,5,Adwoa,PROPN,NNP,ROOT,Xxxxx,0.0
Adwoa Beauty,Beauty,2,1,6,Beauty,PROPN,NNP,dobj,Xxxxx,0.0
Anveshan,Anveshan,1,1,8,anveshan,ADV,RB,ROOT,Xxxxx,0.0
Forage,Forage,1,1,6,forage,NOUN,NN,ROOT,Xxxxx,0.0
DataProphet,DataProphet,1,1,11,DataProphet,PROPN,NNP,ROOT,XxxxXxxxx,0.0
Hillridge Technology,Hillridge,2,1,9,Hillridge,PROPN,NNP,compound,Xxxxx,0.0
Hillridge Technology,Technology,2,1,10,Technology,PROPN,NNP,ROOT,Xxxxx,0.0
Robotaxi,Robotaxi,1,1,8,robotaxi,NOUN,NN,ROOT,Xxxxx,0.0
PurpleTutor,PurpleTutor,1,1,11,purpletutor,NOUN,NN,ROOT,XxxxxXxxxx,0.0
Arine,Arine,1,2,5,arine,NOUN,NN,ROOT,Xxxxx,0.0
Everytable,Everytable,1,1,10,everytable,ADJ,JJ,ROOT,Xxxxx,0.0
Constructive Bio,Constructive,2,1,12,Constructive,PROPN,NNP,compound,Xxxxx,0.0
Constructive Bio,Bio,2,1,3,Bio,PROPN,NNP,ROOT,Xxx,0.0
Eezee,Eezee,1,1,5,eezee,NOUN,NN,ROOT,Xxxxx,0.0
Anaphite,Anaphite,1,1,8,Anaphite,PROPN,NNP,ROOT,Xxxxx,0.0
Omnibiz,Omnibiz,1,1,7,Omnibiz,PROPN,NNP,ROOT,Xxxxx,0.0
CreatorDAO,CreatorDAO,1,1,10,creatordao,NOUN,NN,ROOT,XxxxxXXX,0.0
KarmSolar,KarmSolar,1,1,9,KarmSolar,PROPN,NNP,ROOT,XxxxXxxxx,0.0
Regression Games,Regression,2,1,10,Regression,PROPN,NNP,compound,Xxxxx,0.0
Regression Games,Games,2,1,5,Games,PROPN,NNPS,ROOT,Xxxxx,0.0
BarrelWise Technologies,BarrelWise,2,1,10,BarrelWise,PROPN,NNP,compound,XxxxxXxxx,0.0
BarrelWise Technologies,Technologies,2,1,12,Technologies,PROPN,NNPS,ROOT,Xxxxx,0.0
iBus Networks &amp; Infrastructure,iBus,4,1,4,iBus,PROPN,NNP,compound,xXxx,0.0
iBus Networks &amp; Infrastructure,Networks,4,1,8,Networks,PROPN,NNP,ROOT,Xxxxx,0.0
iBus Networks &amp; Infrastructure,&,4,1,1,&,CCONJ,CC,cc,&,0.0
iBus Networks &amp; Infrastructure,amp,4,1,3,amp,NOUN,NN,conj,xxx,0.0
iBus Networks &amp; Infrastructure,;,4,1,1,;,PUNCT,:,punct,;,0.0
iBus Networks &amp; Infrastructure,Infrastructure,4,1,14,infrastructure,NOUN,NN,appos,Xxxxx,0.0
Trojan Energy,Trojan,2,1,6,Trojan,PROPN,NNP,compound,Xxxxx,0.0
Trojan Energy,Energy,2,1,6,Energy,PROPN,NNP,ROOT,Xxxxx,0.0
Latú Seguros,Latú,2,1,4,Latú,PROPN,NNP,compound,Xxxx,0.0
Latú Seguros,Seguros,2,1,7,Seguros,PROPN,NNP,ROOT,Xxxxx,0.0
Triller,Triller,1,2,7,Triller,PROPN,NNP,ROOT,Xxxxx,0.0
Naborforce,Naborforce,1,1,10,Naborforce,PROPN,NNP,ROOT,Xxxxx,0.0
Nimbus Therapeutics,Nimbus,2,1,6,Nimbus,PROPN,NNP,compound,Xxxxx,0.0
Nimbus Therapeutics,Therapeutics,2,1,12,Therapeutics,PROPN,NNP,ROOT,Xxxxx,0.0
LegitFit,LegitFit,1,1,8,LegitFit,PROPN,NNP,ROOT,XxxxxXxx,0.0
R2,R2,1,1,2,R2,PROPN,NNP,ROOT,Xd,0.0
deskbird,deskbird,1,1,8,deskbird,PROPN,NNP,ROOT,xxxx,0.0
Omni,Omni,1,2,4,omni,VERB,VB,ROOT,Xxxx,0.0
Metalbook,Metalbook,1,1,9,Metalbook,PROPN,NNP,ROOT,Xxxxx,0.0
VidMob,VidMob,1,1,6,vidmob,NUM,CD,ROOT,XxxXxx,0.0
Motatos,Motatos,1,1,7,motato,NOUN,NNS,ROOT,Xxxxx,0.0
Gravitee,Gravitee,1,1,8,gravitee,NOUN,NN,ROOT,Xxxxx,0.0
Neukio Biotherapeutics,Neukio,2,1,6,Neukio,PROPN,NNP,compound,Xxxxx,0.0
Neukio Biotherapeutics,Biotherapeutics,2,1,15,Biotherapeutics,PROPN,NNP,ROOT,Xxxxx,0.0
TeraWatt Infrastructure,TeraWatt,2,1,8,TeraWatt,PROPN,NNP,compound,XxxxXxxx,0.0
TeraWatt Infrastructure,Infrastructure,2,1,14,Infrastructure,PROPN,NNP,ROOT,Xxxxx,0.0
Headroom,Headroom,1,1,8,headroom,NOUN,NN,ROOT,Xxxxx,0.0
VRGL,VRGL,1,1,4,VRGL,PROPN,NNP,ROOT,XXXX,0.0
The Good Face Project,The,4,1,3,the,DET,DT,det,Xxx,0.0
The Good Face Project,Good,4,1,4,Good,PROPN,NNP,compound,Xxxx,0.0
The Good Face Project,Face,4,1,4,Face,PROPN,NNP,compound,Xxxx,0.0
The Good Face Project,Project,4,1,7,Project,PROPN,NNP,ROOT,Xxxxx,0.0
Mindset AI,Mindset,2,1,7,Mindset,PROPN,NNP,compound,Xxxxx,0.0
Mindset AI,AI,2,1,2,AI,PROPN,NNP,ROOT,XX,0.0
Spectral,Spectral,1,1,8,spectral,ADJ,JJ,ROOT,Xxxxx,0.0
Forge Biologics,Forge,2,1,5,Forge,PROPN,NNP,compound,Xxxxx,0.0
Forge Biologics,Biologics,2,1,9,Biologics,PROPN,NNPS,ROOT,Xxxxx,0.0
Matrixian Group,Matrixian,2,1,9,Matrixian,PROPN,NNP,compound,Xxxxx,0.0
Matrixian Group,Group,2,1,5,Group,PROPN,NNP,ROOT,Xxxxx,0.0
Paper Boat,Paper,2,1,5,paper,NOUN,NN,compound,Xxxxx,0.0
Paper Boat,Boat,2,1,4,Boat,PROPN,NNP,ROOT,Xxxx,0.0
SolanaFM,SolanaFM,1,1,8,solanafm,X,LS,ROOT,XxxxxXX,0.0
MedMinder Systems,MedMinder,2,2,9,MedMinder,PROPN,NNP,compound,XxxXxxxx,0.0
MedMinder Systems,Systems,2,2,7,Systems,PROPN,NNPS,ROOT,Xxxxx,0.0
Auronix,Auronix,1,1,7,Auronix,PROPN,NNP,ROOT,Xxxxx,0.0
TCARE,TCARE,1,1,5,TCARE,PROPN,NNP,ROOT,XXXX,0.0
SteelEye,SteelEye,1,1,8,SteelEye,PROPN,NNP,ROOT,XxxxxXxx,0.0
RiskSmart,RiskSmart,1,1,9,RiskSmart,PROPN,NNP,ROOT,XxxxXxxxx,0.0
PreciTaste,PreciTaste,1,1,10,PreciTaste,PROPN,NNP,ROOT,XxxxxXxxxx,0.0
Tarci,Tarci,1,1,5,Tarci,PROPN,NNP,ROOT,Xxxxx,0.0
Clarity Movement,Clarity,2,1,7,Clarity,PROPN,NNP,compound,Xxxxx,0.0
Clarity Movement,Movement,2,1,8,Movement,PROPN,NNP,ROOT,Xxxxx,0.0
Ageras,Ageras,1,1,6,agera,NOUN,NNS,ROOT,Xxxxx,0.0
iCover,iCover,1,1,6,icover,NOUN,NN,ROOT,xXxxxx,0.0
Latch Medical,Latch,2,1,5,Latch,PROPN,NNP,compound,Xxxxx,0.0
Latch Medical,Medical,2,1,7,Medical,PROPN,NNP,ROOT,Xxxxx,0.0
Carroucell,Carroucell,1,1,10,carroucell,NOUN,NN,ROOT,Xxxxx,0.0
Vive Crop Protection,Vive,3,2,4,Vive,PROPN,NNP,compound,Xxxx,0.0
Vive Crop Protection,Crop,3,2,4,Crop,PROPN,NNP,compound,Xxxx,0.0
Vive Crop Protection,Protection,3,2,10,Protection,PROPN,NNP,ROOT,Xxxxx,0.0
Gotham Greens,Gotham,2,2,6,Gotham,PROPN,NNP,compound,Xxxxx,0.0
Gotham Greens,Greens,2,2,6,Greens,PROPN,NNP,ROOT,Xxxxx,0.0
Oxbury Bank,Oxbury,2,1,6,Oxbury,PROPN,NNP,compound,Xxxxx,0.0
Oxbury Bank,Bank,2,1,4,Bank,PROPN,NNP,ROOT,Xxxx,0.0
Yotta Energy,Yotta,2,1,5,Yotta,PROPN,NNP,compound,Xxxxx,0.0
Yotta Energy,Energy,2,1,6,Energy,PROPN,NNP,ROOT,Xxxxx,0.0
Black Diamond Advisory,Black,3,1,5,Black,PROPN,NNP,compound,Xxxxx,0.0
Black Diamond Advisory,Diamond,3,1,7,Diamond,PROPN,NNP,compound,Xxxxx,0.0
Black Diamond Advisory,Advisory,3,1,8,Advisory,PROPN,NNP,ROOT,Xxxxx,0.0
Virgin Voyages,Virgin,2,1,6,Virgin,PROPN,NNP,compound,Xxxxx,0.0
Virgin Voyages,Voyages,2,1,7,Voyages,PROPN,NNP,ROOT,Xxxxx,0.0
ModernLoop,ModernLoop,1,1,10,modernloop,NOUN,NN,ROOT,XxxxxXxxx,0.0
Pure Ocean Algae,Pure,3,1,4,Pure,PROPN,NNP,compound,Xxxx,0.0
Pure Ocean Algae,Ocean,3,1,5,Ocean,PROPN,NNP,compound,Xxxxx,0.0
Pure Ocean Algae,Algae,3,1,5,Algae,PROPN,NNP,ROOT,Xxxxx,0.0
Vidcare Innovations,Vidcare,2,1,7,Vidcare,PROPN,NNP,compound,Xxxxx,0.0
Vidcare Innovations,Innovations,2,1,11,Innovations,PROPN,NNPS,ROOT,Xxxxx,0.0
Hornetsecurity,Hornetsecurity,1,1,14,hornetsecurity,NOUN,NN,ROOT,Xxxxx,0.0
Caju,Caju,1,1,4,Caju,PROPN,NNP,ROOT,Xxxx,0.0
Zeew,Zeew,1,1,4,Zeew,PROPN,NNP,ROOT,Xxxx,0.0
Clearbot,Clearbot,1,1,8,Clearbot,PROPN,NNP,ROOT,Xxxxx,0.0
Gorgias,Gorgias,1,1,7,Gorgias,PROPN,NNP,ROOT,Xxxxx,0.0
LiveScore Group,LiveScore,2,1,9,LiveScore,PROPN,NNP,compound,XxxxXxxxx,0.0
LiveScore Group,Group,2,1,5,Group,PROPN,NNP,ROOT,Xxxxx,0.0
Papa Pawsome,Papa,2,1,4,Papa,PROPN,NNP,compound,Xxxx,0.0
Papa Pawsome,Pawsome,2,1,7,Pawsome,PROPN,NNP,ROOT,Xxxxx,0.0
Gallium Studios,Gallium,2,1,7,Gallium,PROPN,NNP,compound,Xxxxx,0.0
Gallium Studios,Studios,2,1,7,Studios,PROPN,NNP,ROOT,Xxxxx,0.0
Landa,Landa,1,2,5,landa,NOUN,NN,ROOT,Xxxxx,0.0
Sei Labs,Sei,2,1,3,Sei,PROPN,NNP,compound,Xxx,0.0
Sei Labs,Labs,2,1,4,Labs,PROPN,NNPS,ROOT,Xxxx,0.0
MetaverseGo,MetaverseGo,1,1,11,MetaverseGo,PROPN,NNP,ROOT,XxxxxXx,0.0
Koop,Koop,1,1,4,koop,NOUN,NN,ROOT,Xxxx,0.0
Willow Servicing,Willow,2,1,6,Willow,PROPN,NNP,compound,Xxxxx,0.0
Willow Servicing,Servicing,2,1,9,servicing,NOUN,NN,ROOT,Xxxxx,0.0
VanDeMark Chemical,VanDeMark,2,1,9,VanDeMark,PROPN,NNP,compound,XxxXxXxxx,0.0
VanDeMark Chemical,Chemical,2,1,8,Chemical,PROPN,NNP,ROOT,Xxxxx,0.0
Lysto,Lysto,1,1,5,lysto,NOUN,NN,ROOT,Xxxxx,0.0
ottonova,ottonova,1,1,8,ottonova,INTJ,UH,ROOT,xxxx,0.0
Verily,Verily,1,1,6,verily,ADV,RB,ROOT,Xxxxx,0.0
Plume,Plume,1,1,5,plume,NOUN,NN,ROOT,Xxxxx,0.0
Teamway,Teamway,1,1,7,teamway,NOUN,NN,ROOT,Xxxxx,0.0
liwwa,liwwa,1,2,5,liwwa,PROPN,NNP,ROOT,xxxx,0.0
Oasis Fertility,Oasis,2,1,5,oasis,NOUN,NN,compound,Xxxxx,0.0
Oasis Fertility,Fertility,2,1,9,fertility,NOUN,NN,ROOT,Xxxxx,0.0
Patchwork,Patchwork,1,1,9,patchwork,NOUN,NN,ROOT,Xxxxx,0.0
FunXtion,FunXtion,1,1,8,funxtion,NOUN,NN,ROOT,XxxXxxxx,0.0
Airtel,Airtel,1,1,6,airtel,NOUN,NN,ROOT,Xxxxx,0.0
XYXX Apparels,XYXX,2,2,4,XYXX,PROPN,NNP,compound,XXXX,0.0
XYXX Apparels,Apparels,2,2,8,apparel,NOUN,NNS,ROOT,Xxxxx,0.0
Injective,Injective,1,1,9,injective,ADJ,JJ,ROOT,Xxxxx,0.0
Tailor,Tailor,1,1,6,tailor,NOUN,NN,ROOT,Xxxxx,0.0
Defendify,Defendify,1,1,9,defendify,VERB,VB,ROOT,Xxxxx,0.0
doddl.ie,doddl.ie,1,1,8,doddl.ie,X,ADD,ROOT,xxxx.xx,0.0
Flyability,Flyability,1,1,10,flyability,NOUN,NN,ROOT,Xxxxx,0.0
Ardent Health Services,Ardent,3,1,6,Ardent,PROPN,NNP,compound,Xxxxx,0.0
Ardent Health Services,Health,3,1,6,Health,PROPN,NNP,compound,Xxxxx,0.0
Ardent Health Services,Services,3,1,8,Services,PROPN,NNPS,ROOT,Xxxxx,0.0
Esensi Solusi Buana,Esensi,3,1,6,Esensi,PROPN,NNP,compound,Xxxxx,0.0
Esensi Solusi Buana,Solusi,3,1,6,Solusi,PROPN,NNP,compound,Xxxxx,0.0
Esensi Solusi Buana,Buana,3,1,5,Buana,PROPN,NNP,ROOT,Xxxxx,0.0
Aptos,Aptos,1,1,5,aptos,NOUN,NN,ROOT,Xxxxx,0.0
Arevia Power,Arevia,2,1,6,Arevia,PROPN,NNP,compound,Xxxxx,0.0
Arevia Power,Power,2,1,5,Power,PROPN,NNP,ROOT,Xxxxx,0.0
Caraway,Caraway,1,1,7,caraway,NOUN,NN,ROOT,Xxxxx,0.0
Goldcast,Goldcast,1,1,8,Goldcast,PROPN,NNP,ROOT,Xxxxx,0.0
Comm Technologies,Comm,2,1,4,Comm,PROPN,NNP,compound,Xxxx,0.0
Comm Technologies,Technologies,2,1,12,Technologies,PROPN,NNPS,ROOT,Xxxxx,0.0
Figures,Figures,1,1,7,figure,NOUN,NNS,ROOT,Xxxxx,0.0
NG.CASH,NG.CASH,1,1,7,ng.cash,ADJ,JJ,ROOT,XX.XXXX,0.0
Cour Pharmaceuticals Development,Cour,3,1,4,Cour,PROPN,NNP,compound,Xxxx,0.0
Cour Pharmaceuticals Development,Pharmaceuticals,3,1,15,Pharmaceuticals,PROPN,NNPS,compound,Xxxxx,0.0
Cour Pharmaceuticals Development,Development,3,1,11,Development,PROPN,NNP,ROOT,Xxxxx,0.0
Wega Labs,Wega,2,1,4,Wega,PROPN,NNP,compound,Xxxx,0.0
Wega Labs,Labs,2,1,4,Labs,PROPN,NNPS,ROOT,Xxxx,0.0
SoMee,SoMee,1,1,5,somee,NOUN,NN,ROOT,XxXxx,0.0
Aesop Technology,Aesop,2,1,5,Aesop,PROPN,NNP,compound,Xxxxx,0.0
Aesop Technology,Technology,2,1,10,Technology,PROPN,NNP,ROOT,Xxxxx,0.0
OQ TECHNOLOGY,OQ,2,1,2,oq,ADJ,JJ,amod,XX,0.0
OQ TECHNOLOGY,TECHNOLOGY,2,1,10,TECHNOLOGY,PROPN,NNP,ROOT,XXXX,0.0
GrayMatter Robotics,GrayMatter,2,1,10,GrayMatter,PROPN,NNP,compound,XxxxXxxxx,0.0
GrayMatter Robotics,Robotics,2,1,8,Robotics,PROPN,NNPS,ROOT,Xxxxx,0.0
Mahaana,Mahaana,1,1,7,Mahaana,PROPN,NNP,ROOT,Xxxxx,0.0
Worldfavor,Worldfavor,1,1,10,worldfavor,NOUN,NN,ROOT,Xxxxx,0.0
Growfitter,Growfitter,1,1,10,growfitter,NOUN,NN,ROOT,Xxxxx,0.0
Human Edge,Human,2,1,5,Human,PROPN,NNP,compound,Xxxxx,0.0
Human Edge,Edge,2,1,4,Edge,PROPN,NNP,ROOT,Xxxx,0.0
Soptle,Soptle,1,1,6,soptle,NOUN,NN,ROOT,Xxxxx,0.0
Blockify Inc.,Blockify,2,1,8,Blockify,PROPN,NNP,compound,Xxxxx,0.0
Blockify Inc.,Inc.,2,1,4,Inc.,PROPN,NNP,ROOT,Xxx.,0.0
Manufactured,Manufactured,1,1,12,manufacture,VERB,VBN,ROOT,Xxxxx,0.0
Sigma Ratings,Sigma,2,1,5,Sigma,PROPN,NNP,compound,Xxxxx,0.0
Sigma Ratings,Ratings,2,1,7,Ratings,PROPN,NNP,ROOT,Xxxxx,0.0
Travel Buddy,Travel,2,1,6,travel,NOUN,NN,compound,Xxxxx,0.0
Travel Buddy,Buddy,2,1,5,Buddy,PROPN,NNP,ROOT,Xxxxx,0.0
Starboard,Starboard,1,1,9,Starboard,PROPN,NNP,ROOT,Xxxxx,0.0
oVice,oVice,1,1,5,ovice,NOUN,NN,ROOT,xXxxx,0.0
vLex,vLex,1,1,4,vlex,NOUN,NN,ROOT,xXxx,0.0
Dukkantek,Dukkantek,1,1,9,Dukkantek,PROPN,NNP,ROOT,Xxxxx,0.0
Carret,Carret,1,1,6,carret,NOUN,NN,ROOT,Xxxxx,0.0
Jet Commerce,Jet,2,1,3,Jet,PROPN,NNP,compound,Xxx,0.0
Jet Commerce,Commerce,2,1,8,Commerce,PROPN,NNP,ROOT,Xxxxx,0.0
Isovalent,Isovalent,1,1,9,isovalent,NOUN,NN,ROOT,Xxxxx,0.0
Kuria Therapeutics,Kuria,2,1,5,Kuria,PROPN,NNP,compound,Xxxxx,0.0
Kuria Therapeutics,Therapeutics,2,1,12,Therapeutics,PROPN,NNP,ROOT,Xxxxx,0.0
Penrhos Bio,Penrhos,2,1,7,Penrhos,PROPN,NNP,compound,Xxxxx,0.0
Penrhos Bio,Bio,2,1,3,Bio,PROPN,NNP,ROOT,Xxx,0.0
Flyway,Flyway,1,1,6,flyway,NOUN,NN,ROOT,Xxxxx,0.0
Wire,Wire,1,1,4,wire,NOUN,NN,ROOT,Xxxx,0.0
MEDU Protection,MEDU,2,1,4,medu,NOUN,NN,compound,XXXX,0.0
MEDU Protection,Protection,2,1,10,protection,NOUN,NN,ROOT,Xxxxx,0.0
iQure Pharma,iQure,2,2,5,iqure,VERB,VB,ROOT,xXxxx,0.0
iQure Pharma,Pharma,2,2,6,Pharma,PROPN,NNP,dobj,Xxxxx,0.0
SPACE ID,SPACE,2,1,5,SPACE,PROPN,NNP,compound,XXXX,0.0
SPACE ID,ID,2,1,2,ID,PROPN,NNP,ROOT,XX,0.0
DeepWay,DeepWay,1,1,7,deepway,NOUN,NN,ROOT,XxxxXxx,0.0
Tessera,Tessera,1,1,7,Tessera,PROPN,NNP,ROOT,Xxxxx,0.0
Super Payments,Super,2,1,5,Super,PROPN,NNP,compound,Xxxxx,0.0
Super Payments,Payments,2,1,8,payment,NOUN,NNS,ROOT,Xxxxx,0.0
Modern Democracy,Modern,2,1,6,Modern,PROPN,NNP,compound,Xxxxx,0.0
Modern Democracy,Democracy,2,1,9,Democracy,PROPN,NNP,ROOT,Xxxxx,0.0
TRIP,TRIP,1,1,4,trip,NOUN,NN,ROOT,XXXX,0.0
Idrx,Idrx,1,1,4,idrx,VERB,VB,ROOT,Xxxx,0.0
Rusk Media,Rusk,2,1,4,rusk,NOUN,NN,compound,Xxxx,0.0
Rusk Media,Media,2,1,5,medium,NOUN,NNS,ROOT,Xxxxx,0.0
machineMD,machineMD,1,1,9,machinemd,NOUN,NN,ROOT,xxxxXX,0.0
Aqua-Yield,Aqua,1,1,4,Aqua,PROPN,NNP,compound,Xxxx,0.0
Aqua-Yield,-,1,1,1,-,PUNCT,HYPH,punct,-,0.0
Aqua-Yield,Yield,1,1,5,yield,NOUN,NN,ROOT,Xxxxx,0.0
MiAlgae,MiAlgae,1,1,7,MiAlgae,PROPN,NNP,ROOT,XxXxxxx,0.0
SpaceX,SpaceX,1,1,6,spacex,NOUN,NN,ROOT,XxxxxX,0.0
Akshayakalpa,Akshayakalpa,1,1,12,akshayakalpa,ADV,RB,ROOT,Xxxxx,0.0
Sabanto,Sabanto,1,1,7,Sabanto,PROPN,NNP,ROOT,Xxxxx,0.0
Exagen Group,Exagen,2,1,6,Exagen,PROPN,NNP,compound,Xxxxx,0.0
Exagen Group,Group,2,1,5,Group,PROPN,NNP,ROOT,Xxxxx,0.0
Oasys,Oasys,1,1,5,oasy,NOUN,NNS,ROOT,Xxxxx,0.0
Groundwork BioAg,Groundwork,2,1,10,Groundwork,PROPN,NNP,compound,Xxxxx,0.0
Groundwork BioAg,BioAg,2,1,5,BioAg,PROPN,NNP,ROOT,XxxXx,0.0
Patch Technologies,Patch,2,1,5,Patch,PROPN,NNP,compound,Xxxxx,0.0
Patch Technologies,Technologies,2,1,12,Technologies,PROPN,NNPS,ROOT,Xxxxx,0.0
Ampeers Energy,Ampeers,2,1,7,ampeer,NOUN,NNS,compound,Xxxxx,0.0
Ampeers Energy,Energy,2,1,6,Energy,PROPN,NNP,ROOT,Xxxxx,0.0
Chamberlain Coffee,Chamberlain,2,1,11,Chamberlain,PROPN,NNP,compound,Xxxxx,0.0
Chamberlain Coffee,Coffee,2,1,6,Coffee,PROPN,NNP,ROOT,Xxxxx,0.0
Sync Computing,Sync,2,2,4,Sync,PROPN,NNP,compound,Xxxx,0.0
Sync Computing,Computing,2,2,9,Computing,PROPN,NNP,ROOT,Xxxxx,0.0
Happy Viking,Happy,2,1,5,Happy,PROPN,NNP,compound,Xxxxx,0.0
Happy Viking,Viking,2,1,6,Viking,PROPN,NNP,ROOT,Xxxxx,0.0
Raftt,Raftt,1,1,5,Raftt,PROPN,NNP,ROOT,Xxxxx,0.0
GitPOAP,GitPOAP,1,1,7,gitpoap,ADV,RB,ROOT,XxxXXXX,0.0
BITLEVEX,BITLEVEX,1,1,8,BITLEVEX,PROPN,NNP,ROOT,XXXX,0.0
Satellite IM,Satellite,2,1,9,satellite,NOUN,NN,compound,Xxxxx,0.0
Satellite IM,IM,2,1,2,IM,PROPN,NNP,ROOT,XX,0.0
ThreatX,ThreatX,1,1,7,threatx,ADV,RB,ROOT,XxxxxX,0.0
Joonko,Joonko,1,1,6,Joonko,PROPN,NNP,ROOT,Xxxxx,0.0
Mobot,Mobot,1,1,5,Mobot,PROPN,NNP,ROOT,Xxxxx,0.0
SaNOtize,SaNOtize,1,1,8,sanotize,VERB,VB,ROOT,XxXXxxxx,0.0
KLAR Smile,KLAR,2,1,4,KLAR,PROPN,NNP,compound,XXXX,0.0
KLAR Smile,Smile,2,1,5,Smile,PROPN,NNP,ROOT,Xxxxx,0.0
Inherent Biosciences,Inherent,2,1,8,Inherent,PROPN,NNP,compound,Xxxxx,0.0
Inherent Biosciences,Biosciences,2,1,11,Biosciences,PROPN,NNPS,ROOT,Xxxxx,0.0
Josys,Josys,1,1,5,Josys,PROPN,NNP,ROOT,Xxxxx,0.0
SageWealth,SageWealth,1,1,10,sagewealth,NOUN,NN,ROOT,XxxxXxxxx,0.0
CareHarmony,CareHarmony,1,1,11,CareHarmony,PROPN,NNP,ROOT,XxxxXxxxx,0.0
Remedium Bio,Remedium,2,1,8,Remedium,PROPN,NNP,compound,Xxxxx,0.0
Remedium Bio,Bio,2,1,3,Bio,PROPN,NNP,ROOT,Xxx,0.0
Bacon,Bacon,1,1,5,bacon,NOUN,NN,ROOT,Xxxxx,0.0
Ordaos Bio,Ordaos,2,1,6,Ordaos,PROPN,NNP,compound,Xxxxx,0.0
Ordaos Bio,Bio,2,1,3,Bio,PROPN,NNP,ROOT,Xxx,0.0
91Squarefeet,91Squarefeet,1,1,12,91Squarefeet,NOUN,NNS,ROOT,ddXxxxx,0.0
FromSoftware,FromSoftware,1,1,12,FromSoftware,PROPN,NNP,ROOT,XxxxXxxxx,0.0
Yieldstreet,Yieldstreet,1,1,11,Yieldstreet,PROPN,NNP,ROOT,Xxxxx,0.0
Zevi,Zevi,1,1,4,zevi,NOUN,NN,ROOT,Xxxx,0.0
Quotabook,Quotabook,1,1,9,quotabook,VERB,VB,ROOT,Xxxxx,0.0
Lytica,Lytica,1,1,6,Lytica,PROPN,NNP,ROOT,Xxxxx,0.0
Slide,Slide,1,1,5,slide,NOUN,NN,ROOT,Xxxxx,0.0
Monod Bio,Monod,2,1,5,Monod,PROPN,NNP,compound,Xxxxx,0.0
Monod Bio,Bio,2,1,3,Bio,PROPN,NNP,ROOT,Xxx,0.0
Muninn,Muninn,1,1,6,Muninn,PROPN,NNP,ROOT,Xxxxx,0.0
Datawisp,Datawisp,1,1,8,datawisp,NOUN,NN,ROOT,Xxxxx,0.0
Kterio,Kterio,1,1,6,kterio,NOUN,NN,ROOT,Xxxxx,0.0
Jodo,Jodo,1,1,4,jodo,NOUN,NN,ROOT,Xxxx,0.0
Duel,Duel,1,1,4,Duel,PROPN,NNP,ROOT,Xxxx,0.0
ClearMotion,ClearMotion,1,1,11,ClearMotion,PROPN,NNP,ROOT,XxxxxXxxxx,0.0
AgronetPRO,AgronetPRO,1,1,10,AgronetPRO,VERB,VBZ,ROOT,XxxxxXXX,0.0
RecruitLab,RecruitLab,1,1,10,RecruitLab,PROPN,NNP,ROOT,XxxxxXxx,0.0
Fire &amp; Flower,Fire,3,1,4,Fire,PROPN,NNP,ROOT,Xxxx,0.0
Fire &amp; Flower,&,3,1,1,&,CCONJ,CC,cc,&,0.0
Fire &amp; Flower,amp,3,1,3,amp,NOUN,NN,conj,xxx,0.0
Fire &amp; Flower,;,3,1,1,;,PUNCT,:,punct,;,0.0
Fire &amp; Flower,Flower,3,1,6,Flower,PROPN,NNP,appos,Xxxxx,0.0
Moneyflow,Moneyflow,1,1,9,moneyflow,VERB,VB,ROOT,Xxxxx,0.0
Limit Break,Limit,2,1,5,limit,NOUN,NN,compound,Xxxxx,0.0
Limit Break,Break,2,1,5,break,VERB,VB,ROOT,Xxxxx,0.0
BioBetter,BioBetter,1,1,9,BioBetter,NOUN,NNS,ROOT,XxxXxxxx,0.0
Terabase Energy,Terabase,2,1,8,Terabase,PROPN,NNP,compound,Xxxxx,0.0
Terabase Energy,Energy,2,1,6,Energy,PROPN,NNP,ROOT,Xxxxx,0.0
Daalchini Technologies,Daalchini,2,1,9,Daalchini,PROPN,NNP,compound,Xxxxx,0.0
Daalchini Technologies,Technologies,2,1,12,Technologies,PROPN,NNPS,ROOT,Xxxxx,0.0
Vestaron,Vestaron,1,1,8,Vestaron,PROPN,NNP,ROOT,Xxxxx,0.0
Talon Cyber Security,Talon,3,1,5,Talon,PROPN,NNP,compound,Xxxxx,0.0
Talon Cyber Security,Cyber,3,1,5,Cyber,PROPN,NNP,compound,Xxxxx,0.0
Talon Cyber Security,Security,3,1,8,Security,PROPN,NNP,ROOT,Xxxxx,0.0
Hoopo,Hoopo,1,1,5,Hoopo,PROPN,NNP,ROOT,Xxxxx,0.0
WiTricity,WiTricity,1,1,9,witricity,NOUN,NN,ROOT,XxXxxxx,0.0
Yulu,Yulu,1,1,4,yulu,ADJ,JJ,ROOT,Xxxx,0.0
Rupeek,Rupeek,1,1,6,rupeek,VERB,VB,ROOT,Xxxxx,0.0
Ultrade,Ultrade,1,1,7,Ultrade,PROPN,NNP,ROOT,Xxxxx,0.0
Manus Bio,Manus,2,1,5,Manus,PROPN,NNP,compound,Xxxxx,0.0
Manus Bio,Bio,2,1,3,Bio,PROPN,NNP,ROOT,Xxx,0.0
Edamama,Edamama,1,1,7,Edamama,PROPN,NNP,ROOT,Xxxxx,0.0
Wreno,Wreno,1,1,5,Wreno,PROPN,NNP,ROOT,Xxxxx,0.0
SessionGuardian,SessionGuardian,1,1,15,SessionGuardian,PROPN,NNP,ROOT,XxxxxXxxxx,0.0
Afresh,Afresh,1,1,6,afresh,NOUN,NN,ROOT,Xxxxx,0.0
Sport Buff,Sport,2,1,5,Sport,PROPN,NNP,compound,Xxxxx,0.0
Sport Buff,Buff,2,1,4,Buff,PROPN,NNP,ROOT,Xxxx,0.0
Spearix Technologies,Spearix,2,1,7,Spearix,PROPN,NNP,compound,Xxxxx,0.0
Spearix Technologies,Technologies,2,1,12,Technologies,PROPN,NNPS,ROOT,Xxxxx,0.0
Arcturus Therapeutics,Arcturus,2,1,8,Arcturus,PROPN,NNP,compound,Xxxxx,0.0
Arcturus Therapeutics,Therapeutics,2,1,12,Therapeutics,PROPN,NNP,ROOT,Xxxxx,0.0
Sironax,Sironax,1,1,7,sironax,NOUN,NN,ROOT,Xxxxx,0.0
CompScience,CompScience,1,1,11,compscience,NOUN,NN,ROOT,XxxxXxxxx,0.0
Open Raven,Open,2,1,4,Open,PROPN,NNP,compound,Xxxx,0.0
Open Raven,Raven,2,1,5,Raven,PROPN,NNP,ROOT,Xxxxx,0.0
Forward,Forward,1,1,7,forward,ADV,RB,ROOT,Xxxxx,0.0
BlueTape,BlueTape,1,2,8,bluetape,NOUN,NN,ROOT,XxxxXxxx,0.0
MyHealthMath,MyHealthMath,1,1,12,myhealthmath,NOUN,NN,ROOT,XxXxxxxXxxx,0.0
promiseQ,promiseQ,1,1,8,promiseq,NOUN,NN,ROOT,xxxxX,0.0
Boopos,Boopos,1,1,6,boopos,NOUN,NN,ROOT,Xxxxx,0.0
Versa Asia,Versa,2,1,5,Versa,PROPN,NNP,compound,Xxxxx,0.0
Versa Asia,Asia,2,1,4,Asia,PROPN,NNP,ROOT,Xxxx,0.0
Sunwoda Electric Vehicle Battery,Sunwoda,4,1,7,Sunwoda,PROPN,NNP,compound,Xxxxx,0.0
Sunwoda Electric Vehicle Battery,Electric,4,1,8,Electric,PROPN,NNP,compound,Xxxxx,0.0
Sunwoda Electric Vehicle Battery,Vehicle,4,1,7,Vehicle,PROPN,NNP,compound,Xxxxx,0.0
Sunwoda Electric Vehicle Battery,Battery,4,1,7,Battery,PROPN,NNP,ROOT,Xxxxx,0.0
Everdome,Everdome,1,1,8,everdome,NOUN,NN,ROOT,Xxxxx,0.0
Bike Bazaar,Bike,2,1,4,Bike,PROPN,NNP,compound,Xxxx,0.0
Bike Bazaar,Bazaar,2,1,6,Bazaar,PROPN,NNP,ROOT,Xxxxx,0.0
Outpost,Outpost,1,1,7,outpost,NOUN,NN,ROOT,Xxxxx,0.0
SynSaber,SynSaber,1,1,8,SynSaber,PROPN,NNP,ROOT,XxxXxxxx,0.0
Bounty,Bounty,1,1,6,bounty,NOUN,NN,ROOT,Xxxxx,0.0
Biotia,Biotia,1,1,6,Biotia,PROPN,NNP,ROOT,Xxxxx,0.0
SunRoof,SunRoof,1,1,7,SunRoof,VERB,VBG,ROOT,XxxXxxx,0.0
Keen Technologies,Keen,2,1,4,Keen,PROPN,NNP,compound,Xxxx,0.0
Keen Technologies,Technologies,2,1,12,Technologies,PROPN,NNPS,ROOT,Xxxxx,0.0
Mojocare,Mojocare,1,1,8,mojocare,NOUN,NN,ROOT,Xxxxx,0.0
Unlockd,Unlockd,1,1,7,unlockd,VERB,VB,ROOT,Xxxxx,0.0
Autobahn Therapeutics,Autobahn,2,1,8,Autobahn,PROPN,NNP,compound,Xxxxx,0.0
Autobahn Therapeutics,Therapeutics,2,1,12,Therapeutics,PROPN,NNP,ROOT,Xxxxx,0.0
Unlikely AI,Unlikely,2,1,8,Unlikely,PROPN,NNP,compound,Xxxxx,0.0
Unlikely AI,AI,2,1,2,AI,PROPN,NNP,ROOT,XX,0.0
Electrifuel,Electrifuel,1,1,11,Electrifuel,PROPN,NNP,ROOT,Xxxxx,0.0
MiyaHealth,MiyaHealth,1,1,10,MiyaHealth,PROPN,NNP,ROOT,XxxxXxxxx,0.0
GrowthSpace,GrowthSpace,1,1,11,GrowthSpace,PROPN,NNP,ROOT,XxxxxXxxxx,0.0
Overtime,Overtime,1,1,8,overtime,NOUN,NN,ROOT,Xxxxx,0.0
BillEase,BillEase,1,1,8,billease,NOUN,NN,ROOT,XxxxXxxx,0.0
Modulate,Modulate,1,1,8,modulate,VERB,VB,ROOT,Xxxxx,0.0
MyMuse India,MyMuse,2,1,6,MyMuse,PROPN,NNP,compound,XxXxxx,0.0
MyMuse India,India,2,1,5,India,PROPN,NNP,ROOT,Xxxxx,0.0
MolecuLight,MolecuLight,1,1,11,MolecuLight,PROPN,NNP,ROOT,XxxxxXxxxx,0.0
EnviroSpark,EnviroSpark,1,1,11,EnviroSpark,PROPN,NNP,ROOT,XxxxxXxxxx,0.0
Clara,Clara,1,1,5,Clara,PROPN,NNP,ROOT,Xxxxx,0.0
RIA Advisory,RIA,2,1,3,RIA,PROPN,NNP,compound,XXX,0.0
RIA Advisory,Advisory,2,1,8,Advisory,PROPN,NNP,ROOT,Xxxxx,0.0
Bookkeeper360,Bookkeeper360,1,1,13,bookkeeper360,NOUN,NN,ROOT,Xxxxxddd,0.0
OMRT,OMRT,1,1,4,OMRT,PROPN,NNP,ROOT,XXXX,0.0
CorePower Magnetics,CorePower,2,1,9,corepower,NOUN,NN,compound,XxxxXxxxx,0.0
CorePower Magnetics,Magnetics,2,1,9,magnetic,NOUN,NNS,ROOT,Xxxxx,0.0
Airgram,Airgram,1,1,7,airgram,NOUN,NN,ROOT,Xxxxx,0.0
Enliven,Enliven,1,1,7,Enliven,PROPN,NNP,ROOT,Xxxxx,0.0
Diri Care,Diri,2,1,4,Diri,PROPN,NNP,compound,Xxxx,0.0
Diri Care,Care,2,1,4,Care,PROPN,NNP,ROOT,Xxxx,0.0
Aditya Birla Health Insurance,Aditya,4,1,6,Aditya,PROPN,NNP,compound,Xxxxx,0.0
Aditya Birla Health Insurance,Birla,4,1,5,Birla,PROPN,NNP,compound,Xxxxx,0.0
Aditya Birla Health Insurance,Health,4,1,6,Health,PROPN,NNP,compound,Xxxxx,0.0
Aditya Birla Health Insurance,Insurance,4,1,9,Insurance,PROPN,NNP,ROOT,Xxxxx,0.0
ATLAS Space Operations,ATLAS,3,1,5,ATLAS,PROPN,NNP,compound,XXXX,0.0
ATLAS Space Operations,Space,3,1,5,Space,PROPN,NNP,compound,Xxxxx,0.0
ATLAS Space Operations,Operations,3,1,10,Operations,PROPN,NNPS,ROOT,Xxxxx,0.0
Closinglock,Closinglock,1,1,11,closinglock,NOUN,NN,ROOT,Xxxxx,0.0
ReturnLogic,ReturnLogic,1,1,11,returnlogic,NOUN,NN,ROOT,XxxxxXxxxx,0.0
Haystack,Haystack,1,1,8,haystack,NOUN,NN,ROOT,Xxxxx,0.0
Maximus,Maximus,1,1,7,Maximus,PROPN,NNP,ROOT,Xxxxx,0.0
IDnow,IDnow,1,1,5,IDnow,PROPN,NNP,ROOT,XXxxx,0.0
Deconstruct,Deconstruct,1,1,11,deconstruct,NOUN,NN,ROOT,Xxxxx,0.0
Complete,Complete,1,1,8,complete,VERB,VB,ROOT,Xxxxx,0.0
Modulous,Modulous,1,1,8,modulous,ADJ,JJ,ROOT,Xxxxx,0.0
accessiBe,accessiBe,1,1,9,accessiBe,PROPN,NNP,ROOT,xxxxXx,0.0
Techmer PM,Techmer,2,1,7,techmer,NOUN,NN,compound,Xxxxx,0.0
Techmer PM,PM,2,1,2,pm,NOUN,NN,ROOT,XX,0.0
Ayekart Fintech,Ayekart,2,2,7,Ayekart,PROPN,NNP,compound,Xxxxx,0.0
Ayekart Fintech,Fintech,2,2,7,Fintech,PROPN,NNP,ROOT,Xxxxx,0.0
Reejig,Reejig,1,1,6,reejig,NOUN,NN,ROOT,Xxxxx,0.0
ImIn,ImIn,1,1,4,imin,NOUN,NN,ROOT,XxXx,0.0
Finexos,Finexos,1,1,7,Finexos,PROPN,NNP,ROOT,Xxxxx,0.0
OBM Education,OBM,2,1,3,OBM,PROPN,NNP,compound,XXX,0.0
OBM Education,Education,2,1,9,Education,PROPN,NNP,ROOT,Xxxxx,0.0
Industrial Phycology,Industrial,2,1,10,Industrial,PROPN,NNP,compound,Xxxxx,0.0
Industrial Phycology,Phycology,2,1,9,Phycology,PROPN,NNP,ROOT,Xxxxx,0.0
Spectral MD,Spectral,2,1,8,Spectral,PROPN,NNP,compound,Xxxxx,0.0
Spectral MD,MD,2,1,2,MD,PROPN,NNP,ROOT,XX,0.0
Populus,Populus,1,1,7,populus,NOUN,NN,ROOT,Xxxxx,0.0
Bored Beverages Company,Bored,3,1,5,Bored,PROPN,NNP,compound,Xxxxx,0.0
Bored Beverages Company,Beverages,3,1,9,Beverages,PROPN,NNPS,compound,Xxxxx,0.0
Bored Beverages Company,Company,3,1,7,Company,PROPN,NNP,ROOT,Xxxxx,0.0
Nightfall AI,Nightfall,2,1,9,Nightfall,PROPN,NNP,compound,Xxxxx,0.0
Nightfall AI,AI,2,1,2,AI,PROPN,NNP,ROOT,XX,0.0
Bevi,Bevi,1,1,4,bevi,NOUN,NN,ROOT,Xxxx,0.0
GrowerIQ,GrowerIQ,1,1,8,groweriq,NOUN,NN,ROOT,XxxxxXX,0.0
Magnax,Magnax,1,1,6,magnax,VERB,VB,ROOT,Xxxxx,0.0
StepFunction.ai,StepFunction.ai,1,1,15,StepFunction.ai,PROPN,NNP,ROOT,XxxxXxxxx.xx,0.0
Koibanx,Koibanx,1,1,7,koibanx,X,FW,ROOT,Xxxxx,0.0
NFT Genius,NFT,2,1,3,NFT,PROPN,NNP,compound,XXX,0.0
NFT Genius,Genius,2,1,6,Genius,PROPN,NNP,ROOT,Xxxxx,0.0
SureBright,SureBright,1,1,10,SureBright,PROPN,NNP,ROOT,XxxxXxxxx,0.0
Aisera,Aisera,1,1,6,aisera,NOUN,NN,ROOT,Xxxxx,0.0
Bigspoon,Bigspoon,1,1,8,bigspoon,NOUN,NN,ROOT,Xxxxx,0.0
Impactsure Technologies,Impactsure,2,1,10,Impactsure,PROPN,NNP,compound,Xxxxx,0.0
Impactsure Technologies,Technologies,2,1,12,Technologies,PROPN,NNPS,ROOT,Xxxxx,0.0
Everside Health,Everside,2,1,8,Everside,PROPN,NNP,compound,Xxxxx,0.0
Everside Health,Health,2,1,6,Health,PROPN,NNP,ROOT,Xxxxx,0.0
Cultures To Love,Cultures,3,1,8,culture,NOUN,NNS,ROOT,Xxxxx,0.0
Cultures To Love,To,3,1,2,to,AUX,IN,aux,Xx,0.0
Cultures To Love,Love,3,1,4,love,VERB,VB,relcl,Xxxx,0.0
Addigy,Addigy,1,1,6,Addigy,PROPN,NNP,ROOT,Xxxxx,0.0
GoGoPool,GoGoPool,1,1,8,gogopool,NOUN,NN,ROOT,XxXxXxxx,0.0
Churned,Churned,1,1,7,churn,VERB,VBN,ROOT,Xxxxx,0.0
Farther Finance,Farther,2,1,7,farther,ADJ,JJ,amod,Xxxxx,0.0
Farther Finance,Finance,2,1,7,finance,NOUN,NN,ROOT,Xxxxx,0.0
RAB Microfluidics,RAB,2,1,3,RAB,PROPN,NNP,compound,XXX,0.0
RAB Microfluidics,Microfluidics,2,1,13,Microfluidics,PROPN,NNPS,ROOT,Xxxxx,0.0
Code First Girls,Code,3,1,4,Code,PROPN,NNP,compound,Xxxx,0.0
Code First Girls,First,3,1,5,First,PROPN,NNP,compound,Xxxxx,0.0
Code First Girls,Girls,3,1,5,Girls,PROPN,NNP,ROOT,Xxxxx,0.0
Eve Air Mobility,Eve,3,1,3,Eve,PROPN,NNP,compound,Xxx,0.0
Eve Air Mobility,Air,3,1,3,Air,PROPN,NNP,compound,Xxx,0.0
Eve Air Mobility,Mobility,3,1,8,Mobility,PROPN,NNP,ROOT,Xxxxx,0.0
Netradyne,Netradyne,1,1,9,netradyne,NOUN,NN,ROOT,Xxxxx,0.0
Ledgebrook,Ledgebrook,1,1,10,Ledgebrook,PROPN,NNP,ROOT,Xxxxx,0.0
TerraPower,TerraPower,1,1,10,TerraPower,PROPN,NNP,ROOT,XxxxxXxxxx,0.0
Atome,Atome,1,1,5,atome,VERB,VB,ROOT,Xxxxx,0.0
ClaimLogiq,ClaimLogiq,1,1,10,ClaimLogiq,NOUN,NNS,ROOT,XxxxxXxxxx,0.0
Panintelligence,Panintelligence,1,1,15,panintelligence,NOUN,NN,ROOT,Xxxxx,0.0
Stratifyd,Stratifyd,1,1,9,stratifyd,VERB,VB,ROOT,Xxxxx,0.0
Onego Bio,Onego,2,1,5,Onego,PROPN,NNP,compound,Xxxxx,0.0
Onego Bio,Bio,2,1,3,Bio,PROPN,NNP,ROOT,Xxx,0.0
Wi-Q,Wi,1,1,2,Wi,PROPN,NNP,compound,Xx,0.0
Wi-Q,-,1,1,1,-,PUNCT,HYPH,punct,-,0.0
Wi-Q,Q,1,1,1,Q,PROPN,NNP,ROOT,X,0.0
ReNew Power,ReNew,2,1,5,ReNew,PROPN,NNP,compound,XxXxx,0.0
ReNew Power,Power,2,1,5,Power,PROPN,NNP,ROOT,Xxxxx,0.0
Vishko22,Vishko22,1,1,8,vishko22,VERB,VB,ROOT,Xxxxxdd,0.0
Atropos Health,Atropos,2,1,7,Atropos,PROPN,NNP,compound,Xxxxx,0.0
Atropos Health,Health,2,1,6,Health,PROPN,NNP,ROOT,Xxxxx,0.0
Mantel,Mantel,1,1,6,mantel,NOUN,NN,ROOT,Xxxxx,0.0
Community Labs,Community,2,1,9,Community,PROPN,NNP,compound,Xxxxx,0.0
Community Labs,Labs,2,1,4,Labs,PROPN,NNPS,ROOT,Xxxx,0.0
101,101,1,1,3,101,NUM,CD,ROOT,ddd,0.0
Haru,Haru,1,1,4,haru,VERB,VB,ROOT,Xxxx,0.0
Lumifi Cyber,Lumifi,2,1,6,Lumifi,PROPN,NNP,compound,Xxxxx,0.0
Lumifi Cyber,Cyber,2,1,5,Cyber,PROPN,NNP,ROOT,Xxxxx,0.0
Indium Finance,Indium,2,1,6,Indium,PROPN,NNP,compound,Xxxxx,0.0
Indium Finance,Finance,2,1,7,Finance,PROPN,NNP,ROOT,Xxxxx,0.0
Sabipay,Sabipay,1,1,7,Sabipay,PROPN,NNP,ROOT,Xxxxx,0.0
MedinCell,MedinCell,1,1,9,MedinCell,PROPN,NNP,ROOT,XxxxxXxxx,0.0
Bloom Biorenewables Ltd,Bloom,3,1,5,Bloom,PROPN,NNP,compound,Xxxxx,0.0
Bloom Biorenewables Ltd,Biorenewables,3,1,13,Biorenewables,PROPN,NNP,compound,Xxxxx,0.0
Bloom Biorenewables Ltd,Ltd,3,1,3,ltd,NOUN,NN,ROOT,Xxx,0.0
Alima,Alima,1,1,5,Alima,PROPN,NNP,ROOT,Xxxxx,0.0
Unstoppable Domains,Unstoppable,2,1,11,Unstoppable,PROPN,NNP,compound,Xxxxx,0.0
Unstoppable Domains,Domains,2,1,7,Domains,PROPN,NNP,ROOT,Xxxxx,0.0
Cledara,Cledara,1,1,7,Cledara,PROPN,NNP,ROOT,Xxxxx,0.0
Geek+,Geek+,1,1,5,geek+,SPACE,_SP,ROOT,Xxxx+,0.0
InMed Pharmaceuticals,InMed,2,1,5,InMed,PROPN,NNP,compound,XxXxx,0.0
InMed Pharmaceuticals,Pharmaceuticals,2,1,15,Pharmaceuticals,PROPN,NNPS,ROOT,Xxxxx,0.0
Escalate Capital Partners,Escalate,3,1,8,Escalate,PROPN,NNP,compound,Xxxxx,0.0
Escalate Capital Partners,Capital,3,1,7,Capital,PROPN,NNP,compound,Xxxxx,0.0
Escalate Capital Partners,Partners,3,1,8,Partners,PROPN,NNPS,ROOT,Xxxxx,0.0
Healthledger Diagnostics,Healthledger,2,1,12,Healthledger,PROPN,NNP,compound,Xxxxx,0.0
Healthledger Diagnostics,Diagnostics,2,1,11,Diagnostics,PROPN,NNPS,ROOT,Xxxxx,0.0
Phenna Group,Phenna,2,1,6,Phenna,PROPN,NNP,compound,Xxxxx,0.0
Phenna Group,Group,2,1,5,Group,PROPN,NNP,ROOT,Xxxxx,0.0
MatchboxDAO,MatchboxDAO,1,1,11,matchboxdao,NOUN,NN,ROOT,XxxxxXXX,0.0
Expedock,Expedock,1,1,8,expedock,NOUN,NN,ROOT,Xxxxx,0.0
"Fog Works, Inc.",Fog,3,1,3,fog,NOUN,NN,compound,Xxx,0.0
"Fog Works, Inc.",Works,3,1,5,Works,PROPN,NNP,ROOT,Xxxxx,0.0
"Fog Works, Inc.",",",3,1,1,",",PUNCT,",",punct,",",0.0
"Fog Works, Inc.",Inc.,3,1,4,Inc.,PROPN,NNP,appos,Xxx.,0.0
ApniBus,ApniBus,1,1,7,ApniBus,PROPN,NNP,ROOT,XxxxXxx,0.0
Column,Column,1,1,6,Column,PROPN,NNP,ROOT,Xxxxx,0.0
Epigenic Therapeutics,Epigenic,2,1,8,epigenic,ADJ,JJ,amod,Xxxxx,0.0
Epigenic Therapeutics,Therapeutics,2,1,12,therapeutic,NOUN,NNS,ROOT,Xxxxx,0.0
Ordio,Ordio,1,1,5,ordio,NOUN,NN,ROOT,Xxxxx,0.0
Low Carbon,Low,2,1,3,Low,PROPN,NNP,compound,Xxx,0.0
Low Carbon,Carbon,2,1,6,Carbon,PROPN,NNP,ROOT,Xxxxx,0.0
TMC Pharma,TMC,2,1,3,TMC,PROPN,NNP,compound,XXX,0.0
TMC Pharma,Pharma,2,1,6,Pharma,PROPN,NNP,ROOT,Xxxxx,0.0
Tangibly,Tangibly,1,1,8,tangibly,ADV,RB,ROOT,Xxxxx,0.0
ConverseNow,ConverseNow,1,1,11,ConverseNow,PROPN,NNP,ROOT,XxxxxXxx,0.0
Mycel,Mycel,1,1,5,Mycel,PROPN,NNP,ROOT,Xxxxx,0.0
Jackett,Jackett,1,1,7,Jackett,PROPN,NNP,ROOT,Xxxxx,0.0
Shipmates,Shipmates,1,1,9,shipmate,NOUN,NNS,ROOT,Xxxxx,0.0
InSightec,InSightec,1,1,9,insightec,ADJ,JJ,ROOT,XxXxxxx,0.0
Cartona,Cartona,1,1,7,cartona,NOUN,NN,ROOT,Xxxxx,0.0
CathVision,CathVision,1,1,10,cathvision,NOUN,NN,ROOT,XxxxXxxxx,0.0
Sibel Health,Sibel,2,1,5,Sibel,PROPN,NNP,compound,Xxxxx,0.0
Sibel Health,Health,2,1,6,Health,PROPN,NNP,ROOT,Xxxxx,0.0
Gameplay Galaxy,Gameplay,2,1,8,Gameplay,PROPN,NNP,compound,Xxxxx,0.0
Gameplay Galaxy,Galaxy,2,1,6,Galaxy,PROPN,NNP,ROOT,Xxxxx,0.0
Doodles,Doodles,1,1,7,doodle,NOUN,NNS,ROOT,Xxxxx,0.0
Zesty.co,Zesty.co,1,1,8,Zesty.co,PROPN,NNP,ROOT,Xxxxx.xx,0.0
Impact Food,Impact,2,1,6,impact,NOUN,NN,compound,Xxxxx,0.0
Impact Food,Food,2,1,4,Food,PROPN,NNP,ROOT,Xxxx,0.0
Greenest,Greenest,1,1,8,greenest,X,FW,ROOT,Xxxxx,0.0
ATLANT 3D Nanosystems,ATLANT,3,1,6,ATLANT,NOUN,NNS,compound,XXXX,0.0
ATLANT 3D Nanosystems,3D,3,1,2,3D,PROPN,NNP,compound,dX,0.0
ATLANT 3D Nanosystems,Nanosystems,3,1,11,Nanosystems,PROPN,NNP,ROOT,Xxxxx,0.0
Regal.io,Regal.io,1,1,8,Regal.io,PROPN,NNP,ROOT,Xxxxx.xx,0.0
Wealthfront,Wealthfront,1,1,11,Wealthfront,PROPN,NNP,ROOT,Xxxxx,0.0
UDO Games,UDO,2,1,3,UDO,PROPN,NNP,compound,XXX,0.0
UDO Games,Games,2,1,5,Games,PROPN,NNPS,ROOT,Xxxxx,0.0
Neurolens,Neurolens,1,1,9,Neurolens,PROPN,NNP,ROOT,Xxxxx,0.0
Peer Robotics,Peer,2,1,4,peer,NOUN,NN,compound,Xxxx,0.0
Peer Robotics,Robotics,2,1,8,robotic,NOUN,NNS,ROOT,Xxxxx,0.0
Technosylva,Technosylva,1,1,11,Technosylva,PROPN,NNP,ROOT,Xxxxx,0.0
Psych Hub,Psych,2,1,5,psych,NOUN,NN,compound,Xxxxx,0.0
Psych Hub,Hub,2,1,3,Hub,PROPN,NNP,ROOT,Xxx,0.0
ProntoPro,ProntoPro,1,1,9,ProntoPro,PROPN,NNP,ROOT,XxxxxXxx,0.0
UpGrad,UpGrad,1,1,6,upgrad,NOUN,NN,ROOT,XxXxxx,0.0
Ori,Ori,1,1,3,ori,NOUN,NN,ROOT,Xxx,0.0
Sender Wallet,Sender,2,1,6,sender,NOUN,NN,compound,Xxxxx,0.0
Sender Wallet,Wallet,2,1,6,Wallet,PROPN,NNP,ROOT,Xxxxx,0.0
Venue,Venue,1,1,5,venue,NOUN,NN,ROOT,Xxxxx,0.0
B+J Studios,B+J,2,1,3,b+j,NOUN,NN,compound,X+X,0.0
B+J Studios,Studios,2,1,7,Studios,PROPN,NNP,ROOT,Xxxxx,0.0
Byte Kitchen,Byte,2,1,4,Byte,PROPN,NNP,compound,Xxxx,0.0
Byte Kitchen,Kitchen,2,1,7,Kitchen,PROPN,NNP,ROOT,Xxxxx,0.0
RipeLocker,RipeLocker,1,1,10,RipeLocker,PROPN,NNP,ROOT,XxxxXxxxx,0.0
Bachan's,Bachan,1,1,6,Bachan,PROPN,NNP,ROOT,Xxxxx,0.0
Bachan's,'s,1,1,2,'s,PART,POS,case,'x,0.0
Renkube,Renkube,1,1,7,renkube,NOUN,NN,ROOT,Xxxxx,0.0
Betr,Betr,1,1,4,Betr,NOUN,NNS,ROOT,Xxxx,0.0
twid,twid,1,1,4,twid,VERB,VBZ,ROOT,xxxx,0.0
Jiminny,Jiminny,1,1,7,jiminny,ADJ,JJ,ROOT,Xxxxx,0.0
Dwija Foods,Dwija,2,1,5,Dwija,PROPN,NNP,compound,Xxxxx,0.0
Dwija Foods,Foods,2,1,5,Foods,PROPN,NNPS,ROOT,Xxxxx,0.0
Myplanet,Myplanet,1,1,8,myplanet,NOUN,NN,ROOT,Xxxxx,0.0
Zeda.io,Zeda.io,1,1,7,zeda.io,VERB,VB,ROOT,Xxxx.xx,0.0
EvaBot,EvaBot,1,1,6,evabot,NOUN,NN,ROOT,XxxXxx,0.0
Contribution Labs,Contribution,2,1,12,Contribution,PROPN,NNP,compound,Xxxxx,0.0
Contribution Labs,Labs,2,1,4,Labs,PROPN,NNPS,ROOT,Xxxx,0.0
INK Games,INK,2,1,3,INK,PROPN,NNP,compound,XXX,0.0
INK Games,Games,2,1,5,Games,PROPN,NNPS,ROOT,Xxxxx,0.0
Catch,Catch,1,1,5,catch,VERB,VB,ROOT,Xxxxx,0.0
Sequel,Sequel,1,1,6,sequel,VERB,VB,ROOT,Xxxxx,0.0
Majoo,Majoo,1,1,5,majoo,NOUN,NN,ROOT,Xxxxx,0.0
boomerank,boomerank,1,1,9,boomerank,NOUN,NN,ROOT,xxxx,0.0
Iantrek,Iantrek,1,1,7,Iantrek,PROPN,NNP,ROOT,Xxxxx,0.0
NMB Bank,NMB,2,1,3,NMB,PROPN,NNP,compound,XXX,0.0
NMB Bank,Bank,2,1,4,Bank,PROPN,NNP,ROOT,Xxxx,0.0
iFood,iFood,1,1,5,ifood,NOUN,NN,ROOT,xXxxx,0.0
Evolve,Evolve,1,1,6,evolve,VERB,VB,ROOT,Xxxxx,0.0
Stacked,Stacked,1,1,7,stack,VERB,VBN,ROOT,Xxxxx,0.0
Pinata,Pinata,1,1,6,Pinata,PROPN,NNP,ROOT,Xxxxx,0.0
Soda Health,Soda,2,1,4,Soda,PROPN,NNP,compound,Xxxx,0.0
Soda Health,Health,2,1,6,Health,PROPN,NNP,ROOT,Xxxxx,0.0
ProfilePrint,ProfilePrint,1,1,12,ProfilePrint,PROPN,NNP,ROOT,XxxxxXxxxx,0.0
Mula GmbH,Mula,2,1,4,mula,NOUN,NN,compound,Xxxx,0.0
Mula GmbH,GmbH,2,1,4,GmbH,PROPN,NNP,ROOT,XxxX,0.0
Savana,Savana,1,1,6,Savana,PROPN,NNP,ROOT,Xxxxx,0.0
Vestaboard,Vestaboard,1,1,10,Vestaboard,PROPN,NNP,ROOT,Xxxxx,0.0
MyDr NOW,MyDr,2,1,4,MyDr,PROPN,NNP,ROOT,XxXx,0.0
MyDr NOW,NOW,2,1,3,now,ADV,RB,advmod,XXX,0.0
MAHLE,MAHLE,1,1,5,MAHLE,PROPN,NNP,ROOT,XXXX,0.0
Cuure,Cuure,1,1,5,cuure,NOUN,NN,ROOT,Xxxxx,0.0
Ambassador Labs,Ambassador,2,1,10,Ambassador,PROPN,NNP,compound,Xxxxx,0.0
Ambassador Labs,Labs,2,1,4,Labs,PROPN,NNPS,ROOT,Xxxx,0.0
28 by Evie,28,3,1,2,28,NUM,CD,ROOT,dd,0.0
28 by Evie,by,3,1,2,by,ADP,IN,prep,xx,0.0
28 by Evie,Evie,3,1,4,Evie,PROPN,NNP,pobj,Xxxx,0.0
PushPress,PushPress,1,1,9,pushpres,NOUN,NNS,ROOT,XxxxXxxxx,0.0
Plancraft,Plancraft,1,1,9,Plancraft,PROPN,NNP,ROOT,Xxxxx,0.0
Lazada Group,Lazada,2,1,6,Lazada,PROPN,NNP,compound,Xxxxx,0.0
Lazada Group,Group,2,1,5,Group,PROPN,NNP,ROOT,Xxxxx,0.0
Eologix,Eologix,1,1,7,Eologix,PROPN,NNP,ROOT,Xxxxx,0.0
Bite Ninja,Bite,2,1,4,Bite,PROPN,NNP,compound,Xxxx,0.0
Bite Ninja,Ninja,2,1,5,Ninja,PROPN,NNP,ROOT,Xxxxx,0.0
Phyllo,Phyllo,1,1,6,Phyllo,PROPN,NNP,ROOT,Xxxxx,0.0
Reliance Partners,Reliance,2,1,8,Reliance,PROPN,NNP,compound,Xxxxx,0.0
Reliance Partners,Partners,2,1,8,Partners,PROPN,NNPS,ROOT,Xxxxx,0.0
Junto,Junto,1,1,5,Junto,PROPN,NNP,ROOT,Xxxxx,0.0
Ribbon Communications,Ribbon,2,1,6,Ribbon,PROPN,NNP,compound,Xxxxx,0.0
Ribbon Communications,Communications,2,1,14,Communications,PROPN,NNP,ROOT,Xxxxx,0.0
Aquaticode,Aquaticode,1,1,10,aquaticode,NOUN,NN,ROOT,Xxxxx,0.0
Meson,Meson,1,1,5,meson,NOUN,NN,ROOT,Xxxxx,0.0
Think Bioscience,Think,2,1,5,think,VERB,VB,ROOT,Xxxxx,0.0
Think Bioscience,Bioscience,2,1,10,Bioscience,PROPN,NNP,dobj,Xxxxx,0.0
Hera Biotech,Hera,2,1,4,Hera,PROPN,NNP,compound,Xxxx,0.0
Hera Biotech,Biotech,2,1,7,Biotech,PROPN,NNP,ROOT,Xxxxx,0.0
STRIVE,STRIVE,1,1,6,strive,VERB,VB,ROOT,XXXX,0.0
Homeward,Homeward,1,1,8,Homeward,PROPN,NNP,ROOT,Xxxxx,0.0
PickMyWork,PickMyWork,1,1,10,pickmywork,NOUN,NN,ROOT,XxxxXxXxxx,0.0
NOXX,NOXX,1,1,4,NOXX,PROPN,NNP,ROOT,XXXX,0.0
Apeiron Bioenergy,Apeiron,2,1,7,Apeiron,PROPN,NNP,compound,Xxxxx,0.0
Apeiron Bioenergy,Bioenergy,2,1,9,Bioenergy,PROPN,NNP,ROOT,Xxxxx,0.0
Wada Bento,Wada,2,1,4,Wada,PROPN,NNP,compound,Xxxx,0.0
Wada Bento,Bento,2,1,5,Bento,PROPN,NNP,ROOT,Xxxxx,0.0
The Cape Town Stock Exchange,The,5,1,3,the,DET,DT,det,Xxx,0.0
The Cape Town Stock Exchange,Cape,5,1,4,Cape,PROPN,NNP,compound,Xxxx,0.0
The Cape Town Stock Exchange,Town,5,1,4,Town,PROPN,NNP,compound,Xxxx,0.0
The Cape Town Stock Exchange,Stock,5,1,5,Stock,PROPN,NNP,compound,Xxxxx,0.0
The Cape Town Stock Exchange,Exchange,5,1,8,Exchange,PROPN,NNP,ROOT,Xxxxx,0.0
Microverse,Microverse,1,1,10,Microverse,PROPN,NNP,ROOT,Xxxxx,0.0
Provention Bio,Provention,2,1,10,Provention,PROPN,NNP,compound,Xxxxx,0.0
Provention Bio,Bio,2,1,3,Bio,PROPN,NNP,ROOT,Xxx,0.0
Progressive Care,Progressive,2,1,11,Progressive,PROPN,NNP,compound,Xxxxx,0.0
Progressive Care,Care,2,1,4,Care,PROPN,NNP,ROOT,Xxxx,0.0
EarlyDay,EarlyDay,1,1,8,earlyday,NOUN,NN,ROOT,XxxxxXxx,0.0
VerdeGo Aero,VerdeGo,2,1,7,VerdeGo,PROPN,NNP,compound,XxxxxXx,0.0
VerdeGo Aero,Aero,2,1,4,Aero,PROPN,NNP,ROOT,Xxxx,0.0
Arcadia Biosciences,Arcadia,2,1,7,Arcadia,PROPN,NNP,compound,Xxxxx,0.0
Arcadia Biosciences,Biosciences,2,1,11,Biosciences,PROPN,NNP,ROOT,Xxxxx,0.0
The 1937 Group,The,3,1,3,the,DET,DT,det,Xxx,0.0
The 1937 Group,1937,3,1,4,1937,NUM,CD,nummod,dddd,0.0
The 1937 Group,Group,3,1,5,group,NOUN,NN,ROOT,Xxxxx,0.0
Built AI,Built,2,1,5,build,VERB,VBN,compound,Xxxxx,0.0
Built AI,AI,2,1,2,AI,PROPN,NNP,ROOT,XX,0.0
Sunday Design,Sunday,2,1,6,Sunday,PROPN,NNP,compound,Xxxxx,0.0
Sunday Design,Design,2,1,6,Design,PROPN,NNP,ROOT,Xxxxx,0.0
Memorial Sloan - Kettering Cancer Center,Memorial,6,1,8,Memorial,PROPN,NNP,compound,Xxxxx,0.0
Memorial Sloan - Kettering Cancer Center,Sloan,6,1,5,Sloan,PROPN,NNP,compound,Xxxxx,0.0
Memorial Sloan - Kettering Cancer Center,-,6,1,1,-,PUNCT,HYPH,punct,-,0.0
Memorial Sloan - Kettering Cancer Center,Kettering,6,1,9,Kettering,PROPN,NNP,compound,Xxxxx,0.0
Memorial Sloan - Kettering Cancer Center,Cancer,6,1,6,Cancer,PROPN,NNP,compound,Xxxxx,0.0
Memorial Sloan - Kettering Cancer Center,Center,6,1,6,Center,PROPN,NNP,ROOT,Xxxxx,0.0
LUMOS,LUMOS,1,1,5,lumo,NOUN,NNS,ROOT,XXXX,0.0
Droppa,Droppa,1,1,6,Droppa,PROPN,NNP,ROOT,Xxxxx,0.0
Cap Hill Brands,Cap,3,1,3,Cap,PROPN,NNP,compound,Xxx,0.0
Cap Hill Brands,Hill,3,1,4,Hill,PROPN,NNP,compound,Xxxx,0.0
Cap Hill Brands,Brands,3,1,6,Brands,PROPN,NNPS,ROOT,Xxxxx,0.0
Neurons,Neurons,1,1,7,neuron,NOUN,NNS,ROOT,Xxxxx,0.0
Medoma,Medoma,1,1,6,Medoma,PROPN,NNP,ROOT,Xxxxx,0.0
Floryo,Floryo,1,1,6,floryo,NOUN,NN,ROOT,Xxxxx,0.0
Demoleap,Demoleap,1,1,8,demoleap,VERB,VB,ROOT,Xxxxx,0.0
Onsite,Onsite,1,1,6,Onsite,PROPN,NNP,ROOT,Xxxxx,0.0
Ark Kapital,Ark,2,1,3,Ark,PROPN,NNP,compound,Xxx,0.0
Ark Kapital,Kapital,2,1,7,Kapital,PROPN,NNP,ROOT,Xxxxx,0.0
Accordion,Accordion,1,1,9,accordion,NOUN,NN,ROOT,Xxxxx,0.0
Stitch,Stitch,1,1,6,stitch,VERB,VB,ROOT,Xxxxx,0.0
ACELYRIN,ACELYRIN,1,1,8,acelyrin,NOUN,NN,ROOT,XXXX,0.0
Kide Science,Kide,2,1,4,Kide,PROPN,NNP,compound,Xxxx,0.0
Kide Science,Science,2,1,7,Science,PROPN,NNP,ROOT,Xxxxx,0.0
Prolocor,Prolocor,1,1,8,prolocor,NOUN,NN,ROOT,Xxxxx,0.0
ChainCraft,ChainCraft,1,1,10,ChainCraft,PROPN,NNP,ROOT,XxxxxXxxxx,0.0
Solar Monkey,Solar,2,1,5,Solar,PROPN,NNP,compound,Xxxxx,0.0
Solar Monkey,Monkey,2,1,6,Monkey,PROPN,NNP,ROOT,Xxxxx,0.0
TotallyAwesome,TotallyAwesome,1,1,14,TotallyAwesome,PROPN,NNP,ROOT,XxxxxXxxxx,0.0
Upkid,Upkid,1,1,5,upkid,NOUN,NN,ROOT,Xxxxx,0.0
Pagaleve,Pagaleve,1,1,8,pagaleve,VERB,VB,ROOT,Xxxxx,0.0
Cera,Cera,1,2,4,Cera,PROPN,NNP,ROOT,Xxxx,0.0
Hone,Hone,1,1,4,hone,NOUN,NN,ROOT,Xxxx,0.0
Northbeam,Northbeam,1,1,9,northbeam,NOUN,NN,ROOT,Xxxxx,0.0
EverVet Partners,EverVet,2,1,7,EverVet,PROPN,NNP,compound,XxxxXxx,0.0
EverVet Partners,Partners,2,1,8,partner,NOUN,NNS,ROOT,Xxxxx,0.0
Violet,Violet,1,1,6,Violet,PROPN,NNP,ROOT,Xxxxx,0.0
Telehealth ReseArch Center of Excellence (TRACE),Telehealth,6,1,10,Telehealth,PROPN,NNP,compound,Xxxxx,0.0
Telehealth ReseArch Center of Excellence (TRACE),ReseArch,6,1,8,ReseArch,PROPN,NNP,compound,XxxxXxxx,0.0
Telehealth ReseArch Center of Excellence (TRACE),Center,6,1,6,Center,PROPN,NNP,ROOT,Xxxxx,0.0
Telehealth ReseArch Center of Excellence (TRACE),of,6,1,2,of,ADP,IN,prep,xx,0.0
Telehealth ReseArch Center of Excellence (TRACE),Excellence,6,1,10,Excellence,PROPN,NNP,pobj,Xxxxx,0.0
Telehealth ReseArch Center of Excellence (TRACE),(,6,1,1,(,PUNCT,-LRB-,punct,(,0.0
Telehealth ReseArch Center of Excellence (TRACE),TRACE,6,1,5,TRACE,PROPN,NNP,appos,XXXX,0.0
Telehealth ReseArch Center of Excellence (TRACE),),6,1,1,),PUNCT,-RRB-,punct,),0.0
Pretzel Therapeutics,Pretzel,2,1,7,Pretzel,PROPN,NNP,compound,Xxxxx,0.0
Pretzel Therapeutics,Therapeutics,2,1,12,Therapeutics,PROPN,NNP,ROOT,Xxxxx,0.0
VitaDAO,VitaDAO,1,1,7,vitadao,X,XX,ROOT,XxxxXXX,0.0
dWallet Labs,dWallet,2,1,7,dWallet,PROPN,NNP,compound,xXxxxx,0.0
dWallet Labs,Labs,2,1,4,Labs,PROPN,NNPS,ROOT,Xxxx,0.0
Dust Labs,Dust,2,1,4,Dust,PROPN,NNP,compound,Xxxx,0.0
Dust Labs,Labs,2,1,4,Labs,PROPN,NNPS,ROOT,Xxxx,0.0
TigerEye,TigerEye,1,2,8,TigerEye,PROPN,NNP,ROOT,XxxxxXxx,0.0
tZERO,tZERO,1,1,5,tzero,NOUN,NN,ROOT,xXXXX,0.0
EagleChip,EagleChip,1,1,9,eaglechip,NOUN,NN,ROOT,XxxxxXxxx,0.0
DoraHacks,DoraHacks,1,1,9,DoraHacks,PROPN,NNP,ROOT,XxxxXxxxx,0.0
Ozette Technologies,Ozette,2,1,6,Ozette,PROPN,NNP,compound,Xxxxx,0.0
Ozette Technologies,Technologies,2,1,12,Technologies,PROPN,NNPS,ROOT,Xxxxx,0.0
CNC24,CNC24,1,1,5,cnc24,NOUN,NN,ROOT,XXXdd,0.0
CureApp,CureApp,1,1,7,CureApp,PROPN,NNP,ROOT,XxxxXxx,0.0
Dropbase,Dropbase,1,1,8,dropbase,VERB,VB,ROOT,Xxxxx,0.0
HOMETAINMENT,HOMETAINMENT,1,1,12,HOMETAINMENT,NOUN,NNS,ROOT,XXXX,0.0
Arecor,Arecor,1,1,6,Arecor,PROPN,NNP,ROOT,Xxxxx,0.0
Elestor,Elestor,1,1,7,elestor,NOUN,NN,ROOT,Xxxxx,0.0
Paubox,Paubox,1,1,6,Paubox,PROPN,NNP,ROOT,Xxxxx,0.0
Black Sesame Technologies,Black,3,1,5,Black,PROPN,NNP,compound,Xxxxx,0.0
Black Sesame Technologies,Sesame,3,1,6,Sesame,PROPN,NNP,compound,Xxxxx,0.0
Black Sesame Technologies,Technologies,3,1,12,Technologies,PROPN,NNPS,ROOT,Xxxxx,0.0
Cybrary,Cybrary,1,1,7,cybrary,NOUN,NN,ROOT,Xxxxx,0.0
GROUNDFLOOR,GROUNDFLOOR,1,1,11,GROUNDFLOOR,PROPN,NNP,ROOT,XXXX,0.0
EDJX,EDJX,1,1,4,EDJX,PROPN,NNP,ROOT,XXXX,0.0
Risc Zero.,Risc,2,1,4,Risc,PROPN,NNP,compound,Xxxx,0.0
Risc Zero.,Zero,2,1,4,Zero,PROPN,NNP,ROOT,Xxxx,0.0
Risc Zero.,.,2,1,1,.,PUNCT,.,punct,.,0.0
Faceki,Faceki,1,1,6,Faceki,PROPN,NNP,ROOT,Xxxxx,0.0
MetaCX,MetaCX,1,1,6,MetaCX,PROPN,NNP,ROOT,XxxxXX,0.0
PreciPoint,PreciPoint,1,1,10,PreciPoint,PROPN,NNP,ROOT,XxxxxXxxxx,0.0
OLL,OLL,1,1,3,OLL,PROPN,NNP,ROOT,XXX,0.0
txtsmarter,txtsmarter,1,1,10,txtsmarter,NOUN,NN,ROOT,xxxx,0.0
Benson for Beds,Benson,3,1,6,Benson,PROPN,NNP,ROOT,Xxxxx,0.0
Benson for Beds,for,3,1,3,for,ADP,IN,prep,xxx,0.0
Benson for Beds,Beds,3,1,4,bed,NOUN,NNS,pobj,Xxxx,0.0
Digicomm International,Digicomm,2,1,8,Digicomm,PROPN,NNP,compound,Xxxxx,0.0
Digicomm International,International,2,1,13,International,PROPN,NNP,ROOT,Xxxxx,0.0
Biza.io,Biza.io,1,1,7,Biza.io,PROPN,NNP,ROOT,Xxxx.xx,0.0
TNG Digital,TNG,2,1,3,TNG,PROPN,NNP,compound,XXX,0.0
TNG Digital,Digital,2,1,7,Digital,PROPN,NNP,ROOT,Xxxxx,0.0
Eat Just,Eat,2,1,3,eat,VERB,VB,ROOT,Xxx,0.0
Eat Just,Just,2,1,4,just,ADV,RB,advmod,Xxxx,0.0
Frontdesk,Frontdesk,1,1,9,frontdesk,NOUN,NN,ROOT,Xxxxx,0.0
Humans Anonymous,Humans,2,1,6,Humans,PROPN,NNPS,nsubj,Xxxxx,0.0
Humans Anonymous,Anonymous,2,1,9,Anonymous,PROPN,NNP,ROOT,Xxxxx,0.0
Olive Diagnostics,Olive,2,1,5,Olive,PROPN,NNP,compound,Xxxxx,0.0
Olive Diagnostics,Diagnostics,2,1,11,diagnostic,NOUN,NNS,ROOT,Xxxxx,0.0
Econic Technologies,Econic,2,1,6,Econic,PROPN,NNP,compound,Xxxxx,0.0
Econic Technologies,Technologies,2,1,12,Technologies,PROPN,NNPS,ROOT,Xxxxx,0.0
Lumu,Lumu,1,1,4,Lumu,PROPN,NNP,ROOT,Xxxx,0.0
Shopic,Shopic,1,1,6,shopic,ADJ,JJ,ROOT,Xxxxx,0.0
Parafin,Parafin,1,1,7,parafin,NOUN,NN,ROOT,Xxxxx,0.0
Litmus Automation,Litmus,2,1,6,Litmus,PROPN,NNP,compound,Xxxxx,0.0
Litmus Automation,Automation,2,1,10,Automation,PROPN,NNP,ROOT,Xxxxx,0.0
Moom Health,Moom,2,1,4,Moom,PROPN,NNP,compound,Xxxx,0.0
Moom Health,Health,2,1,6,Health,PROPN,NNP,ROOT,Xxxxx,0.0
YouSet,YouSet,1,1,6,youset,ADJ,JJ,ROOT,XxxXxx,0.0
WellnessLiving Systems,WellnessLiving,2,1,14,WellnessLiving,PROPN,NNP,compound,XxxxxXxxxx,0.0
WellnessLiving Systems,Systems,2,1,7,Systems,PROPN,NNPS,ROOT,Xxxxx,0.0
Biofourmis,Biofourmis,1,1,10,Biofourmis,PROPN,NNP,ROOT,Xxxxx,0.0
Globaleur,Globaleur,1,1,9,globaleur,NUM,CD,ROOT,Xxxxx,0.0
NovaSource Power,NovaSource,2,1,10,NovaSource,PROPN,NNP,compound,XxxxXxxxx,0.0
NovaSource Power,Power,2,1,5,Power,PROPN,NNP,ROOT,Xxxxx,0.0
Valuecase,Valuecase,1,1,9,valuecase,VERB,VB,ROOT,Xxxxx,0.0
Goodfellows,Goodfellows,1,1,11,goodfellow,NOUN,NNS,ROOT,Xxxxx,0.0
Merkle Science,Merkle,2,1,6,Merkle,PROPN,NNP,compound,Xxxxx,0.0
Merkle Science,Science,2,1,7,Science,PROPN,NNP,ROOT,Xxxxx,0.0
Biointron,Biointron,1,1,9,biointron,NOUN,NN,ROOT,Xxxxx,0.0
Polimero,Polimero,1,1,8,polimero,NOUN,NN,ROOT,Xxxxx,0.0
Thorizon,Thorizon,1,1,8,Thorizon,PROPN,NNP,ROOT,Xxxxx,0.0
Kaloom,Kaloom,1,1,6,Kaloom,PROPN,NNP,ROOT,Xxxxx,0.0
Cleerly,Cleerly,1,1,7,cleerly,ADV,RB,ROOT,Xxxxx,0.0
Optalitix,Optalitix,1,1,9,Optalitix,PROPN,NNP,ROOT,Xxxxx,0.0
VitalConnect,VitalConnect,1,1,12,vitalconnect,NOUN,NN,ROOT,XxxxxXxxxx,0.0
Soundstripe,Soundstripe,1,1,11,soundstripe,ADJ,JJ,ROOT,Xxxxx,0.0
IQM Quantum Computers,IQM,3,1,3,IQM,PROPN,NNP,compound,XXX,0.0
IQM Quantum Computers,Quantum,3,1,7,Quantum,PROPN,NNP,compound,Xxxxx,0.0
IQM Quantum Computers,Computers,3,1,9,Computers,PROPN,NNPS,ROOT,Xxxxx,0.0
IBISA,IBISA,1,1,5,IBISA,PROPN,NNP,ROOT,XXXX,0.0
VelocityEHS,VelocityEHS,1,1,11,velocityehs,VERB,VB,ROOT,XxxxxXXX,0.0
Qloo,Qloo,1,1,4,qloo,NOUN,NN,ROOT,Xxxx,0.0
ChefKart,ChefKart,1,1,8,ChefKart,PROPN,NNP,ROOT,XxxxXxxx,0.0
GoodNews Coffee,GoodNews,2,1,8,GoodNews,PROPN,NNP,compound,XxxxXxxx,0.0
GoodNews Coffee,Coffee,2,1,6,Coffee,PROPN,NNP,ROOT,Xxxxx,0.0
Loki Foods,Loki,2,1,4,Loki,PROPN,NNP,compound,Xxxx,0.0
Loki Foods,Foods,2,1,5,Foods,PROPN,NNPS,ROOT,Xxxxx,0.0
Cashmere,Cashmere,1,1,8,cashmere,NOUN,NN,ROOT,Xxxxx,0.0
Momnt,Momnt,1,1,5,momnt,NOUN,NN,ROOT,Xxxxx,0.0
British Lithium,British,2,1,7,British,PROPN,NNP,amod,Xxxxx,0.0
British Lithium,Lithium,2,1,7,Lithium,PROPN,NNP,ROOT,Xxxxx,0.0
eSmart Systems,eSmart,2,1,6,eSmart,PROPN,NNP,compound,xXxxxx,0.0
eSmart Systems,Systems,2,1,7,Systems,PROPN,NNPS,ROOT,Xxxxx,0.0
Levitate,Levitate,1,1,8,levitate,VERB,VB,ROOT,Xxxxx,0.0
InsightFinder,InsightFinder,1,1,13,InsightFinder,PROPN,NNP,ROOT,XxxxxXxxxx,0.0
Salvo Health,Salvo,2,1,5,Salvo,PROPN,NNP,compound,Xxxxx,0.0
Salvo Health,Health,2,1,6,Health,PROPN,NNP,ROOT,Xxxxx,0.0
coffeee,coffeee,1,1,7,coffeee,NOUN,NN,ROOT,xxxx,0.0
Tradeblock,Tradeblock,1,1,10,tradeblock,VERB,VB,ROOT,Xxxxx,0.0
Magma,Magma,1,1,5,magma,ADV,RB,ROOT,Xxxxx,0.0
Zomato,Zomato,1,1,6,Zomato,PROPN,NNP,ROOT,Xxxxx,0.0
Aria,Aria,1,1,4,Aria,PROPN,NNP,ROOT,Xxxx,0.0
9 Count,9,2,1,1,9,NUM,CD,nummod,d,0.0
9 Count,Count,2,1,5,count,NOUN,NN,ROOT,Xxxxx,0.0
Redbud Medicine,Redbud,2,1,6,Redbud,PROPN,NNP,compound,Xxxxx,0.0
Redbud Medicine,Medicine,2,1,8,Medicine,PROPN,NNP,ROOT,Xxxxx,0.0
Bluejay Therapeutics,Bluejay,2,1,7,Bluejay,PROPN,NNP,compound,Xxxxx,0.0
Bluejay Therapeutics,Therapeutics,2,1,12,Therapeutics,PROPN,NNP,ROOT,Xxxxx,0.0
Rebill,Rebill,1,1,6,rebill,NOUN,NN,ROOT,Xxxxx,0.0
Intellischool,Intellischool,1,1,13,intellischool,NOUN,NN,ROOT,Xxxxx,0.0
SEngine Precision Medicine,SEngine,3,1,7,SEngine,PROPN,NNP,compound,XXxxxx,0.0
SEngine Precision Medicine,Precision,3,1,9,Precision,PROPN,NNP,compound,Xxxxx,0.0
SEngine Precision Medicine,Medicine,3,1,8,Medicine,PROPN,NNP,ROOT,Xxxxx,0.0
Tritium,Tritium,1,2,7,tritium,VERB,VB,ROOT,Xxxxx,0.0
Zenno Astronautics,Zenno,2,1,5,Zenno,PROPN,NNP,compound,Xxxxx,0.0
Zenno Astronautics,Astronautics,2,1,12,Astronautics,PROPN,NNP,ROOT,Xxxxx,0.0
Little Fish,Little,2,1,6,little,ADJ,JJ,amod,Xxxxx,0.0
Little Fish,Fish,2,1,4,fish,NOUN,NN,ROOT,Xxxx,0.0
Longroad Energy,Longroad,2,1,8,Longroad,PROPN,NNP,compound,Xxxxx,0.0
Longroad Energy,Energy,2,1,6,Energy,PROPN,NNP,ROOT,Xxxxx,0.0
Alexander Wang,Alexander,2,1,9,Alexander,PROPN,NNP,compound,Xxxxx,0.0
Alexander Wang,Wang,2,1,4,Wang,PROPN,NNP,ROOT,Xxxx,0.0
Nectar,Nectar,1,1,6,Nectar,PROPN,NNP,ROOT,Xxxxx,0.0
Ventrk,Ventrk,1,1,6,Ventrk,NOUN,NNS,ROOT,Xxxxx,0.0
Celanese,Celanese,1,1,8,celanese,ADJ,JJ,ROOT,Xxxxx,0.0
AtomVie Global Radiopharma,AtomVie,3,1,7,AtomVie,PROPN,NNP,compound,XxxxXxx,0.0
AtomVie Global Radiopharma,Global,3,1,6,Global,PROPN,NNP,compound,Xxxxx,0.0
AtomVie Global Radiopharma,Radiopharma,3,1,11,Radiopharma,PROPN,NNP,ROOT,Xxxxx,0.0
Moozoom,Moozoom,1,1,7,moozoom,NOUN,NN,ROOT,Xxxxx,0.0
SQIN,SQIN,1,1,4,SQIN,PROPN,NNP,ROOT,XXXX,0.0
Atlis Motor Vehicles,Atlis,3,1,5,Atlis,PROPN,NNP,compound,Xxxxx,0.0
Atlis Motor Vehicles,Motor,3,1,5,Motor,PROPN,NNP,compound,Xxxxx,0.0
Atlis Motor Vehicles,Vehicles,3,1,8,Vehicles,PROPN,NNPS,ROOT,Xxxxx,0.0
Inspakt,Inspakt,1,1,7,Inspakt,PROPN,NNP,ROOT,Xxxxx,0.0
bunch,bunch,1,1,5,bunch,NOUN,NN,ROOT,xxxx,0.0
Hebbia,Hebbia,1,1,6,Hebbia,PROPN,NNP,ROOT,Xxxxx,0.0
Luminari,Luminari,1,1,8,luminari,NOUN,NN,ROOT,Xxxxx,0.0
Flow Security,Flow,2,1,4,flow,VERB,VB,compound,Xxxx,0.0
Flow Security,Security,2,1,8,Security,PROPN,NNP,ROOT,Xxxxx,0.0
Something Wicked Games,Something,3,1,9,something,PRON,NN,compound,Xxxxx,0.0
Something Wicked Games,Wicked,3,1,6,Wicked,PROPN,NNP,compound,Xxxxx,0.0
Something Wicked Games,Games,3,1,5,Games,PROPN,NNPS,ROOT,Xxxxx,0.0
SmartMoving,SmartMoving,1,1,11,SmartMoving,PROPN,NNP,ROOT,XxxxxXxxxx,0.0
QLM Technology,QLM,2,1,3,QLM,PROPN,NNP,compound,XXX,0.0
QLM Technology,Technology,2,1,10,Technology,PROPN,NNP,ROOT,Xxxxx,0.0
SK on,SK,2,1,2,SK,PROPN,NNP,ROOT,XX,0.0
SK on,on,2,1,2,on,ADP,IN,prep,xx,0.0
RayzeBio,RayzeBio,1,1,8,rayzebio,NOUN,NN,ROOT,XxxxxXxx,0.0
Pathway Homes,Pathway,2,1,7,Pathway,PROPN,NNP,compound,Xxxxx,0.0
Pathway Homes,Homes,2,1,5,Homes,PROPN,NNPS,ROOT,Xxxxx,0.0
Solytic,Solytic,1,1,7,solytic,ADJ,JJ,ROOT,Xxxxx,0.0
GBM,GBM,1,1,3,GBM,PROPN,NNP,ROOT,XXX,0.0
Levita Magnetics,Levita,2,1,6,Levita,PROPN,NNP,compound,Xxxxx,0.0
Levita Magnetics,Magnetics,2,1,9,magnetic,NOUN,NNS,ROOT,Xxxxx,0.0
NDTV Limited,NDTV,2,1,4,NDTV,PROPN,NNP,compound,XXXX,0.0
NDTV Limited,Limited,2,1,7,Limited,PROPN,NNP,ROOT,Xxxxx,0.0
Return,Return,1,1,6,return,VERB,VB,ROOT,Xxxxx,0.0
Equalum,Equalum,1,1,7,Equalum,PROPN,NNP,ROOT,Xxxxx,0.0
Freedom Biosciences,Freedom,2,1,7,Freedom,PROPN,NNP,compound,Xxxxx,0.0
Freedom Biosciences,Biosciences,2,1,11,Biosciences,PROPN,NNP,ROOT,Xxxxx,0.0
Beacon Power Services,Beacon,3,1,6,Beacon,PROPN,NNP,compound,Xxxxx,0.0
Beacon Power Services,Power,3,1,5,Power,PROPN,NNP,compound,Xxxxx,0.0
Beacon Power Services,Services,3,1,8,Services,PROPN,NNPS,ROOT,Xxxxx,0.0
Said Differently,Said,2,1,4,say,VERB,VBD,ROOT,Xxxx,0.0
Said Differently,Differently,2,1,11,differently,ADV,RB,advmod,Xxxxx,0.0
SaaS Alerts,SaaS,2,1,4,SaaS,PROPN,NNP,compound,XxxX,0.0
SaaS Alerts,Alerts,2,1,6,Alerts,PROPN,NNPS,ROOT,Xxxxx,0.0
Sanguis,Sanguis,1,1,7,Sanguis,PROPN,NNP,ROOT,Xxxxx,0.0
Vsnapu,Vsnapu,1,1,6,Vsnapu,PROPN,NNP,ROOT,Xxxxx,0.0
Kompliant,Kompliant,1,1,9,kompliant,NOUN,NN,ROOT,Xxxxx,0.0
Gym Class,Gym,2,1,3,Gym,PROPN,NNP,compound,Xxx,0.0
Gym Class,Class,2,1,5,Class,PROPN,NNP,ROOT,Xxxxx,0.0
KNAB Finance,KNAB,2,1,4,KNAB,PROPN,NNP,compound,XXXX,0.0
KNAB Finance,Finance,2,1,7,finance,NOUN,NN,ROOT,Xxxxx,0.0
BusyMed,BusyMed,1,1,7,busymed,NOUN,NN,ROOT,XxxxXxx,0.0
TyrePlex,TyrePlex,1,1,8,TyrePlex,PROPN,NNP,ROOT,XxxxXxxx,0.0
Austin Software,Austin,2,1,6,Austin,PROPN,NNP,compound,Xxxxx,0.0
Austin Software,Software,2,1,8,Software,PROPN,NNP,ROOT,Xxxxx,0.0
Palisade Bio,Palisade,2,1,8,Palisade,PROPN,NNP,compound,Xxxxx,0.0
Palisade Bio,Bio,2,1,3,Bio,PROPN,NNP,ROOT,Xxx,0.0
Qviro,Qviro,1,1,5,Qviro,PROPN,NNP,ROOT,Xxxxx,0.0
Wisedrive Technologies,Wisedrive,2,1,9,Wisedrive,PROPN,NNP,compound,Xxxxx,0.0
Wisedrive Technologies,Technologies,2,1,12,Technologies,PROPN,NNPS,ROOT,Xxxxx,0.0
DataSnipper,DataSnipper,1,1,11,datasnipper,NOUN,NN,ROOT,XxxxXxxxx,0.0
Nexeon,Nexeon,1,1,6,nexeon,NOUN,NN,ROOT,Xxxxx,0.0
Barikat,Barikat,1,1,7,Barikat,PROPN,NNP,ROOT,Xxxxx,0.0
Fullerton India,Fullerton,2,1,9,Fullerton,PROPN,NNP,compound,Xxxxx,0.0
Fullerton India,India,2,1,5,India,PROPN,NNP,ROOT,Xxxxx,0.0
Computer Reach,Computer,2,1,8,computer,NOUN,NN,compound,Xxxxx,0.0
Computer Reach,Reach,2,1,5,Reach,PROPN,NNP,ROOT,Xxxxx,0.0
Pathway Power,Pathway,2,1,7,Pathway,PROPN,NNP,compound,Xxxxx,0.0
Pathway Power,Power,2,1,5,Power,PROPN,NNP,ROOT,Xxxxx,0.0
Zerund,Zerund,1,1,6,Zerund,PROPN,NNP,ROOT,Xxxxx,0.0
Holey Grail Donuts,Holey,3,1,5,Holey,PROPN,NNP,compound,Xxxxx,0.0
Holey Grail Donuts,Grail,3,1,5,Grail,PROPN,NNP,compound,Xxxxx,0.0
Holey Grail Donuts,Donuts,3,1,6,Donuts,PROPN,NNP,ROOT,Xxxxx,0.0
Central Payments,Central,2,1,7,central,ADJ,JJ,amod,Xxxxx,0.0
Central Payments,Payments,2,1,8,payment,NOUN,NNS,ROOT,Xxxxx,0.0
De Novo Dairy,De,3,1,2,De,PROPN,NNP,compound,Xx,0.0
De Novo Dairy,Novo,3,1,4,Novo,PROPN,NNP,compound,Xxxx,0.0
De Novo Dairy,Dairy,3,1,5,Dairy,PROPN,NNP,ROOT,Xxxxx,0.0
Oncopeptides,Oncopeptides,1,1,12,oncopeptide,VERB,VBZ,ROOT,Xxxxx,0.0
Norwegian Crystals,Norwegian,2,1,9,norwegian,ADJ,JJ,amod,Xxxxx,0.0
Norwegian Crystals,Crystals,2,1,8,crystal,NOUN,NNS,ROOT,Xxxxx,0.0
Wow! Momo,Wow,2,1,3,wow,INTJ,UH,poss,Xxx,0.0
Wow! Momo,!,2,1,1,!,PUNCT,.,punct,!,0.0
Wow! Momo,Momo,2,1,4,momo,NOUN,NN,ROOT,Xxxx,0.0
Greenlight Biosciences,Greenlight,2,1,10,Greenlight,PROPN,NNP,compound,Xxxxx,0.0
Greenlight Biosciences,Biosciences,2,1,11,Biosciences,PROPN,NNP,ROOT,Xxxxx,0.0
Razorclub,Razorclub,1,1,9,razorclub,NOUN,NN,ROOT,Xxxxx,0.0
Materna Medical,Materna,2,1,7,Materna,PROPN,NNP,compound,Xxxxx,0.0
Materna Medical,Medical,2,1,7,Medical,PROPN,NNP,ROOT,Xxxxx,0.0
Cogo,Cogo,1,1,4,Cogo,PROPN,NNP,ROOT,Xxxx,0.0
Ategrity,Ategrity,1,1,8,ategrity,NOUN,NN,ROOT,Xxxxx,0.0
Orange EV,Orange,2,1,6,Orange,PROPN,NNP,compound,Xxxxx,0.0
Orange EV,EV,2,1,2,EV,PROPN,NNP,ROOT,XX,0.0
Properly,Properly,1,1,8,properly,ADV,RB,ROOT,Xxxxx,0.0
Gradyent,Gradyent,1,1,8,gradyent,NOUN,NN,ROOT,Xxxxx,0.0
Aceiss,Aceiss,1,1,6,aceiss,VERB,VB,ROOT,Xxxxx,0.0
Roofr,Roofr,1,1,5,Roofr,PROPN,NNP,ROOT,Xxxxx,0.0
Soligenix,Soligenix,1,1,9,soligenix,NOUN,NN,ROOT,Xxxxx,0.0
Guillemot Brothers,Guillemot,2,1,9,Guillemot,PROPN,NNP,compound,Xxxxx,0.0
Guillemot Brothers,Brothers,2,1,8,Brothers,PROPN,NNPS,ROOT,Xxxxx,0.0
Doinstruct,Doinstruct,1,1,10,doinstruct,NOUN,NN,ROOT,Xxxxx,0.0
Penn Medicine,Penn,2,1,4,Penn,PROPN,NNP,compound,Xxxx,0.0
Penn Medicine,Medicine,2,1,8,Medicine,PROPN,NNP,ROOT,Xxxxx,0.0
Nfinite Nanotech,Nfinite,2,1,7,Nfinite,PROPN,NNP,compound,Xxxxx,0.0
Nfinite Nanotech,Nanotech,2,1,8,Nanotech,PROPN,NNP,ROOT,Xxxxx,0.0
Natron Energy,Natron,2,1,6,Natron,PROPN,NNP,compound,Xxxxx,0.0
Natron Energy,Energy,2,1,6,Energy,PROPN,NNP,ROOT,Xxxxx,0.0
Le Rouge Cuisine,Le,3,1,2,Le,PROPN,NNP,compound,Xx,0.0
Le Rouge Cuisine,Rouge,3,1,5,Rouge,PROPN,NNP,compound,Xxxxx,0.0
Le Rouge Cuisine,Cuisine,3,1,7,Cuisine,PROPN,NNP,ROOT,Xxxxx,0.0
Taaply,Taaply,1,1,6,Taaply,PROPN,NNP,ROOT,Xxxxx,0.0
Lionize,Lionize,1,1,7,lionize,VERB,VB,ROOT,Xxxxx,0.0
Adiwisista,Adiwisista,1,1,10,Adiwisista,PROPN,NNP,ROOT,Xxxxx,0.0
Indopasifik Teknologi Medika Indonesia,Indopasifik,4,1,11,Indopasifik,PROPN,NNP,compound,Xxxxx,0.0
Indopasifik Teknologi Medika Indonesia,Teknologi,4,1,9,Teknologi,PROPN,NNP,compound,Xxxxx,0.0
Indopasifik Teknologi Medika Indonesia,Medika,4,1,6,Medika,PROPN,NNP,compound,Xxxxx,0.0
Indopasifik Teknologi Medika Indonesia,Indonesia,4,1,9,Indonesia,PROPN,NNP,ROOT,Xxxxx,0.0
Rewst,Rewst,1,1,5,rewst,NOUN,NN,ROOT,Xxxxx,0.0
Aquila Clean Energy,Aquila,3,1,6,Aquila,PROPN,NNP,compound,Xxxxx,0.0
Aquila Clean Energy,Clean,3,1,5,Clean,PROPN,NNP,compound,Xxxxx,0.0
Aquila Clean Energy,Energy,3,1,6,Energy,PROPN,NNP,ROOT,Xxxxx,0.0
National Bank of Canada,National,4,1,8,National,PROPN,NNP,compound,Xxxxx,0.0
National Bank of Canada,Bank,4,1,4,Bank,PROPN,NNP,ROOT,Xxxx,0.0
National Bank of Canada,of,4,1,2,of,ADP,IN,prep,xx,0.0
National Bank of Canada,Canada,4,1,6,Canada,PROPN,NNP,pobj,Xxxxx,0.0
Equip.co,Equip.co,1,1,8,Equip.co,PROPN,NNP,ROOT,Xxxxx.xx,0.0
MarqVision,MarqVision,1,1,10,marqvision,NOUN,NN,ROOT,XxxxXxxxx,0.0
Benivo,Benivo,1,1,6,Benivo,PROPN,NNP,ROOT,Xxxxx,0.0
Perform,Perform,1,1,7,perform,VERB,VB,ROOT,Xxxxx,0.0
MetaMorphoSys Technologies,MetaMorphoSys,2,1,13,MetaMorphoSys,PROPN,NNP,compound,XxxxXxxxxXxx,0.0
MetaMorphoSys Technologies,Technologies,2,1,12,Technologies,PROPN,NNPS,ROOT,Xxxxx,0.0
"Lumotive, LLC",Lumotive,2,1,8,Lumotive,PROPN,NNP,ROOT,Xxxxx,0.0
"Lumotive, LLC",",",2,1,1,",",PUNCT,",",punct,",",0.0
"Lumotive, LLC",LLC,2,1,3,LLC,PROPN,NNP,npadvmod,XXX,0.0
Sea6 Energy,Sea6,2,1,4,Sea6,PUNCT,NFP,ROOT,Xxxd,0.0
Sea6 Energy,Energy,2,1,6,energy,NOUN,NN,ROOT,Xxxxx,0.0
Dove.it,Dove.it,1,1,7,dove.it,NOUN,NN,ROOT,Xxxx.xx,0.0
Avium,Avium,1,1,5,avium,NOUN,NN,ROOT,Xxxxx,0.0
D'Amelio Brands,D'Amelio,2,1,8,D'Amelio,PROPN,NNP,compound,X'Xxxxx,0.0
D'Amelio Brands,Brands,2,1,6,Brands,PROPN,NNPS,ROOT,Xxxxx,0.0
IsoTalent,IsoTalent,1,1,9,isotalent,NOUN,NN,ROOT,XxxXxxxx,0.0
mogenius,mogenius,1,1,8,mogenius,NOUN,NN,ROOT,xxxx,0.0
Klaviyo,Klaviyo,1,1,7,klaviyo,NOUN,NN,ROOT,Xxxxx,0.0
Hysata,Hysata,1,1,6,hysata,NOUN,NN,ROOT,Xxxxx,0.0
Reliance Power,Reliance,2,1,8,Reliance,PROPN,NNP,compound,Xxxxx,0.0
Reliance Power,Power,2,1,5,Power,PROPN,NNP,ROOT,Xxxxx,0.0
OneOf,OneOf,1,1,5,OneOf,PROPN,NNP,ROOT,XxxXx,0.0
TaroWorks,TaroWorks,1,1,9,tarowork,NOUN,NNS,ROOT,XxxxXxxxx,0.0
EtherMail,EtherMail,1,1,9,ethermail,NOUN,NN,ROOT,XxxxxXxxx,0.0
Qeepsake,Qeepsake,1,1,8,qeepsake,NOUN,NN,ROOT,Xxxxx,0.0
Landeed,Landeed,1,1,7,landeed,NOUN,NN,ROOT,Xxxxx,0.0
Plurall,Plurall,1,1,7,plurall,NOUN,NN,ROOT,Xxxxx,0.0
Penfold,Penfold,1,1,7,penfold,VERB,VB,ROOT,Xxxxx,0.0
Annapurna Swadisht,Annapurna,2,1,9,Annapurna,PROPN,NNP,compound,Xxxxx,0.0
Annapurna Swadisht,Swadisht,2,1,8,Swadisht,PROPN,NNP,ROOT,Xxxxx,0.0
Pacific GeneTech,Pacific,2,1,7,Pacific,PROPN,NNP,compound,Xxxxx,0.0
Pacific GeneTech,GeneTech,2,1,8,GeneTech,PROPN,NNP,ROOT,XxxxXxxx,0.0
COVU,COVU,1,1,4,covu,VERB,VB,ROOT,XXXX,0.0
Regenacy Pharmaceuticals,Regenacy,2,1,8,Regenacy,PROPN,NNP,compound,Xxxxx,0.0
Regenacy Pharmaceuticals,Pharmaceuticals,2,1,15,Pharmaceuticals,PROPN,NNPS,ROOT,Xxxxx,0.0
Jombone,Jombone,1,1,7,Jombone,PROPN,NNP,ROOT,Xxxxx,0.0
Super Bike8,Super,2,1,5,Super,PROPN,NNP,compound,Xxxxx,0.0
Super Bike8,Bike8,2,1,5,bike8,NOUN,NN,ROOT,Xxxxd,0.0
ConsenSys,ConsenSys,1,1,9,consensys,NOUN,NN,ROOT,XxxxxXxx,0.0
humble+fume,humble+fume,1,1,11,humble+fume,PROPN,NNP,ROOT,xxxx+xxxx,0.0
Cupixel,Cupixel,1,1,7,Cupixel,PROPN,NNP,ROOT,Xxxxx,0.0
Ottonomy Inc,Ottonomy,2,1,8,Ottonomy,PROPN,NNP,compound,Xxxxx,0.0
Ottonomy Inc,Inc,2,1,3,Inc,PROPN,NNP,ROOT,Xxx,0.0
Mural,Mural,1,1,5,mural,NOUN,NN,ROOT,Xxxxx,0.0
Draftea,Draftea,1,1,7,draftea,NOUN,NN,ROOT,Xxxxx,0.0
FinAccess,FinAccess,1,1,9,finaccess,NOUN,NN,ROOT,XxxXxxxx,0.0
Puresport,Puresport,1,1,9,puresport,NOUN,NN,ROOT,Xxxxx,0.0
Autify Network,Autify,2,1,6,Autify,PROPN,NNP,compound,Xxxxx,0.0
Autify Network,Network,2,1,7,Network,PROPN,NNP,ROOT,Xxxxx,0.0
Condense,Condense,1,1,8,condense,NOUN,NN,ROOT,Xxxxx,0.0
faCellitate,faCellitate,1,1,11,facellitate,ADJ,JJ,ROOT,xxXxxxx,0.0
Quivr,Quivr,1,1,5,Quivr,NOUN,NNS,ROOT,Xxxxx,0.0
Crunchbase,Crunchbase,1,1,10,crunchbase,NOUN,NN,ROOT,Xxxxx,0.0
Yostra Labs,Yostra,2,1,6,Yostra,PROPN,NNP,compound,Xxxxx,0.0
Yostra Labs,Labs,2,1,4,Labs,PROPN,NNPS,ROOT,Xxxx,0.0
Hadatap,Hadatap,1,1,7,Hadatap,PROPN,NNP,ROOT,Xxxxx,0.0
3atlana,3atlana,1,1,7,3atlana,NUM,CD,ROOT,dxxxx,0.0
Global Spatial Technology Solutions (GSTS),Global,5,1,6,Global,PROPN,NNP,compound,Xxxxx,0.0
Global Spatial Technology Solutions (GSTS),Spatial,5,1,7,Spatial,PROPN,NNP,compound,Xxxxx,0.0
Global Spatial Technology Solutions (GSTS),Technology,5,1,10,Technology,PROPN,NNP,compound,Xxxxx,0.0
Global Spatial Technology Solutions (GSTS),Solutions,5,1,9,Solutions,PROPN,NNPS,ROOT,Xxxxx,0.0
Global Spatial Technology Solutions (GSTS),(,5,1,1,(,PUNCT,-LRB-,punct,(,0.0
Global Spatial Technology Solutions (GSTS),GSTS,5,1,4,GSTS,PROPN,NNPS,appos,XXXX,0.0
Global Spatial Technology Solutions (GSTS),),5,1,1,),PUNCT,-RRB-,punct,),0.0
Lleaf,Lleaf,1,1,5,lleaf,ADJ,JJ,ROOT,Xxxxx,0.0
ModusBox,ModusBox,1,1,8,ModusBox,PROPN,NNP,ROOT,XxxxxXxx,0.0
Circuit,Circuit,1,1,7,circuit,NOUN,NN,ROOT,Xxxxx,0.0
Kitchen United,Kitchen,2,1,7,Kitchen,PROPN,NNP,compound,Xxxxx,0.0
Kitchen United,United,2,1,6,United,PROPN,NNP,ROOT,Xxxxx,0.0
StradVision,StradVision,1,1,11,stradvision,NOUN,NN,ROOT,XxxxxXxxxx,0.0
Beeline,Beeline,1,1,7,beeline,VERB,VB,ROOT,Xxxxx,0.0
Uptima,Uptima,1,1,6,Uptima,PROPN,NNP,ROOT,Xxxxx,0.0
CinCor Pharma,CinCor,2,1,6,CinCor,PROPN,NNP,compound,XxxXxx,0.0
CinCor Pharma,Pharma,2,1,6,Pharma,PROPN,NNP,ROOT,Xxxxx,0.0
