Text,Token,Count,Freq,Length,Lemma,PoS,Tag,Dep,Shape,Sentiment
www.animocabrands.com,www.animocabrands.com,1,2,21,www.animocabrands.com,X,ADD,ROOT,xxx.xxxx.xxx,0.0
bitwarden.com,bitwarden.com,1,1,13,bitwarden.com,X,ADD,ROOT,xxxx.xxx,0.0
21.co,21.co,1,1,5,21.co,NUM,CD,ROOT,dd.xx,0.0
mystenlabs.com,mystenlabs.com,1,1,14,mystenlabs.com,X,ADD,ROOT,xxxx.xxx,0.0
thirdweb.com,thirdweb.com,1,1,12,thirdweb.com,X,ADD,ROOT,xxxx.xxx,0.0
gromo.in/,gromo.in/,1,1,9,gromo.in/,NOUN,NN,ROOT,xxxx.xx/,0.0
www.alloy.com,www.alloy.com,1,1,13,www.alloy.com,X,ADD,ROOT,xxx.xxxx.xxx,0.0
www.cashflo.io,www.cashflo.io,1,1,14,www.cashflo.io,SPACE,_SP,ROOT,xxx.xxxx.xx,0.0
zippmat.com,zippmat.com,1,2,11,zippmat.com,X,ADD,ROOT,xxxx.xxx,0.0
www.cymulate.com,www.cymulate.com,1,1,16,www.cymulate.com,X,ADD,ROOT,xxx.xxxx.xxx,0.0
taranis.ag,taranis.ag,1,1,10,taranis.ag,X,ADD,ROOT,xxxx.xx,0.0
tamara.com,tamara.com,1,1,10,tamara.com,X,ADD,ROOT,xxxx.xxx,0.0
skyroot.in,skyroot.in,1,1,10,skyroot.in,X,ADD,ROOT,xxxx.xx,0.0
pezesha.com,pezesha.com,1,1,11,pezesha.com,X,ADD,ROOT,xxxx.xxx,0.0
www.docquity.com,www.docquity.com,1,1,16,www.docquity.com,X,ADD,ROOT,xxx.xxxx.xxx,0.0
credix.finance,credix.finance,1,1,14,credix.finance,NOUN,NN,ROOT,xxxx.xxxx,0.0
www.medgenome.com,www.medgenome.com,1,1,17,www.medgenome.com,X,ADD,ROOT,xxx.xxxx.xxx,0.0
helloalma.com,helloalma.com,1,1,13,helloalma.com,X,ADD,ROOT,xxxx.xxx,0.0
www.1mg.com/,www.1mg.com/,1,1,12,www.1mg.com/,NOUN,NN,ROOT,xxx.dxx.xxx/,0.0
www.skybridgecapital.com/,www.skybridgecapital.com/,1,1,25,www.skybridgecapital.com/,NOUN,NN,ROOT,xxx.xxxx.xxx/,0.0
www.suite42.in/,www.suite42.in/,1,1,15,www.suite42.in/,NOUN,NN,ROOT,xxx.xxxxdd.xx/,0.0
www.latana.com/,www.latana.com/,1,1,15,www.latana.com/,NOUN,NN,ROOT,xxx.xxxx.xxx/,0.0
www.eatplanted.com,www.eatplanted.com,1,1,18,www.eatplanted.com,X,ADD,ROOT,xxx.xxxx.xxx,0.0
seatgeek.com,seatgeek.com,1,1,12,seatgeek.com,X,ADD,ROOT,xxxx.xxx,0.0
clevertap.com,clevertap.com,1,1,13,clevertap.com,X,ADD,ROOT,xxxx.xxx,0.0
www.hellolanding.com,www.hellolanding.com,1,2,20,www.hellolanding.com,X,ADD,ROOT,xxx.xxxx.xxx,0.0
www.photys.com/,www.photys.com/,1,1,15,www.photys.com/,VERB,VB,ROOT,xxx.xxxx.xxx/,0.0
spice.ai,spice.ai,1,1,8,spice.ai,X,ADD,ROOT,xxxx.xx,0.0
www.morsemicro.com,www.morsemicro.com,1,1,18,www.morsemicro.com,X,ADD,ROOT,xxx.xxxx.xxx,0.0
www.aktisoncology.com/,www.aktisoncology.com/,1,1,22,www.aktisoncology.com/,NOUN,NN,ROOT,xxx.xxxx.xxx/,0.0
www.getpowerplay.in/,www.getpowerplay.in/,1,1,20,www.getpowerplay.in/,NOUN,NN,ROOT,xxx.xxxx.xx/,0.0
www.celonis.com,www.celonis.com,1,2,15,www.celonis.com,X,ADD,ROOT,xxx.xxxx.xxx,0.0
digitaldiagnostics.com,digitaldiagnostics.com,1,1,22,digitaldiagnostics.com,X,ADD,ROOT,xxxx.xxx,0.0
www.tryduplo.com/,www.tryduplo.com/,1,1,17,www.tryduplo.com/,ADJ,JJ,ROOT,xxx.xxxx.xxx/,0.0
finagg.in/,finagg.in/,1,1,10,finagg.in/,NOUN,NN,ROOT,xxxx.xx/,0.0
zilliz.com/,zilliz.com/,1,1,11,zilliz.com/,X,ADD,ROOT,xxxx.xxx/,0.0
www.drivenets.com/,www.drivenets.com/,1,1,18,www.drivenets.com/,NOUN,NN,ROOT,xxx.xxxx.xxx/,0.0
servify.in,servify.in,1,1,10,servify.in,X,ADD,ROOT,xxxx.xx,0.0
www.trukker.com,www.trukker.com,1,1,15,www.trukker.com,PUNCT,.,ROOT,xxx.xxxx.xxx,0.0
petfolk.com,petfolk.com,1,1,11,petfolk.com,X,ADD,ROOT,xxxx.xxx,0.0
albedo.com,albedo.com,1,1,10,albedo.com,X,ADD,ROOT,xxxx.xxx,0.0
www.equoogame.com,www.equoogame.com,1,1,17,www.equoogame.com,X,ADD,ROOT,xxx.xxxx.xxx,0.0
www.snappretail.io/,www.snappretail.io/,1,1,19,www.snappretail.io/,NOUN,NN,ROOT,xxx.xxxx.xx/,0.0
lumachain.io,lumachain.io,1,1,12,lumachain.io,X,ADD,ROOT,xxxx.xx,0.0
www.bondpets.com/,www.bondpets.com/,1,1,17,www.bondpets.com/,NOUN,NN,ROOT,xxx.xxxx.xxx/,0.0
revolvinggames.com,revolvinggames.com,1,2,18,revolvinggames.com,X,ADD,ROOT,xxxx.xxx,0.0
neurofenix.com/,neurofenix.com/,1,1,15,neurofenix.com/,PROPN,NNP,ROOT,xxxx.xxx/,0.0
myjar.app,myjar.app,1,1,9,myjar.app,X,ADD,ROOT,xxxx.xxx,0.0
muckrack.com,muckrack.com,1,1,12,muckrack.com,X,ADD,ROOT,xxxx.xxx,0.0
www.kasisto.com,www.kasisto.com,1,1,15,www.kasisto.com,X,ADD,ROOT,xxx.xxxx.xxx,0.0
www.luminovo.ai,www.luminovo.ai,1,1,15,www.luminovo.ai,SPACE,_SP,ROOT,xxx.xxxx.xx,0.0
www.otolithlabs.com/,www.otolithlabs.com/,1,1,20,www.otolithlabs.com/,NOUN,NN,ROOT,xxx.xxxx.xxx/,0.0
fairsquaremedicare.com/,fairsquaremedicare.com/,1,1,23,fairsquaremedicare.com/,NOUN,NN,ROOT,xxxx.xxx/,0.0
www.IncredibleHealth.com,www.IncredibleHealth.com,1,1,24,www.incrediblehealth.com,X,XX,ROOT,xxx.XxxxxXxxxx.xxx,0.0
highline.co/,highline.co/,1,1,12,highline.co/,NOUN,NNS,ROOT,xxxx.xx/,0.0
www.graas.ai/,www.graas.ai/,1,1,13,www.graas.ai/,VERB,VBG,ROOT,xxx.xxxx.xx/,0.0
getstake.com/,getstake.com/,1,1,13,getstake.com/,PROPN,NNP,ROOT,xxxx.xxx/,0.0
priceoye.pk/,priceoye.pk/,1,1,12,priceoye.pk/,X,FW,ROOT,xxxx.xx/,0.0
www.hexarad.com/,www.hexarad.com/,1,1,16,www.hexarad.com/,PROPN,NNP,ROOT,xxx.xxxx.xxx/,0.0
www.ceezer.earth,www.ceezer.earth,1,1,16,www.ceezer.earth,X,ADD,ROOT,xxx.xxxx.xxxx,0.0
www.3tbiosciences.com,www.3tbiosciences.com,1,1,21,www.3tbiosciences.com,X,ADD,ROOT,xxx.dxxxx.xxx,0.0
www.letsgetchecked.com,www.letsgetchecked.com,1,1,22,www.letsgetchecked.com,X,ADD,ROOT,xxx.xxxx.xxx,0.0
propseller.com,propseller.com,1,1,14,propseller.com,X,ADD,ROOT,xxxx.xxx,0.0
www.thalamos.co.uk/,www.thalamos.co.uk/,1,1,19,www.thalamos.co.uk/,NOUN,NN,ROOT,xxx.xxxx.xx.xx/,0.0
xter.io/,xter.io/,1,1,8,xter.io/,PRON,PRP,ROOT,xxxx.xx/,0.0
www.hibob.com/,www.hibob.com/,1,1,14,www.hibob.com/,ADJ,JJ,ROOT,xxx.xxxx.xxx/,0.0
www.odysseyenergysolutions.com,www.odysseyenergysolutions.com,1,1,30,www.odysseyenergysolutions.com,X,ADD,ROOT,xxx.xxxx.xxx,0.0
www.harmonicdiscovery.com/,www.harmonicdiscovery.com/,1,1,26,www.harmonicdiscovery.com/,VERB,VB,ROOT,xxx.xxxx.xxx/,0.0
aero.com,aero.com,1,2,8,aero.com,X,ADD,ROOT,xxxx.xxx,0.0
www.exponent.energy/,www.exponent.energy/,1,1,20,www.exponent.energy/,NOUN,NN,ROOT,xxx.xxxx.xxxx/,0.0
www.polyai.com,www.polyai.com,1,1,14,www.polyai.com,X,ADD,ROOT,xxx.xxxx.xxx,0.0
www.arsenalbio.com,www.arsenalbio.com,1,1,18,www.arsenalbio.com,PUNCT,-RRB-,ROOT,xxx.xxxx.xxx,0.0
www.edda.co,www.edda.co,1,1,11,www.edda.co,SPACE,_SP,ROOT,xxx.xxxx.xx,0.0
arize.com,arize.com,1,1,9,arize.com,X,ADD,ROOT,xxxx.xxx,0.0
ubiehealth.com/,ubiehealth.com/,1,1,15,ubiehealth.com/,PROPN,NNP,ROOT,xxxx.xxx/,0.0
www.emonovo.com/,www.emonovo.com/,1,1,16,www.emonovo.com/,NOUN,NN,ROOT,xxx.xxxx.xxx/,0.0
plecotherapeutics.com/,plecotherapeutics.com/,1,1,22,plecotherapeutics.com/,PROPN,NNP,ROOT,xxxx.xxx/,0.0
www.nitra.com,www.nitra.com,1,2,13,www.nitra.com,X,ADD,ROOT,xxx.xxxx.xxx,0.0
www.dryad.net,www.dryad.net,1,1,13,www.dryad.net,NOUN,NN,ROOT,xxx.xxxx.xxx,0.0
www.rentspree.com,www.rentspree.com,1,1,17,www.rentspree.com,X,ADD,ROOT,xxx.xxxx.xxx,0.0
fairmatic.com,fairmatic.com,1,1,13,fairmatic.com,X,ADD,ROOT,xxxx.xxx,0.0
userpilot.com,userpilot.com,1,1,13,userpilot.com,X,ADD,ROOT,xxxx.xxx,0.0
tokenproof.xyz/,tokenproof.xyz/,1,1,15,tokenproof.xyz/,PROPN,NNP,ROOT,xxxx.xxx/,0.0
www.xwave.ie/,www.xwave.ie/,1,1,13,www.xwave.ie/,PROPN,NNP,ROOT,xxx.xxxx.xx/,0.0
www.vilyatx.com,www.vilyatx.com,1,1,15,www.vilyatx.com,X,ADD,ROOT,xxx.xxxx.xxx,0.0
huntress.com,huntress.com,1,1,12,huntress.com,X,ADD,ROOT,xxxx.xxx,0.0
www.wayflyer.com/,www.wayflyer.com/,1,1,17,www.wayflyer.com/,VERB,VB,ROOT,xxx.xxxx.xxx/,0.0
www.innervace.com,www.innervace.com,1,1,17,www.innervace.com,X,ADD,ROOT,xxx.xxxx.xxx,0.0
collective.proof.xyz,collective.proof.xyz,1,1,20,collective.proof.xyz,PROPN,NNP,ROOT,xxxx.xxxx.xxx,0.0
www.apricity.life/,www.apricity.life/,1,1,18,www.apricity.life/,VERB,VBG,ROOT,xxx.xxxx.xxxx/,0.0
www.flow.life,www.flow.life,1,1,13,www.flow.life,X,XX,ROOT,xxx.xxxx.xxxx,0.0
www.h2greensteel.com/,www.h2greensteel.com/,1,1,21,www.h2greensteel.com/,PROPN,NNP,ROOT,xxx.xdxxxx.xxx/,0.0
www.oxwash.com,www.oxwash.com,1,1,14,www.oxwash.com,X,ADD,ROOT,xxx.xxxx.xxx,0.0
www.revsure.ai,www.revsure.ai,1,1,14,www.revsure.ai,SPACE,_SP,ROOT,xxx.xxxx.xx,0.0
inworld.ai,inworld.ai,1,1,10,inworld.ai,X,ADD,ROOT,xxxx.xx,0.0
glints.com/,glints.com/,1,1,11,glints.com/,X,FW,ROOT,xxxx.xxx/,0.0
www.jenavalve.com,www.jenavalve.com,1,1,17,www.jenavalve.com,X,ADD,ROOT,xxx.xxxx.xxx,0.0
www.finix.com,www.finix.com,1,1,13,www.finix.com,X,ADD,ROOT,xxx.xxxx.xxx,0.0
ornatx.com,ornatx.com,1,1,10,ornatx.com,X,ADD,ROOT,xxxx.xxx,0.0
www.vts.com,www.vts.com,1,1,11,www.vts.com,NOUN,NN,ROOT,xxx.xxx.xxx,0.0
grey.co/,grey.co/,1,1,8,grey.co/,NOUN,NN,ROOT,xxxx.xx/,0.0
www.codenotary.com,www.codenotary.com,1,1,18,www.codenotary.com,X,ADD,ROOT,xxx.xxxx.xxx,0.0
www.abridge.com,www.abridge.com,1,1,15,www.abridge.com,X,ADD,ROOT,xxx.xxxx.xxx,0.0
harbingermotors.com,harbingermotors.com,1,1,19,harbingermotors.com,X,ADD,ROOT,xxxx.xxx,0.0
verifyvasp.com/,verifyvasp.com/,1,1,15,verifyvasp.com/,PROPN,NNP,ROOT,xxxx.xxx/,0.0
theranica.com/,theranica.com/,1,1,14,theranica.com/,PROPN,NNP,ROOT,xxxx.xxx/,0.0
www.marta.de/,www.marta.de/,1,1,13,www.marta.de/,X,ADD,ROOT,xxx.xxxx.xx/,0.0
www.startree.ai,www.startree.ai,1,1,15,www.startree.ai,SPACE,_SP,ROOT,xxx.xxxx.xx,0.0
el-dokan.com/,el-dokan.com/,1,1,13,el-dokan.com/,NOUN,NN,ROOT,xx-xxxx.xxx/,0.0
subsbase.com/,subsbase.com/,1,1,13,subsbase.com/,PROPN,NNP,ROOT,xxxx.xxx/,0.0
www.healee.com/,www.healee.com/,1,1,15,www.healee.com/,VERB,VB,ROOT,xxx.xxxx.xxx/,0.0
flair.co,flair.co,1,1,8,flair.co,X,ADD,ROOT,xxxx.xx,0.0
ipid.tech/,ipid.tech/,1,1,10,ipid.tech/,VERB,VB,ROOT,xxxx.xxxx/,0.0
silencelaboratories.com,silencelaboratories.com,1,1,23,silencelaboratories.com,X,ADD,ROOT,xxxx.xxx,0.0
www.lunarenergy.com,www.lunarenergy.com,1,1,19,www.lunarenergy.com,X,ADD,ROOT,xxx.xxxx.xxx,0.0
helloclever.co,helloclever.co,1,2,14,helloclever.co,X,ADD,ROOT,xxxx.xx,0.0
www.topi.eu,www.topi.eu,1,2,11,www.topi.eu,SPACE,_SP,ROOT,xxx.xxxx.xx,0.0
www.falkon.ai,www.falkon.ai,1,1,13,www.falkon.ai,SPACE,_SP,ROOT,xxx.xxxx.xx,0.0
jobbatical.com/,jobbatical.com/,1,1,15,jobbatical.com/,PROPN,NNP,ROOT,xxxx.xxx/,0.0
www.adt.com,www.adt.com,1,1,11,www.adt.com,X,ADD,ROOT,xxx.xxx.xxx,0.0
delli.market,delli.market,1,1,12,delli.market,NOUN,NN,ROOT,xxxx.xxxx,0.0
carbon-direct.com/,carbon-direct.com/,1,1,18,carbon-direct.com/,X,ADD,ROOT,xxxx-xxxx.xxx/,0.0
www.bactolife.com/,www.bactolife.com/,1,1,18,www.bactolife.com/,VERB,VB,ROOT,xxx.xxxx.xxx/,0.0
pixxel.space,pixxel.space,1,1,12,pixxel.space,VERB,VB,ROOT,xxxx.xxxx,0.0
www.zumper.com,www.zumper.com,1,1,14,www.zumper.com,PRON,WP,ROOT,xxx.xxxx.xxx,0.0
iliadbio.com/,iliadbio.com/,1,1,13,iliadbio.com/,PROPN,NNP,ROOT,xxxx.xxx/,0.0
arpeggiobiosciences.com/,arpeggiobiosciences.com/,1,1,24,arpeggiobiosciences.com/,VERB,VB,ROOT,xxxx.xxx/,0.0
loopworm.in/,loopworm.in/,1,1,12,loopworm.in/,VERB,VB,ROOT,xxxx.xx/,0.0
www.fundamentalvr.com,www.fundamentalvr.com,1,1,21,www.fundamentalvr.com,X,ADD,ROOT,xxx.xxxx.xxx,0.0
www.elise.de/,www.elise.de/,1,1,13,www.elise.de/,VERB,VB,ROOT,xxx.xxxx.xx/,0.0
www.tesseractenergy.xyz,www.tesseractenergy.xyz,1,1,23,www.tesseractenergy.xyz,X,ADD,ROOT,xxx.xxxx.xxx,0.0
ronspotflexwork.com/,ronspotflexwork.com/,1,1,20,ronspotflexwork.com/,NOUN,NN,ROOT,xxxx.xxx/,0.0
www.rookout.com,www.rookout.com,1,1,15,www.rookout.com,X,ADD,ROOT,xxx.xxxx.xxx,0.0
www.certifyos.com,www.certifyos.com,1,1,17,www.certifyos.com,X,ADD,ROOT,xxx.xxxx.xxx,0.0
www.procol.io,www.procol.io,1,1,13,www.procol.io,SPACE,_SP,ROOT,xxx.xxxx.xx,0.0
belvo.com/,belvo.com/,1,1,10,belvo.com/,NOUN,NN,ROOT,xxxx.xxx/,0.0
www.shiprocket.in,www.shiprocket.in,1,1,17,www.shiprocket.in,SPACE,_SP,ROOT,xxx.xxxx.xx,0.0
zeet.co,zeet.co,1,1,7,zeet.co,X,ADD,ROOT,xxxx.xx,0.0
www.arc.tech/,www.arc.tech/,1,1,13,www.arc.tech/,VERB,VBG,ROOT,xxx.xxx.xxxx/,0.0
www.98point6.com/,www.98point6.com/,1,1,17,www.98point6.com/,X,XX,ROOT,xxx.ddxxxxd.xxx/,0.0
www.unstoppable.fi/,www.unstoppable.fi/,1,1,19,www.unstoppable.fi/,VERB,VB,ROOT,xxx.xxxx.xx/,0.0
zeroei.com/,zeroei.com/,1,1,11,zeroei.com/,NUM,CD,ROOT,xxxx.xxx/,0.0
www.avendahealth.com/,www.avendahealth.com/,1,1,21,www.avendahealth.com/,VERB,VB,ROOT,xxx.xxxx.xxx/,0.0
www.tridge.com,www.tridge.com,1,1,14,www.tridge.com,X,ADD,ROOT,xxx.xxxx.xxx,0.0
www.q-cells.com,www.q-cells.com,1,1,15,www.q-cells.com,X,ADD,ROOT,xxx.x-xxxx.xxx,0.0
www.wondermind.com/,www.wondermind.com/,1,1,19,www.wondermind.com/,X,ADD,ROOT,xxx.xxxx.xxx/,0.0
www.klavi.ai,www.klavi.ai,1,1,12,www.klavi.ai,SPACE,_SP,ROOT,xxx.xxxx.xx,0.0
www.skribble.com/,www.skribble.com/,1,1,17,www.skribble.com/,NUM,CD,ROOT,xxx.xxxx.xxx/,0.0
fairmarkit.com/,fairmarkit.com/,1,1,15,fairmarkit.com/,PROPN,NNP,ROOT,xxxx.xxx/,0.0
www.atob.com,www.atob.com,1,1,12,www.atob.com,X,ADD,ROOT,xxx.xxxx.xxx,0.0
getsolsten.com/,getsolsten.com/,1,1,15,getsolsten.com/,X,FW,ROOT,xxxx.xxx/,0.0
www.hypertrack.com/,www.hypertrack.com/,1,1,19,www.hypertrack.com/,VERB,VB,ROOT,xxx.xxxx.xxx/,0.0
www.dianxiaomi.com/,www.dianxiaomi.com/,1,1,19,www.dianxiaomi.com/,VERB,VB,ROOT,xxx.xxxx.xxx/,0.0
www.diveplane.com,www.diveplane.com,1,1,17,www.diveplane.com,X,ADD,ROOT,xxx.xxxx.xxx,0.0
www.xepelin.com,www.xepelin.com,1,1,15,www.xepelin.com,X,ADD,ROOT,xxx.xxxx.xxx,0.0
www.varjo.com/,www.varjo.com/,1,1,14,www.varjo.com/,NOUN,NN,ROOT,xxx.xxxx.xxx/,0.0
bigpanda.io,bigpanda.io,1,1,11,bigpanda.io,X,ADD,ROOT,xxxx.xx,0.0
www.lucidity.cloud/,www.lucidity.cloud/,1,1,19,www.lucidity.cloud/,VERB,VBN,ROOT,xxx.xxxx.xxxx/,0.0
produze.com,produze.com,1,1,11,produze.com,X,ADD,ROOT,xxxx.xxx,0.0
www.earlysalary.com/,www.earlysalary.com/,1,1,20,www.earlysalary.com/,VERB,VB,ROOT,xxx.xxxx.xxx/,0.0
www.superblocks.com,www.superblocks.com,1,1,19,www.superblocks.com,X,ADD,ROOT,xxx.xxxx.xxx,0.0
www.fervoenergy.com,www.fervoenergy.com,1,1,19,www.fervoenergy.com,X,ADD,ROOT,xxx.xxxx.xxx,0.0
drawbridgepartnersllc.com/,drawbridgepartnersllc.com/,1,1,26,drawbridgepartnersllc.com/,NOUN,NN,ROOT,xxxx.xxx/,0.0
www.withpower.com/,www.withpower.com/,1,1,18,www.withpower.com/,X,XX,ROOT,xxx.xxxx.xxx/,0.0
happyring.com/,happyring.com/,1,1,14,happyring.com/,PROPN,NNP,ROOT,xxxx.xxx/,0.0
justicetext.com/,justicetext.com/,1,1,16,justicetext.com/,NOUN,NN,ROOT,xxxx.xxx/,0.0
teamapt.com/,teamapt.com/,1,1,12,teamapt.com/,PROPN,NNP,ROOT,xxxx.xxx/,0.0
www.converted.in,www.converted.in,1,1,16,www.converted.in,SPACE,_SP,ROOT,xxx.xxxx.xx,0.0
onesignal.com,onesignal.com,1,1,13,onesignal.com,X,ADD,ROOT,xxxx.xxx,0.0
getmymuse.com/,getmymuse.com/,1,1,14,getmymuse.com/,NOUN,NN,ROOT,xxxx.xxx/,0.0
elephas.com/,elephas.com/,1,1,12,elephas.com/,PROPN,NNP,ROOT,xxxx.xxx/,0.0
advancell.com.au/,advancell.com.au/,1,1,17,advancell.com.au/,NOUN,NN,ROOT,xxxx.xxx.xx/,0.0
www.protex.ai,www.protex.ai,1,1,13,www.protex.ai,SPACE,_SP,ROOT,xxx.xxxx.xx,0.0
www.awign.com,www.awign.com,1,1,13,www.awign.com,X,ADD,ROOT,xxx.xxxx.xxx,0.0
www.remento.co,www.remento.co,1,1,14,www.remento.co,SPACE,_SP,ROOT,xxx.xxxx.xx,0.0
www.xeneta.com,www.xeneta.com,1,1,14,www.xeneta.com,X,ADD,ROOT,xxx.xxxx.xxx,0.0
www.koolboks.com,www.koolboks.com,1,1,16,www.koolboks.com,X,ADD,ROOT,xxx.xxxx.xxx,0.0
www.zywa.co/,www.zywa.co/,1,1,12,www.zywa.co/,NOUN,NNS,ROOT,xxx.xxxx.xx/,0.0
sprocket.games/,sprocket.games/,1,1,15,sprocket.games/,NUM,CD,ROOT,xxxx.xxxx/,0.0
nownow.ng,nownow.ng,1,1,9,nownow.ng,X,ADD,ROOT,xxxx.xx,0.0
tortoise.pro/,tortoise.pro/,1,1,13,tortoise.pro/,NUM,CD,ROOT,xxxx.xxx/,0.0
www.trekhealth.io,www.trekhealth.io,1,1,17,www.trekhealth.io,SPACE,_SP,ROOT,xxx.xxxx.xx,0.0
carzami.com/,carzami.com/,1,1,12,carzami.com/,PROPN,NNP,ROOT,xxxx.xxx/,0.0
truefoodkitchen.com/,truefoodkitchen.com/,1,1,20,truefoodkitchen.com/,NOUN,NN,ROOT,xxxx.xxx/,0.0
peakdata.com/,peakdata.com/,1,1,13,peakdata.com/,NOUN,NNS,ROOT,xxxx.xxx/,0.0
jungle.ai/,jungle.ai/,1,1,10,jungle.ai/,NOUN,NN,ROOT,xxxx.xx/,0.0
redstone.finance/,redstone.finance/,1,1,17,redstone.finance/,VERB,VBN,ROOT,xxxx.xxxx/,0.0
www.ynap.com/,www.ynap.com/,1,1,13,www.ynap.com/,NOUN,NN,ROOT,xxx.xxxx.xxx/,0.0
gokomodo.com/,gokomodo.com/,1,1,13,gokomodo.com/,NOUN,NN,ROOT,xxxx.xxx/,0.0
www.exoticca.com,www.exoticca.com,1,1,16,www.exoticca.com,X,ADD,ROOT,xxx.xxxx.xxx,0.0
deposits.com/,deposits.com/,1,1,13,deposits.com/,VERB,VB,ROOT,xxxx.xxx/,0.0
www.keycare.org,www.keycare.org,1,1,15,www.keycare.org,NOUN,NN,ROOT,xxx.xxxx.xxx,0.0
mvm.gg,mvm.gg,1,1,6,mvm.gg,NOUN,NNS,ROOT,xxx.xx,0.0
www.wombatinvest.com/,www.wombatinvest.com/,1,1,21,www.wombatinvest.com/,PROPN,NNP,ROOT,xxx.xxxx.xxx/,0.0
www.sendabiosciences.com/,www.sendabiosciences.com/,1,1,25,www.sendabiosciences.com/,NOUN,NN,ROOT,xxx.xxxx.xxx/,0.0
www.capitalontap.com,www.capitalontap.com,1,1,20,www.capitalontap.com,X,ADD,ROOT,xxx.xxxx.xxx,0.0
www.carbyne.com,www.carbyne.com,1,1,15,www.carbyne.com,X,ADD,ROOT,xxx.xxxx.xxx,0.0
www.winuall.com,www.winuall.com,1,1,15,www.winuall.com,X,ADD,ROOT,xxx.xxxx.xxx,0.0
mermadefoods.com,mermadefoods.com,1,1,16,mermadefoods.com,X,ADD,ROOT,xxxx.xxx,0.0
gunzillagames.com/,gunzillagames.com/,1,1,18,gunzillagames.com/,PROPN,NNP,ROOT,xxxx.xxx/,0.0
www.kula.ai/,www.kula.ai/,1,1,12,www.kula.ai/,VERB,VB,ROOT,xxx.xxxx.xx/,0.0
www.lightyear.one,www.lightyear.one,1,1,17,www.lightyear.one,NOUN,NN,ROOT,xxx.xxxx.xxx,0.0
www.lumafield.com,www.lumafield.com,1,1,17,www.lumafield.com,X,ADD,ROOT,xxx.xxxx.xxx,0.0
choosemuse.com/,choosemuse.com/,1,1,15,choosemuse.com/,PROPN,NNP,ROOT,xxxx.xxx/,0.0
www.guesty.com,www.guesty.com,1,1,14,www.guesty.com,X,ADD,ROOT,xxx.xxxx.xxx,0.0
www.mavenoid.com/,www.mavenoid.com/,1,1,17,www.mavenoid.com/,X,FW,ROOT,xxx.xxxx.xxx/,0.0
www.stayvista.com,www.stayvista.com,1,1,17,www.stayvista.com,X,ADD,ROOT,xxx.xxxx.xxx,0.0
www.zelluna.com,www.zelluna.com,1,1,15,www.zelluna.com,X,ADD,ROOT,xxx.xxxx.xxx,0.0
www.insilico.com,www.insilico.com,1,1,16,www.insilico.com,X,ADD,ROOT,xxx.xxxx.xxx,0.0
www.zineone.com,www.zineone.com,1,1,15,www.zineone.com,X,ADD,ROOT,xxx.xxxx.xxx,0.0
www.eatneutral.com/,www.eatneutral.com/,1,1,19,www.eatneutral.com/,PROPN,NNP,ROOT,xxx.xxxx.xxx/,0.0
www.flossy.com,www.flossy.com,1,1,14,www.flossy.com,X,ADD,ROOT,xxx.xxxx.xxx,0.0
zillasecurity.com/,zillasecurity.com/,1,1,18,zillasecurity.com/,X,FW,ROOT,xxxx.xxx/,0.0
www.pattern.ag/,www.pattern.ag/,1,1,15,www.pattern.ag/,VERB,VB,ROOT,xxx.xxxx.xx/,0.0
getanchor.co,getanchor.co,1,1,12,getanchor.co,NUM,CD,ROOT,xxxx.xx,0.0
skorlife.com/en,skorlife.com/en,1,1,15,skorlife.com/en,VERB,VB,ROOT,xxxx.xxx/xx,0.0
moximed.com,moximed.com,1,1,11,moximed.com,X,ADD,ROOT,xxxx.xxx,0.0
bridgerphotonics.com,bridgerphotonics.com,1,1,20,bridgerphotonics.com,X,ADD,ROOT,xxxx.xxx,0.0
www.coolmate.me/,www.coolmate.me/,1,1,16,www.coolmate.me/,NOUN,NN,ROOT,xxx.xxxx.xx/,0.0
www.meshpayments.com,www.meshpayments.com,1,1,20,www.meshpayments.com,X,ADD,ROOT,xxx.xxxx.xxx,0.0
www.cultivated.bio/,www.cultivated.bio/,1,1,19,www.cultivated.bio/,NOUN,NN,ROOT,xxx.xxxx.xxx/,0.0
www.truework.com,www.truework.com,1,1,16,www.truework.com,X,ADD,ROOT,xxx.xxxx.xxx,0.0
arabyads.com/,arabyads.com/,1,1,13,arabyads.com/,PROPN,NNP,ROOT,xxxx.xxx/,0.0
airsmed.com,airsmed.com,1,1,11,airsmed.com,X,ADD,ROOT,xxxx.xxx,0.0
lightnet.io/,lightnet.io/,1,1,12,lightnet.io/,VERB,VB,ROOT,xxxx.xx/,0.0
www.roleshare.com,www.roleshare.com,1,1,17,www.roleshare.com,NUM,CD,ROOT,xxx.xxxx.xxx,0.0
upfronthealthcare.com/,upfronthealthcare.com/,1,1,22,upfronthealthcare.com/,PROPN,NNP,ROOT,xxxx.xxx/,0.0
anyscale.com,anyscale.com,1,1,12,anyscale.com,X,ADD,ROOT,xxxx.xxx,0.0
solidfi.com,solidfi.com,1,1,11,solidfi.com,X,ADD,ROOT,xxxx.xxx,0.0
www.localyzeapp.com,www.localyzeapp.com,1,1,19,www.localyzeapp.com,X,ADD,ROOT,xxx.xxxx.xxx,0.0
liquide.life/,liquide.life/,1,1,13,liquide.life/,NOUN,NNS,ROOT,xxxx.xxxx/,0.0
www.be.xyz/,www.be.xyz/,1,1,11,www.be.xyz/,X,LS,ROOT,xxx.xx.xxx/,0.0
explo.co/,explo.co/,1,1,9,explo.co/,ADJ,JJ,ROOT,xxxx.xx/,0.0
www.netspeakgames.com,www.netspeakgames.com,1,1,21,www.netspeakgames.com,X,ADD,ROOT,xxx.xxxx.xxx,0.0
www.txone.com/,www.txone.com/,1,1,14,www.txone.com/,NOUN,NN,ROOT,xxx.xxxx.xxx/,0.0
www.ckapur.com/,www.ckapur.com/,1,1,15,www.ckapur.com/,NOUN,NN,ROOT,xxx.xxxx.xxx/,0.0
www.blue.world,www.blue.world,1,1,14,www.blue.world,NOUN,NN,ROOT,xxx.xxxx.xxxx,0.0
www.privado.ai/,www.privado.ai/,1,1,15,www.privado.ai/,NUM,CD,ROOT,xxx.xxxx.xx/,0.0
sunstone.edu.in,sunstone.edu.in,1,1,15,sunstone.edu.in,X,ADD,ROOT,xxxx.xxx.xx,0.0
www.fundingsocieties.com,www.fundingsocieties.com,1,1,24,www.fundingsocieties.com,X,ADD,ROOT,xxx.xxxx.xxx,0.0
redesignhealth.com,redesignhealth.com,1,1,18,redesignhealth.com,X,ADD,ROOT,xxxx.xxx,0.0
octivfitness.com/,octivfitness.com/,1,1,17,octivfitness.com/,NOUN,NN,ROOT,xxxx.xxx/,0.0
insideTracker.com,insideTracker.com,1,1,17,insidetracker.com,X,ADD,ROOT,xxxxXxxxx.xxx,0.0
www.healthassure.in,www.healthassure.in,1,1,19,www.healthassure.in,SPACE,_SP,ROOT,xxx.xxxx.xx,0.0
www.recurve.com,www.recurve.com,1,1,15,www.recurve.com,X,ADD,ROOT,xxx.xxxx.xxx,0.0
www.pliops.com/,www.pliops.com/,1,1,15,www.pliops.com/,VERB,VB,ROOT,xxx.xxxx.xxx/,0.0
motivohealth.com,motivohealth.com,1,1,16,motivohealth.com,X,ADD,ROOT,xxxx.xxx,0.0
ryvu.com/,ryvu.com/,1,1,9,ryvu.com/,NOUN,NN,ROOT,xxxx.xxx/,0.0
www.fxhedgepool.com/,www.fxhedgepool.com/,1,1,20,www.fxhedgepool.com/,NOUN,NN,ROOT,xxx.xxxx.xxx/,0.0
doxychain.com,doxychain.com,1,1,13,doxychain.com,X,ADD,ROOT,xxxx.xxx,0.0
readyplayer.me,readyplayer.me,1,1,14,readyplayer.me,X,ADD,ROOT,xxxx.xx,0.0
www.kippa.africa/,www.kippa.africa/,1,1,17,www.kippa.africa/,NOUN,NN,ROOT,xxx.xxxx.xxxx/,0.0
www.invisibleuniverse.com/,www.invisibleuniverse.com/,1,1,26,www.invisibleuniverse.com/,PROPN,NNP,ROOT,xxx.xxxx.xxx/,0.0
www.safeheron.com,www.safeheron.com,1,1,17,www.safeheron.com,X,ADD,ROOT,xxx.xxxx.xxx,0.0
www.nanopathdx.com/,www.nanopathdx.com/,1,1,19,www.nanopathdx.com/,X,FW,ROOT,xxx.xxxx.xxx/,0.0
in.sugarcosmetics.com,in.sugarcosmetics.com,1,1,21,in.sugarcosmetics.com,X,ADD,ROOT,xx.xxxx.xxx,0.0
www.lorisystems.com,www.lorisystems.com,1,1,19,www.lorisystems.com,X,ADD,ROOT,xxx.xxxx.xxx,0.0
chekk.me,chekk.me,1,1,8,chekk.me,X,ADD,ROOT,xxxx.xx,0.0
curimeta.com/,curimeta.com/,1,1,13,curimeta.com/,PROPN,NNP,ROOT,xxxx.xxx/,0.0
www.balkan.id/,www.balkan.id/,1,1,14,www.balkan.id/,NOUN,NN,ROOT,xxx.xxxx.xx/,0.0
www.velaris.io/,www.velaris.io/,1,1,15,www.velaris.io/,NOUN,NN,ROOT,xxx.xxxx.xx/,0.0
rtr.ai,rtr.ai,1,1,6,rtr.ai,PROPN,NNPS,ROOT,xxx.xx,0.0
www.sharwa.io,www.sharwa.io,1,1,13,www.sharwa.io,SPACE,_SP,ROOT,xxx.xxxx.xx,0.0
www.3dissue.com,www.3dissue.com,1,1,15,www.3dissue.com,X,ADD,ROOT,xxx.dxxxx.xxx,0.0
iprocureafrica.co,iprocureafrica.co,1,2,17,iprocureafrica.co,X,ADD,ROOT,xxxx.xx,0.0
www.cygni.com/,www.cygni.com/,1,2,14,www.cygni.com/,VERB,VB,ROOT,xxx.xxxx.xxx/,0.0
www.alloyenterprises.co,www.alloyenterprises.co,1,1,23,www.alloyenterprises.co,SPACE,_SP,ROOT,xxx.xxxx.xx,0.0
www.abivax.com/,www.abivax.com/,1,1,15,www.abivax.com/,NOUN,NN,ROOT,xxx.xxxx.xxx/,0.0
agorareal.com,agorareal.com,1,1,13,agorareal.com,X,ADD,ROOT,xxxx.xxx,0.0
fair.xyz/,fair.xyz/,1,1,9,fair.xyz/,X,ADD,ROOT,xxxx.xxx/,0.0
vendorpm.com/,vendorpm.com/,1,1,13,vendorpm.com/,PROPN,NNP,ROOT,xxxx.xxx/,0.0
www.sofy.ai/,www.sofy.ai/,1,1,12,www.sofy.ai/,NOUN,NN,ROOT,xxx.xxxx.xx/,0.0
www.millieclinic.com/,www.millieclinic.com/,1,1,21,www.millieclinic.com/,NOUN,NN,ROOT,xxx.xxxx.xxx/,0.0
www.etherna.be/,www.etherna.be/,1,1,15,www.etherna.be/,VERB,VB,ROOT,xxx.xxxx.xx/,0.0
clip.mx,clip.mx,1,1,7,clip.mx,X,ADD,ROOT,xxxx.xx,0.0
joinblvd.com/,joinblvd.com/,1,1,13,joinblvd.com/,PROPN,NNP,ROOT,xxxx.xxx/,0.0
www.paceapp.com,www.paceapp.com,1,1,15,www.paceapp.com,X,ADD,ROOT,xxx.xxxx.xxx,0.0
www.sendit.green/,www.sendit.green/,1,1,17,www.sendit.green/,NOUN,NN,ROOT,xxx.xxxx.xxxx/,0.0
www.viavia.live,www.viavia.live,1,1,15,www.viavia.live,X,XX,ROOT,xxx.xxxx.xxxx,0.0
learnsoft.com,learnsoft.com,1,1,13,learnsoft.com,X,ADD,ROOT,xxxx.xxx,0.0
www.ryftpay.com,www.ryftpay.com,1,1,15,www.ryftpay.com,X,ADD,ROOT,xxx.xxxx.xxx,0.0
www.focalpointpositioning.com/,www.focalpointpositioning.com/,1,1,30,www.focalpointpositioning.com/,ADJ,JJ,ROOT,xxx.xxxx.xxx/,0.0
access-capital-partners.com,access-capital-partners.com,1,1,27,access-capital-partners.com,PROPN,NNP,ROOT,xxxx-xxxx-xxxx.xxx,0.0
www.nexford.org,www.nexford.org,1,1,15,www.nexford.org,NOUN,NN,ROOT,xxx.xxxx.xxx,0.0
www.eeroq.com/,www.eeroq.com/,1,1,14,www.eeroq.com/,PROPN,NNP,ROOT,xxx.xxxx.xxx/,0.0
www.scalenut.com,www.scalenut.com,1,1,16,www.scalenut.com,X,ADD,ROOT,xxx.xxxx.xxx,0.0
www.ultraviolette.com/,www.ultraviolette.com/,1,1,22,www.ultraviolette.com/,ADV,RB,ROOT,xxx.xxxx.xxx/,0.0
bankme.tech/,bankme.tech/,1,1,12,bankme.tech/,X,ADD,ROOT,xxxx.xxxx/,0.0
uskoprivacy.com/,uskoprivacy.com/,1,1,16,uskoprivacy.com/,NOUN,NN,ROOT,xxxx.xxx/,0.0
www.projecthero.in/,www.projecthero.in/,1,1,19,www.projecthero.in/,VERB,VB,ROOT,xxx.xxxx.xx/,0.0
www.bitmama.io,www.bitmama.io,1,1,14,www.bitmama.io,SPACE,_SP,ROOT,xxx.xxxx.xx,0.0
LendSecured.eu,LendSecured.eu,1,1,14,lendsecured.eu,NOUN,NN,ROOT,XxxxXxxxx.xx,0.0
www.prellisbio.com,www.prellisbio.com,1,1,18,www.prellisbio.com,X,ADD,ROOT,xxx.xxxx.xxx,0.0
www.joinpogo.com,www.joinpogo.com,1,1,16,www.joinpogo.com,X,ADD,ROOT,xxx.xxxx.xxx,0.0
www.hopskipdrive.com,www.hopskipdrive.com,1,1,20,www.hopskipdrive.com,X,ADD,ROOT,xxx.xxxx.xxx,0.0
www.foratravel.com,www.foratravel.com,1,1,18,www.foratravel.com,X,ADD,ROOT,xxx.xxxx.xxx,0.0
www.drivex.in/,www.drivex.in/,1,1,14,www.drivex.in/,NUM,CD,ROOT,xxx.xxxx.xx/,0.0
www.olio.health/,www.olio.health/,1,1,16,www.olio.health/,NOUN,NN,ROOT,xxx.xxxx.xxxx/,0.0
www.everphone.com,www.everphone.com,1,1,17,www.everphone.com,X,ADD,ROOT,xxx.xxxx.xxx,0.0
www.fomopay.com/,www.fomopay.com/,1,1,16,www.fomopay.com/,SPACE,_SP,ROOT,xxx.xxxx.xxx/,0.0
live-eo.com/,live-eo.com/,1,1,12,live-eo.com/,PROPN,NNP,ROOT,xxxx-xx.xxx/,0.0
www.getstimulus.io/,www.getstimulus.io/,1,1,19,www.getstimulus.io/,NOUN,NN,ROOT,xxx.xxxx.xx/,0.0
www.alorsfaim.com/,www.alorsfaim.com/,1,1,18,www.alorsfaim.com/,VERB,VB,ROOT,xxx.xxxx.xxx/,0.0
www.pomelocard.com/,www.pomelocard.com/,1,2,19,www.pomelocard.com/,VERB,VB,ROOT,xxx.xxxx.xxx/,0.0
www.lily.ai,www.lily.ai,1,1,11,www.lily.ai,SPACE,_SP,ROOT,xxx.xxxx.xx,0.0
nreal.ai/,nreal.ai/,1,1,9,nreal.ai/,X,ADD,ROOT,xxxx.xx/,0.0
www.craft.do,www.craft.do,1,1,12,www.craft.do,SPACE,_SP,ROOT,xxx.xxxx.xx,0.0
www.fathomx.co/,www.fathomx.co/,1,1,15,www.fathomx.co/,NOUN,NN,ROOT,xxx.xxxx.xx/,0.0
www.triallibrary.com/,www.triallibrary.com/,1,1,21,www.triallibrary.com/,VERB,VB,ROOT,xxx.xxxx.xxx/,0.0
humanq.com/,humanq.com/,1,1,11,humanq.com/,NOUN,NN,ROOT,xxxx.xxx/,0.0
hidrb.com/,hidrb.com/,1,1,10,hidrb.com/,PROPN,NNP,ROOT,xxxx.xxx/,0.0
www.plerk.com,www.plerk.com,1,1,13,www.plerk.com,X,ADD,ROOT,xxx.xxxx.xxx,0.0
www.bravosierra.com/,www.bravosierra.com/,1,1,20,www.bravosierra.com/,NOUN,NN,ROOT,xxx.xxxx.xxx/,0.0
justhome.co/en,justhome.co/en,1,1,14,justhome.co/en,NOUN,NN,ROOT,xxxx.xx/xx,0.0
www.adwoabeauty.com/,www.adwoabeauty.com/,1,1,20,www.adwoabeauty.com/,NOUN,NN,ROOT,xxx.xxxx.xxx/,0.0
www.anveshan.farm/,www.anveshan.farm/,1,1,18,www.anveshan.farm/,ADJ,JJ,ROOT,xxx.xxxx.xxxx/,0.0
www.joinforage.com,www.joinforage.com,1,1,18,www.joinforage.com,X,ADD,ROOT,xxx.xxxx.xxx,0.0
dataprophet.com/,dataprophet.com/,1,1,16,dataprophet.com/,PROPN,NNP,ROOT,xxxx.xxx/,0.0
www.hillridge.com.au/,www.hillridge.com.au/,1,1,21,www.hillridge.com.au/,VERB,VB,ROOT,xxx.xxxx.xxx.xx/,0.0
www.saicmobility.com/,www.saicmobility.com/,1,1,21,www.saicmobility.com/,X,XX,ROOT,xxx.xxxx.xxx/,0.0
www.purpletutor.com/,www.purpletutor.com/,1,1,20,www.purpletutor.com/,NOUN,NN,ROOT,xxx.xxxx.xxx/,0.0
www.arine.io,www.arine.io,1,2,12,www.arine.io,SPACE,_SP,ROOT,xxx.xxxx.xx,0.0
www.everytable.com/,www.everytable.com/,1,1,19,www.everytable.com/,NOUN,NN,ROOT,xxx.xxxx.xxx/,0.0
www.constructive.bio,www.constructive.bio,1,1,20,www.constructive.bio,PROPN,NNP,ROOT,xxx.xxxx.xxx,0.0
eezee.sg/,eezee.sg/,1,1,9,eezee.sg/,ADV,RB,ROOT,xxxx.xx/,0.0
www.anaphite.com,www.anaphite.com,1,1,16,www.anaphite.com,X,ADD,ROOT,xxx.xxxx.xxx,0.0
www.omnibiz.com,www.omnibiz.com,1,1,15,www.omnibiz.com,X,ADD,ROOT,xxx.xxxx.xxx,0.0
creatordao.com,creatordao.com,1,1,14,creatordao.com,X,ADD,ROOT,xxxx.xxx,0.0
karmsolar.com,karmsolar.com,1,1,13,karmsolar.com,X,ADD,ROOT,xxxx.xxx,0.0
www.regression.gg/,www.regression.gg/,1,1,18,www.regression.gg/,X,FW,ROOT,xxx.xxxx.xx/,0.0
www.barrelwise.ca/,www.barrelwise.ca/,1,1,18,www.barrelwise.ca/,NOUN,NN,ROOT,xxx.xxxx.xx/,0.0
www.ibusnetworks.com/,www.ibusnetworks.com/,1,1,21,www.ibusnetworks.com/,NOUN,NN,ROOT,xxx.xxxx.xxx/,0.0
www.trojanenergyltd.com/,www.trojanenergyltd.com/,1,1,24,www.trojanenergyltd.com/,VERB,VB,ROOT,xxx.xxxx.xxx/,0.0
www.latuseguros.com,www.latuseguros.com,1,1,19,www.latuseguros.com,X,ADD,ROOT,xxx.xxxx.xxx,0.0
www.triller.co,www.triller.co,1,2,14,www.triller.co,SPACE,_SP,ROOT,xxx.xxxx.xx,0.0
www.naborforce.com/,www.naborforce.com/,1,1,19,www.naborforce.com/,VERB,VB,ROOT,xxx.xxxx.xxx/,0.0
nimbustx.com,nimbustx.com,1,1,12,nimbustx.com,X,ADD,ROOT,xxxx.xxx,0.0
legitfit.com,legitfit.com,1,1,12,legitfit.com,X,ADD,ROOT,xxxx.xxx,0.0
www.r2.co/,www.r2.co/,1,1,10,www.r2.co/,X,LS,ROOT,xxx.xd.xx/,0.0
www.deskbird.com/,www.deskbird.com/,1,1,17,www.deskbird.com/,NOUN,NN,ROOT,xxx.xxxx.xxx/,0.0
exploreomni.com,exploreomni.com,1,1,15,exploreomni.com,X,ADD,ROOT,xxxx.xxx,0.0
www.metalbook.co.in,www.metalbook.co.in,1,1,19,www.metalbook.co.in,NOUN,NN,ROOT,xxx.xxxx.xx.xx,0.0
vidmob.com/,vidmob.com/,1,1,11,vidmob.com/,NOUN,NN,ROOT,xxxx.xxx/,0.0
www.motatos.de,www.motatos.de,1,1,14,www.motatos.de,SPACE,_SP,ROOT,xxx.xxxx.xx,0.0
gravitee.io,gravitee.io,1,1,11,gravitee.io,X,ADD,ROOT,xxxx.xx,0.0
terawattinfrastructure.com,terawattinfrastructure.com,1,1,26,terawattinfrastructure.com,X,ADD,ROOT,xxxx.xxx,0.0
www.goheadroom.com/,www.goheadroom.com/,1,1,19,www.goheadroom.com/,NOUN,NN,ROOT,xxx.xxxx.xxx/,0.0
www.vrglwealth.com/,www.vrglwealth.com/,1,1,19,www.vrglwealth.com/,VERB,VB,ROOT,xxx.xxxx.xxx/,0.0
thegoodfaceproject.com/,thegoodfaceproject.com/,1,1,23,thegoodfaceproject.com/,VERB,VB,ROOT,xxxx.xxx/,0.0
mindset.ai,mindset.ai,1,1,10,mindset.ai,X,ADD,ROOT,xxxx.xx,0.0
spectral.finance,spectral.finance,1,1,16,spectral.finance,NUM,CD,ROOT,xxxx.xxxx,0.0
www.forgebiologics.com,www.forgebiologics.com,1,1,22,www.forgebiologics.com,X,ADD,ROOT,xxx.xxxx.xxx,0.0
www.ConsuMatrix.com,www.ConsuMatrix.com,1,1,19,www.consumatrix.com,X,ADD,ROOT,xxx.XxxxxXxxxx.xxx,0.0
www.paperboatdrinks.com/,www.paperboatdrinks.com/,1,1,24,www.paperboatdrinks.com/,ADJ,JJ,ROOT,xxx.xxxx.xxx/,0.0
solana.fm/,solana.fm/,1,1,10,solana.fm/,NOUN,NN,ROOT,xxxx.xx/,0.0
www.medminder.com,www.medminder.com,1,2,17,www.medminder.com,X,ADD,ROOT,xxx.xxxx.xxx,0.0
www.auronix.com,www.auronix.com,1,1,15,www.auronix.com,X,ADD,ROOT,xxx.xxxx.xxx,0.0
tcare.ai/,tcare.ai/,1,1,9,tcare.ai/,VERB,VB,ROOT,xxxx.xx/,0.0
www.steel-eye.com,www.steel-eye.com,1,1,17,www.steel-eye.com,X,ADD,ROOT,xxx.xxxx-xxx.xxx,0.0
www.risksmart.com/,www.risksmart.com/,1,1,18,www.risksmart.com/,NOUN,NN,ROOT,xxx.xxxx.xxx/,0.0
precitaste.com,precitaste.com,1,1,14,precitaste.com,X,ADD,ROOT,xxxx.xxx,0.0
tarci.io/,tarci.io/,1,1,9,tarci.io/,PROPN,NNP,ROOT,xxxx.xx/,0.0
clarity.io,clarity.io,1,1,10,clarity.io,X,ADD,ROOT,xxxx.xx,0.0
www.ageras.com/,www.ageras.com/,1,1,15,www.ageras.com/,NOUN,NN,ROOT,xxx.xxxx.xxx/,0.0
icoverinsure.com/,icoverinsure.com/,1,1,17,icoverinsure.com/,PROPN,NNP,ROOT,xxxx.xxx/,0.0
www.pharmalatch.com,www.pharmalatch.com,1,1,19,www.pharmalatch.com,X,ADD,ROOT,xxx.xxxx.xxx,0.0
www.carroucell.com/,www.carroucell.com/,1,1,19,www.carroucell.com/,NOUN,NN,ROOT,xxx.xxxx.xxx/,0.0
www.vivecrop.com,www.vivecrop.com,1,2,16,www.vivecrop.com,X,ADD,ROOT,xxx.xxxx.xxx,0.0
gothamgreens.com/,gothamgreens.com/,1,2,17,gothamgreens.com/,PROPN,NNP,ROOT,xxxx.xxx/,0.0
www.oxbury.com,www.oxbury.com,1,1,14,www.oxbury.com,X,ADD,ROOT,xxx.xxxx.xxx,0.0
yottaenergy.com,yottaenergy.com,1,1,15,yottaenergy.com,X,ADD,ROOT,xxxx.xxx,0.0
blackdiamondadvisory.com/,blackdiamondadvisory.com/,1,1,25,blackdiamondadvisory.com/,PROPN,NNP,ROOT,xxxx.xxx/,0.0
virginvoyages.com,virginvoyages.com,1,1,17,virginvoyages.com,X,ADD,ROOT,xxxx.xxx,0.0
modernloop.io/,modernloop.io/,1,1,14,modernloop.io/,NOUN,NN,ROOT,xxxx.xx/,0.0
www.pureoceanalgae.ie/,www.pureoceanalgae.ie/,1,1,22,www.pureoceanalgae.ie/,NOUN,NN,ROOT,xxx.xxxx.xx/,0.0
www.vidcare.in,www.vidcare.in,1,1,14,www.vidcare.in,SPACE,_SP,ROOT,xxx.xxxx.xx,0.0
www.hornetsecurity.com,www.hornetsecurity.com,1,1,22,www.hornetsecurity.com,X,ADD,ROOT,xxx.xxxx.xxx,0.0
www.caju.com.br,www.caju.com.br,1,1,15,www.caju.com.br,ADJ,JJ,ROOT,xxx.xxxx.xxx.xx,0.0
zeew.eu,zeew.eu,1,1,7,zeew.eu,X,LS,ROOT,xxxx.xx,0.0
www.clearbot.org/,www.clearbot.org/,1,1,17,www.clearbot.org/,NOUN,NN,ROOT,xxx.xxxx.xxx/,0.0
www.gorgias.com/,www.gorgias.com/,1,1,16,www.gorgias.com/,NOUN,NN,ROOT,xxx.xxxx.xxx/,0.0
www.livescoregroup.com/,www.livescoregroup.com/,1,1,23,www.livescoregroup.com/,PROPN,NNP,ROOT,xxx.xxxx.xxx/,0.0
www.papapawsome.com/,www.papapawsome.com/,1,1,20,www.papapawsome.com/,VERB,VB,ROOT,xxx.xxxx.xxx/,0.0
www.galliumstudios.com,www.galliumstudios.com,1,1,22,www.galliumstudios.com,X,ADD,ROOT,xxx.xxxx.xxx,0.0
www.landa.app/,www.landa.app/,1,2,14,www.landa.app/,X,FW,ROOT,xxx.xxxx.xxx/,0.0
www.seinetwork.io/,www.seinetwork.io/,1,1,18,www.seinetwork.io/,PROPN,NNP,ROOT,xxx.xxxx.xx/,0.0
metaversego.gg,metaversego.gg,1,1,14,metaversego.gg,X,ADD,ROOT,xxxx.xx,0.0
koop.xyz/,koop.xyz/,1,1,9,koop.xyz/,X,ADD,ROOT,xxxx.xxx/,0.0
www.willowservicing.com/,www.willowservicing.com/,1,1,24,www.willowservicing.com/,NOUN,NN,ROOT,xxx.xxxx.xxx/,0.0
vdmchemical.com/,vdmchemical.com/,1,1,16,vdmchemical.com/,X,FW,ROOT,xxxx.xxx/,0.0
lysto.io/,lysto.io/,1,1,9,lysto.io/,SPACE,_SP,ROOT,xxxx.xx/,0.0
www.ottonova.de/en,www.ottonova.de/en,1,1,18,www.ottonova.de/en,NOUN,NN,ROOT,xxx.xxxx.xx/xx,0.0
verily.com,verily.com,1,1,10,verily.com,X,ADD,ROOT,xxxx.xxx,0.0
getplume.co,getplume.co,1,1,11,getplume.co,X,ADD,ROOT,xxxx.xx,0.0
teamway.io/,teamway.io/,1,1,11,teamway.io/,VERB,VBN,ROOT,xxxx.xx/,0.0
www.liwwa.com,www.liwwa.com,1,2,13,www.liwwa.com,X,ADD,ROOT,xxx.xxxx.xxx,0.0
www.oasisindia.in/,www.oasisindia.in/,1,1,18,www.oasisindia.in/,VERB,VB,ROOT,xxx.xxxx.xx/,0.0
patchwork.health/,patchwork.health/,1,1,17,patchwork.health/,NOUN,NNS,ROOT,xxxx.xxxx/,0.0
www.funxtion.com/,www.funxtion.com/,1,1,17,www.funxtion.com/,NOUN,NN,ROOT,xxx.xxxx.xxx/,0.0
www.airtel.in,www.airtel.in,1,1,13,www.airtel.in,SPACE,_SP,ROOT,xxx.xxxx.xx,0.0
www.xyxxcrew.com,www.xyxxcrew.com,1,2,16,www.xyxxcrew.com,X,ADD,ROOT,xxx.xxxx.xxx,0.0
injective.com,injective.com,1,1,13,injective.com,X,ADD,ROOT,xxxx.xxx,0.0
www.tailor.tech/,www.tailor.tech/,1,1,16,www.tailor.tech/,AUX,MD,ROOT,xxx.xxxx.xxxx/,0.0
www.defendify.com,www.defendify.com,1,1,17,www.defendify.com,X,ADD,ROOT,xxx.xxxx.xxx,0.0
doddl.ie/,doddl.ie/,1,1,9,doddl.ie/,X,FW,ROOT,xxxx.xx/,0.0
www.flyability.com,www.flyability.com,1,1,18,www.flyability.com,X,ADD,ROOT,xxx.xxxx.xxx,0.0
ardenthealth.com,ardenthealth.com,1,1,16,ardenthealth.com,X,ADD,ROOT,xxxx.xxx,0.0
esb.co.id/,esb.co.id/,1,1,10,esb.co.id/,X,ADD,ROOT,xxx.xx.xx/,0.0
aptoslabs.com,aptoslabs.com,1,1,13,aptoslabs.com,X,ADD,ROOT,xxxx.xxx,0.0
www.areviapower.com/,www.areviapower.com/,1,1,20,www.areviapower.com/,NOUN,NN,ROOT,xxx.xxxx.xxx/,0.0
www.caraway.health/,www.caraway.health/,1,1,19,www.caraway.health/,NOUN,NN,ROOT,xxx.xxxx.xxxx/,0.0
www.goldcast.io,www.goldcast.io,1,1,15,www.goldcast.io,SPACE,_SP,ROOT,xxx.xxxx.xx,0.0
comm.app,comm.app,1,1,8,comm.app,X,ADD,ROOT,xxxx.xxx,0.0
figures.hr,figures.hr,1,1,10,figures.hr,NUM,CD,ROOT,xxxx.xx,0.0
ng.cash/,ng.cash/,1,1,8,ng.cash/,NOUN,NN,ROOT,xx.xxxx/,0.0
courpharma.com,courpharma.com,1,1,14,courpharma.com,X,ADD,ROOT,xxxx.xxx,0.0
wegalabs.com/,wegalabs.com/,1,1,13,wegalabs.com/,PROPN,NNP,ROOT,xxxx.xxx/,0.0
SoMee.social,SoMee.social,1,1,12,somee.social,NOUN,NN,ROOT,XxXxx.xxxx,0.0
aesoptek.com/,aesoptek.com/,1,1,13,aesoptek.com/,PROPN,NNP,ROOT,xxxx.xxx/,0.0
www.oqtec.space,www.oqtec.space,1,1,15,www.oqtec.space,X,ADD,ROOT,xxx.xxxx.xxxx,0.0
www.graymatter-robotics.com,www.graymatter-robotics.com,1,1,27,www.graymatter-robotics.com,X,ADD,ROOT,xxx.xxxx-xxxx.xxx,0.0
mahaana.com/,mahaana.com/,1,1,12,mahaana.com/,PROPN,NNP,ROOT,xxxx.xxx/,0.0
worldfavor.com,worldfavor.com,1,1,14,worldfavor.com,X,ADD,ROOT,xxxx.xxx,0.0
www.growfitter.com/reward,www.growfitter.com/reward,1,1,25,www.growfitter.com/reward,NUM,CD,ROOT,xxx.xxxx.xxx/xxxx,0.0
humanedge.co/,humanedge.co/,1,1,13,humanedge.co/,NOUN,NNS,ROOT,xxxx.xx/,0.0
www.soptle.com/,www.soptle.com/,1,1,15,www.soptle.com/,NOUN,NN,ROOT,xxx.xxxx.xxx/,0.0
www.blockify.com/,www.blockify.com/,1,1,17,www.blockify.com/,PROPN,NNP,ROOT,xxx.xxxx.xxx/,0.0
www.manufactured.com/,www.manufactured.com/,1,1,21,www.manufactured.com/,VERB,VB,ROOT,xxx.xxxx.xxx/,0.0
sigmaratings.com,sigmaratings.com,1,1,16,sigmaratings.com,X,ADD,ROOT,xxxx.xxx,0.0
www.beatravelbuddy.com,www.beatravelbuddy.com,1,1,22,www.beatravelbuddy.com,X,ADD,ROOT,xxx.xxxx.xxx,0.0
www.starboardhq.com/sg/,www.starboardhq.com/sg/,1,1,23,www.starboardhq.com/sg/,SPACE,_SP,ROOT,xxx.xxxx.xxx/xx/,0.0
ovice.in/,ovice.in/,1,1,9,ovice.in/,VERB,VB,ROOT,xxxx.xx/,0.0
vlex.com,vlex.com,1,1,8,vlex.com,X,ADD,ROOT,xxxx.xxx,0.0
www.dukkantek.com,www.dukkantek.com,1,1,17,www.dukkantek.com,X,ADD,ROOT,xxx.xxxx.xxx,0.0
www.carret.in/,www.carret.in/,1,1,14,www.carret.in/,NOUN,NN,ROOT,xxx.xxxx.xx/,0.0
jetcommerce.co.id/,jetcommerce.co.id/,1,1,18,jetcommerce.co.id/,X,FW,ROOT,xxxx.xx.xx/,0.0
isovalent.com/,isovalent.com/,1,1,14,isovalent.com/,PROPN,NNP,ROOT,xxxx.xxx/,0.0
www.kuriatx.com,www.kuriatx.com,1,1,15,www.kuriatx.com,X,ADD,ROOT,xxx.xxxx.xxx,0.0
penrhosbio.com/,penrhosbio.com/,1,1,15,penrhosbio.com/,NOUN,NN,ROOT,xxxx.xxx/,0.0
www.flyway.app,www.flyway.app,1,1,14,www.flyway.app,NOUN,NN,ROOT,xxx.xxxx.xxx,0.0
wire.com/,wire.com/,1,1,9,wire.com/,PROPN,NNP,ROOT,xxxx.xxx/,0.0
meduprotection.com/,meduprotection.com/,1,1,19,meduprotection.com/,NOUN,NNS,ROOT,xxxx.xxx/,0.0
www.iqurepharma.com/,www.iqurepharma.com/,1,2,20,www.iqurepharma.com/,NOUN,NN,ROOT,xxx.xxxx.xxx/,0.0
space.id,space.id,1,1,8,space.id,X,ADD,ROOT,xxxx.xx,0.0
www.deepway.com/,www.deepway.com/,1,1,16,www.deepway.com/,VERB,VB,ROOT,xxx.xxxx.xxx/,0.0
tessera.co,tessera.co,1,1,10,tessera.co,X,LS,ROOT,xxxx.xx,0.0
www.superpayments.com,www.superpayments.com,1,1,21,www.superpayments.com,X,ADD,ROOT,xxx.xxxx.xxx,0.0
moderndemocracy.com/,moderndemocracy.com/,1,1,20,moderndemocracy.com/,NOUN,NN,ROOT,xxxx.xxx/,0.0
drink-trip.com,drink-trip.com,1,1,14,drink-trip.com,X,ADD,ROOT,xxxx-xxxx.xxx,0.0
www.idrx.com/,www.idrx.com/,1,1,13,www.idrx.com/,SPACE,_SP,ROOT,xxx.xxxx.xxx/,0.0
www.ruskmedia.com/,www.ruskmedia.com/,1,1,18,www.ruskmedia.com/,NOUN,NN,ROOT,xxx.xxxx.xxx/,0.0
www.machinemd.com,www.machinemd.com,1,1,17,www.machinemd.com,X,ADD,ROOT,xxx.xxxx.xxx,0.0
www.aquayield.com,www.aquayield.com,1,1,17,www.aquayield.com,X,ADD,ROOT,xxx.xxxx.xxx,0.0
www.mialgae.com/,www.mialgae.com/,1,1,16,www.mialgae.com/,NOUN,NN,ROOT,xxx.xxxx.xxx/,0.0
www.spacex.com,www.spacex.com,1,1,14,www.spacex.com,X,ADD,ROOT,xxx.xxxx.xxx,0.0
akshayakalpa.org/,akshayakalpa.org/,1,1,17,akshayakalpa.org/,ADV,RB,ROOT,xxxx.xxx/,0.0
sabantoag.com,sabantoag.com,1,1,13,sabantoag.com,X,ADD,ROOT,xxxx.xxx,0.0
exagen.co.uk,exagen.co.uk,1,1,12,exagen.co.uk,VERB,VB,ROOT,xxxx.xx.xx,0.0
www.oasys.games,www.oasys.games,1,1,15,www.oasys.games,X,ADD,ROOT,xxx.xxxx.xxxx,0.0
www.groundworkbioag.com/,www.groundworkbioag.com/,1,1,24,www.groundworkbioag.com/,NOUN,NN,ROOT,xxx.xxxx.xxx/,0.0
www.patch.io/,www.patch.io/,1,1,13,www.patch.io/,ADV,RB,ROOT,xxx.xxxx.xx/,0.0
ampeersenergy.de/,ampeersenergy.de/,1,1,17,ampeersenergy.de/,VERB,VB,ROOT,xxxx.xx/,0.0
chamberlaincoffee.com,chamberlaincoffee.com,1,1,21,chamberlaincoffee.com,X,ADD,ROOT,xxxx.xxx,0.0
www.synccomputing.com,www.synccomputing.com,1,2,21,www.synccomputing.com,X,ADD,ROOT,xxx.xxxx.xxx,0.0
drinkhappyviking.com/,drinkhappyviking.com/,1,1,21,drinkhappyviking.com/,PROPN,NNP,ROOT,xxxx.xxx/,0.0
www.raftt.io/,www.raftt.io/,1,1,13,www.raftt.io/,NOUN,NN,ROOT,xxx.xxxx.xx/,0.0
www.gitpoap.io/,www.gitpoap.io/,1,1,15,www.gitpoap.io/,NOUN,NN,ROOT,xxx.xxxx.xx/,0.0
www.bitlevex.com,www.bitlevex.com,1,1,16,www.bitlevex.com,X,ADD,ROOT,xxx.xxxx.xxx,0.0
satellite.im/,satellite.im/,1,1,13,satellite.im/,ADV,RB,ROOT,xxxx.xx/,0.0
www.threatx.com,www.threatx.com,1,1,15,www.threatx.com,PUNCT,.,ROOT,xxx.xxxx.xxx,0.0
www.joonko.co,www.joonko.co,1,1,13,www.joonko.co,SPACE,_SP,ROOT,xxx.xxxx.xx,0.0
mobot.io/,mobot.io/,1,1,9,mobot.io/,NOUN,NN,ROOT,xxxx.xx/,0.0
sanotize.com/,sanotize.com/,1,1,13,sanotize.com/,PROPN,NNP,ROOT,xxxx.xxx/,0.0
www.klarsmile.com/,www.klarsmile.com/,1,1,18,www.klarsmile.com/,VERB,VB,ROOT,xxx.xxxx.xxx/,0.0
www.inherentbio.com/,www.inherentbio.com/,1,1,20,www.inherentbio.com/,NOUN,NN,ROOT,xxx.xxxx.xxx/,0.0
josys.com/,josys.com/,1,1,10,josys.com/,PROPN,NNP,ROOT,xxxx.xxx/,0.0
sagefund.eu,sagefund.eu,1,1,11,sagefund.eu,ADV,RB,ROOT,xxxx.xx,0.0
care-harmony.com,care-harmony.com,1,1,16,care-harmony.com,X,ADD,ROOT,xxxx-xxxx.xxx,0.0
remedium-bio.com/,remedium-bio.com/,1,1,17,remedium-bio.com/,X,ADD,ROOT,xxxx-xxx.xxx/,0.0
www.bacon.work,www.bacon.work,1,1,14,www.bacon.work,SPACE,_SP,ROOT,xxx.xxxx.xxxx,0.0
ordaos.bio,ordaos.bio,1,1,10,ordaos.bio,X,ADD,ROOT,xxxx.xxx,0.0
www.91squarefeet.com/,www.91squarefeet.com/,1,1,21,www.91squarefeet.com/,PROPN,NNP,ROOT,xxx.ddxxxx.xxx/,0.0
www.fromsoftware.jp/jp/,www.fromsoftware.jp/jp/,1,1,23,www.fromsoftware.jp/jp/,NUM,CD,ROOT,xxx.xxxx.xx/xx/,0.0
www.yieldstreet.com,www.yieldstreet.com,1,1,19,www.yieldstreet.com,NOUN,NN,ROOT,xxx.xxxx.xxx,0.0
www.zevi.ai/,www.zevi.ai/,1,1,12,www.zevi.ai/,NOUN,NN,ROOT,xxx.xxxx.xx/,0.0
quotabook.com/,quotabook.com/,1,1,14,quotabook.com/,NOUN,NN,ROOT,xxxx.xxx/,0.0
www.lytica.com,www.lytica.com,1,1,14,www.lytica.com,X,ADD,ROOT,xxx.xxxx.xxx,0.0
slide.so,slide.so,1,1,8,slide.so,X,ADD,ROOT,xxxx.xx,0.0
www.monod.bio/,www.monod.bio/,1,1,14,www.monod.bio/,VERB,VB,ROOT,xxx.xxxx.xxx/,0.0
www.muninn.ai,www.muninn.ai,1,1,13,www.muninn.ai,SPACE,_SP,ROOT,xxx.xxxx.xx,0.0
www.datawisp.io,www.datawisp.io,1,1,15,www.datawisp.io,SPACE,_SP,ROOT,xxx.xxxx.xx,0.0
kterio.com/,kterio.com/,1,1,11,kterio.com/,PROPN,NNP,ROOT,xxxx.xxx/,0.0
www.jodo.in,www.jodo.in,1,1,11,www.jodo.in,SPACE,_SP,ROOT,xxx.xxxx.xx,0.0
duel.tech,duel.tech,1,1,9,duel.tech,NOUN,NN,ROOT,xxxx.xxxx,0.0
www.clearmotion.com/,www.clearmotion.com/,1,1,20,www.clearmotion.com/,NOUN,NN,ROOT,xxx.xxxx.xxx/,0.0
www.agronetpro.com,www.agronetpro.com,1,1,18,www.agronetpro.com,X,ADD,ROOT,xxx.xxxx.xxx,0.0
recruitlab.co.uk/,recruitlab.co.uk/,1,1,17,recruitlab.co.uk/,ADV,RB,ROOT,xxxx.xx.xx/,0.0
fireandflower.com,fireandflower.com,1,1,17,fireandflower.com,X,ADD,ROOT,xxxx.xxx,0.0
moneyflow.io/,moneyflow.io/,1,1,13,moneyflow.io/,NOUN,NN,ROOT,xxxx.xx/,0.0
biobetter.bio/,biobetter.bio/,1,1,14,biobetter.bio/,NOUN,NN,ROOT,xxxx.xxx/,0.0
www.terabase.energy/,www.terabase.energy/,1,1,20,www.terabase.energy/,VERB,VB,ROOT,xxx.xxxx.xxxx/,0.0
www.daalchini.co.in/,www.daalchini.co.in/,1,1,20,www.daalchini.co.in/,NUM,CD,ROOT,xxx.xxxx.xx.xx/,0.0
www.vestaron.com,www.vestaron.com,1,1,16,www.vestaron.com,X,ADD,ROOT,xxx.xxxx.xxx,0.0
talon-sec.com/,talon-sec.com/,1,1,14,talon-sec.com/,VERB,VB,ROOT,xxxx-xxx.xxx/,0.0
hoopo.tech/,hoopo.tech/,1,1,11,hoopo.tech/,VERB,VB,ROOT,xxxx.xxxx/,0.0
www.witricity.com,www.witricity.com,1,1,17,www.witricity.com,X,ADD,ROOT,xxx.xxxx.xxx,0.0
www.yulu.bike,www.yulu.bike,1,1,13,www.yulu.bike,SPACE,_SP,ROOT,xxx.xxxx.xxxx,0.0
rupeek.com/,rupeek.com/,1,1,11,rupeek.com/,PROPN,NNP,ROOT,xxxx.xxx/,0.0
ultrade.org/,ultrade.org/,1,1,12,ultrade.org/,NOUN,NN,ROOT,xxxx.xxx/,0.0
www.manusbio.com,www.manusbio.com,1,1,16,www.manusbio.com,X,ADD,ROOT,xxx.xxxx.xxx,0.0
www.edamama.ph/,www.edamama.ph/,1,1,15,www.edamama.ph/,VERB,VB,ROOT,xxx.xxxx.xx/,0.0
www.wreno.io/,www.wreno.io/,1,1,13,www.wreno.io/,NUM,CD,ROOT,xxx.xxxx.xx/,0.0
www.sessionguardian.com/,www.sessionguardian.com/,1,1,24,www.sessionguardian.com/,NOUN,NN,ROOT,xxx.xxxx.xxx/,0.0
afresh.com,afresh.com,1,1,10,afresh.com,X,ADD,ROOT,xxxx.xxx,0.0
sportbuff.com,sportbuff.com,1,1,13,sportbuff.com,X,ADD,ROOT,xxxx.xxx,0.0
spearix.com,spearix.com,1,1,11,spearix.com,X,ADD,ROOT,xxxx.xxx,0.0
arcturusrx.com,arcturusrx.com,1,1,14,arcturusrx.com,X,ADD,ROOT,xxxx.xxx,0.0
www.sironax.com.cn,www.sironax.com.cn,1,1,18,www.sironax.com.cn,PROPN,NNP,ROOT,xxx.xxxx.xxx.xx,0.0
www.compscience.com,www.compscience.com,1,1,19,www.compscience.com,X,ADD,ROOT,xxx.xxxx.xxx,0.0
www.openraven.com/,www.openraven.com/,1,1,18,www.openraven.com/,NOUN,NN,ROOT,xxx.xxxx.xxx/,0.0
forward.market,forward.market,1,1,14,forward.market,NOUN,NN,ROOT,xxxx.xxxx,0.0
bluetape.com,bluetape.com,1,2,12,bluetape.com,X,ADD,ROOT,xxxx.xxx,0.0
www.myhealthmath.com/,www.myhealthmath.com/,1,1,21,www.myhealthmath.com/,NOUN,NN,ROOT,xxx.xxxx.xxx/,0.0
www.promiseq.com/,www.promiseq.com/,1,1,17,www.promiseq.com/,ADP,IN,ROOT,xxx.xxxx.xxx/,0.0
www.boopos.com/,www.boopos.com/,1,1,15,www.boopos.com/,NUM,CD,ROOT,xxx.xxxx.xxx/,0.0
versa.com.my/,versa.com.my/,1,1,13,versa.com.my/,X,LS,ROOT,xxxx.xxx.xx/,0.0
www.sunwoda-evb.com/index.jhtml,www.sunwoda-evb.com/index.jhtml,1,1,31,www.sunwoda-evb.com/index.jhtml,PUNCT,:,ROOT,xxx.xxxx-xxx.xxx/xxxx.xxxx,0.0
everdome.io/,everdome.io/,1,1,12,everdome.io/,VERB,VB,ROOT,xxxx.xx/,0.0
www.wheelsemi.com,www.wheelsemi.com,1,1,17,www.wheelsemi.com,NUM,CD,ROOT,xxx.xxxx.xxx,0.0
outpost.space/,outpost.space/,1,1,14,outpost.space/,PROPN,NNPS,ROOT,xxxx.xxxx/,0.0
synsaber.com,synsaber.com,1,1,12,synsaber.com,X,ADD,ROOT,xxxx.xxx,0.0
www.bounty.co/,www.bounty.co/,1,1,14,www.bounty.co/,NOUN,NNS,ROOT,xxx.xxxx.xx/,0.0
biotia.io,biotia.io,1,1,9,biotia.io,X,ADD,ROOT,xxxx.xx,0.0
www.sunroof.se/,www.sunroof.se/,1,1,15,www.sunroof.se/,PROPN,NNP,ROOT,xxx.xxxx.xx/,0.0
www.keentechnologies.com,www.keentechnologies.com,1,1,24,www.keentechnologies.com,X,ADD,ROOT,xxx.xxxx.xxx,0.0
mojocare.com/,mojocare.com/,1,1,13,mojocare.com/,X,FW,ROOT,xxxx.xxx/,0.0
www.unlockd.finance,www.unlockd.finance,1,1,19,www.unlockd.finance,X,XX,ROOT,xxx.xxxx.xxxx,0.0
autobahntx.com,autobahntx.com,1,1,14,autobahntx.com,X,ADD,ROOT,xxxx.xxx,0.0
unlikely.ai/,unlikely.ai/,1,1,12,unlikely.ai/,VERB,VB,ROOT,xxxx.xx/,0.0
www.electrifuel.com/,www.electrifuel.com/,1,1,20,www.electrifuel.com/,NOUN,NN,ROOT,xxx.xxxx.xxx/,0.0
miyahealth.com/,miyahealth.com/,1,1,15,miyahealth.com/,NOUN,NN,ROOT,xxxx.xxx/,0.0
www.growthspace.com,www.growthspace.com,1,1,19,www.growthspace.com,X,ADD,ROOT,xxx.xxxx.xxx,0.0
overtime.tv,overtime.tv,1,1,11,overtime.tv,X,ADD,ROOT,xxxx.xx,0.0
billease.ph,billease.ph,1,1,11,billease.ph,X,ADD,ROOT,xxxx.xx,0.0
modulate.ai/,modulate.ai/,1,1,12,modulate.ai/,ADJ,JJ,ROOT,xxxx.xx/,0.0
mymuse.in/,mymuse.in/,1,1,10,mymuse.in/,NOUN,NN,ROOT,xxxx.xx/,0.0
www.moleculight.com,www.moleculight.com,1,1,19,www.moleculight.com,X,ADD,ROOT,xxx.xxxx.xxx,0.0
envirosparkenergy.com/,envirosparkenergy.com/,1,1,22,envirosparkenergy.com/,PROPN,NNP,ROOT,xxxx.xxx/,0.0
clara.com,clara.com,1,1,9,clara.com,X,ADD,ROOT,xxxx.xxx,0.0
riaadvisory.com/,riaadvisory.com/,1,1,16,riaadvisory.com/,VERB,VBZ,ROOT,xxxx.xxx/,0.0
www.bookkeeper360.com/,www.bookkeeper360.com/,1,1,22,www.bookkeeper360.com/,SPACE,_SP,ROOT,xxx.xxxxddd.xxx/,0.0
omrt.tech/,omrt.tech/,1,1,10,omrt.tech/,PUNCT,NFP,ROOT,xxxx.xxxx/,0.0
www.corepowermagnetics.com,www.corepowermagnetics.com,1,1,26,www.corepowermagnetics.com,X,ADD,ROOT,xxx.xxxx.xxx,0.0
www.airgram.io/,www.airgram.io/,1,1,15,www.airgram.io/,VERB,VB,ROOT,xxx.xxxx.xx/,0.0
enliven.one,enliven.one,1,1,11,enliven.one,X,ADD,ROOT,xxxx.xxx,0.0
diricare.com,diricare.com,1,1,12,diricare.com,X,ADD,ROOT,xxxx.xxx,0.0
www.adityabirlacapital.com/healthinsurance/home...,www.adityabirlacapital.com/healthinsurance/home,1,1,47,www.adityabirlacapital.com/healthinsurance/home,NOUN,NN,ROOT,xxx.xxxx.xxx/xxxx/xxxx,0.0
www.adityabirlacapital.com/healthinsurance/home...,...,1,1,3,...,PUNCT,:,punct,...,0.0
www.atlasground.com/,www.atlasground.com/,1,1,20,www.atlasground.com/,NOUN,NN,ROOT,xxx.xxxx.xxx/,0.0
www.closinglock.com/,www.closinglock.com/,1,1,20,www.closinglock.com/,X,ADD,ROOT,xxx.xxxx.xxx/,0.0
www.returnlogic.com,www.returnlogic.com,1,1,19,www.returnlogic.com,X,ADD,ROOT,xxx.xxxx.xxx,0.0
www.haystackapp.io,www.haystackapp.io,1,1,18,www.haystackapp.io,SPACE,_SP,ROOT,xxx.xxxx.xx,0.0
maximustribe.com,maximustribe.com,1,1,16,maximustribe.com,X,ADD,ROOT,xxxx.xxx,0.0
www.idnow.io,www.idnow.io,1,1,12,www.idnow.io,SPACE,_SP,ROOT,xxx.xxxx.xx,0.0
www.thedeconstruct.in,www.thedeconstruct.in,1,1,21,www.thedeconstruct.in,SPACE,_SP,ROOT,xxx.xxxx.xx,0.0
www.complete.so/,www.complete.so/,1,1,16,www.complete.so/,NOUN,NN,ROOT,xxx.xxxx.xx/,0.0
www.modulous.com/,www.modulous.com/,1,1,17,www.modulous.com/,PROPN,NNP,ROOT,xxx.xxxx.xxx/,0.0
accessibe.com/,accessibe.com/,1,1,14,accessibe.com/,NOUN,NN,ROOT,xxxx.xxx/,0.0
techmerpm.com,techmerpm.com,1,1,13,techmerpm.com,X,ADD,ROOT,xxxx.xxx,0.0
ayekart.com/,ayekart.com/,1,2,12,ayekart.com/,PROPN,NNP,ROOT,xxxx.xxx/,0.0
reejig.com/,reejig.com/,1,1,11,reejig.com/,NOUN,NN,ROOT,xxxx.xxx/,0.0
www.imin2.com/,www.imin2.com/,1,1,14,www.imin2.com/,ADJ,JJ,ROOT,xxx.xxxxd.xxx/,0.0
www.finexos.co.uk/,www.finexos.co.uk/,1,1,18,www.finexos.co.uk/,NUM,CD,ROOT,xxx.xxxx.xx.xx/,0.0
www.obmeg.com/,www.obmeg.com/,1,1,14,www.obmeg.com/,X,ADD,ROOT,xxx.xxxx.xxx/,0.0
www.i-phyc.com/,www.i-phyc.com/,1,1,15,www.i-phyc.com/,PROPN,NNP,ROOT,xxx.x-xxxx.xxx/,0.0
spectralmd.com/,spectralmd.com/,1,1,15,spectralmd.com/,PROPN,NNP,ROOT,xxxx.xxx/,0.0
www.populus.ai/,www.populus.ai/,1,1,15,www.populus.ai/,VERB,VB,ROOT,xxx.xxxx.xx/,0.0
www.boredbev.com/,www.boredbev.com/,1,1,17,www.boredbev.com/,NOUN,NN,ROOT,xxx.xxxx.xxx/,0.0
www.nightfall.ai,www.nightfall.ai,1,1,16,www.nightfall.ai,SPACE,_SP,ROOT,xxx.xxxx.xx,0.0
bevi.co,bevi.co,1,1,7,bevi.co,VERB,VB,ROOT,xxxx.xx,0.0
groweriq.ca/,groweriq.ca/,1,1,12,groweriq.ca/,VERB,VBN,ROOT,xxxx.xx/,0.0
www.magnax.com,www.magnax.com,1,1,14,www.magnax.com,X,ADD,ROOT,xxx.xxxx.xxx,0.0
www.stepfunction.ai/,www.stepfunction.ai/,1,1,20,www.stepfunction.ai/,X,ADD,ROOT,xxx.xxxx.xx/,0.0
www.koibanx.com,www.koibanx.com,1,1,15,www.koibanx.com,X,ADD,ROOT,xxx.xxxx.xxx,0.0
nftgenius.com/,nftgenius.com/,1,1,14,nftgenius.com/,PROPN,NNP,ROOT,xxxx.xxx/,0.0
www.surebright.com,www.surebright.com,1,1,18,www.surebright.com,X,ADD,ROOT,xxx.xxxx.xxx,0.0
www.aisera.com/,www.aisera.com/,1,1,15,www.aisera.com/,PROPN,NNP,ROOT,xxx.xxxx.xxx/,0.0
www.bigspoon.io,www.bigspoon.io,1,1,15,www.bigspoon.io,SPACE,_SP,ROOT,xxx.xxxx.xx,0.0
www.impactsure.com,www.impactsure.com,1,1,18,www.impactsure.com,X,ADD,ROOT,xxx.xxxx.xxx,0.0
www.eversidehealth.com,www.eversidehealth.com,1,1,22,www.eversidehealth.com,X,ADD,ROOT,xxx.xxxx.xxx,0.0
www.culturestolove.com,www.culturestolove.com,1,1,22,www.culturestolove.com,X,ADD,ROOT,xxx.xxxx.xxx,0.0
www.addigy.com/,www.addigy.com/,1,1,15,www.addigy.com/,NOUN,NN,ROOT,xxx.xxxx.xxx/,0.0
www.gogopool.com,www.gogopool.com,1,1,16,www.gogopool.com,X,ADD,ROOT,xxx.xxxx.xxx,0.0
www.churned.io/,www.churned.io/,1,1,15,www.churned.io/,NOUN,NN,ROOT,xxx.xxxx.xx/,0.0
www.farther.com/,www.farther.com/,1,1,16,www.farther.com/,PROPN,NNP,ROOT,xxx.xxxx.xxx/,0.0
rab-microfluidics.co.uk/,rab-microfluidics.co.uk/,1,1,24,rab-microfluidics.co.uk/,SPACE,_SP,ROOT,xxx-xxxx.xx.xx/,0.0
www.codefirstgirls.org.uk,www.codefirstgirls.org.uk,1,1,25,www.codefirstgirls.org.uk,VERB,VB,ROOT,xxx.xxxx.xxx.xx,0.0
eveairmobility.com,eveairmobility.com,1,1,18,eveairmobility.com,X,ADD,ROOT,xxxx.xxx,0.0
www.netradyne.com,www.netradyne.com,1,1,17,www.netradyne.com,X,ADD,ROOT,xxx.xxxx.xxx,0.0
www.ledgebrook.com/,www.ledgebrook.com/,1,1,19,www.ledgebrook.com/,NOUN,NN,ROOT,xxx.xxxx.xxx/,0.0
www.terrapower.com,www.terrapower.com,1,1,18,www.terrapower.com,X,ADD,ROOT,xxx.xxxx.xxx,0.0
atome.sg,atome.sg,1,1,8,atome.sg,X,ADD,ROOT,xxxx.xx,0.0
www.claimlogiq.com/,www.claimlogiq.com/,1,1,19,www.claimlogiq.com/,VERB,VB,ROOT,xxx.xxxx.xxx/,0.0
www.panintelligence.com/,www.panintelligence.com/,1,1,24,www.panintelligence.com/,VERB,VB,ROOT,xxx.xxxx.xxx/,0.0
www.stratifyd.com,www.stratifyd.com,1,1,17,www.stratifyd.com,X,ADD,ROOT,xxx.xxxx.xxx,0.0
www.onego.bio/,www.onego.bio/,1,1,14,www.onego.bio/,PROPN,NNP,ROOT,xxx.xxxx.xxx/,0.0
www.wi-q.com/,www.wi-q.com/,1,1,13,www.wi-q.com/,VERB,VB,ROOT,xxx.xx-x.xxx/,0.0
www.renewpower.in,www.renewpower.in,1,1,17,www.renewpower.in,SPACE,_SP,ROOT,xxx.xxxx.xx,0.0
www.atroposhealth.com,www.atroposhealth.com,1,1,21,www.atroposhealth.com,X,ADD,ROOT,xxx.xxxx.xxx,0.0
mantelcapture.com,mantelcapture.com,1,1,17,mantelcapture.com,X,ADD,ROOT,xxxx.xxx,0.0
communitylabs.com/,communitylabs.com/,1,1,18,communitylabs.com/,NOUN,NN,ROOT,xxxx.xxx/,0.0
101inc.com,101inc.com,1,1,10,101inc.com,NUM,CD,ROOT,dddxxx.xxx,0.0
www.haruinvest.com/,www.haruinvest.com/,1,1,19,www.haruinvest.com/,NOUN,NN,ROOT,xxx.xxxx.xxx/,0.0
www.lumificyber.com/,www.lumificyber.com/,1,1,20,www.lumificyber.com/,NOUN,NN,ROOT,xxx.xxxx.xxx/,0.0
www.indiumfinance.com/,www.indiumfinance.com/,1,1,22,www.indiumfinance.com/,VERB,VB,ROOT,xxx.xxxx.xxx/,0.0
pastel.africa/,pastel.africa/,1,1,14,pastel.africa/,VERB,VB,ROOT,xxxx.xxxx/,0.0
www.medincell.com/,www.medincell.com/,1,1,18,www.medincell.com/,VERB,VB,ROOT,xxx.xxxx.xxx/,0.0
www.bloombiorenewables.com/,www.bloombiorenewables.com/,1,1,27,www.bloombiorenewables.com/,ADJ,JJ,ROOT,xxx.xxxx.xxx/,0.0
alima.la,alima.la,1,1,8,alima.la,X,ADD,ROOT,xxxx.xx,0.0
www.unstoppabledomains.com,www.unstoppabledomains.com,1,1,26,www.unstoppabledomains.com,X,ADD,ROOT,xxx.xxxx.xxx,0.0
www.cledara.com,www.cledara.com,1,1,15,www.cledara.com,NOUN,NN,ROOT,xxx.xxxx.xxx,0.0
www.geekplus.com,www.geekplus.com,1,1,16,www.geekplus.com,X,ADD,ROOT,xxx.xxxx.xxx,0.0
www.inmedpharma.com,www.inmedpharma.com,1,1,19,www.inmedpharma.com,X,ADD,ROOT,xxx.xxxx.xxx,0.0
www.escalatecapital.com,www.escalatecapital.com,1,1,23,www.escalatecapital.com,X,ADD,ROOT,xxx.xxxx.xxx,0.0
healthledger.co.in,healthledger.co.in,1,1,18,healthledger.co.in,PROPN,NNP,ROOT,xxxx.xx.xx,0.0
phennagroup.com/,phennagroup.com/,1,1,16,phennagroup.com/,VERB,VB,ROOT,xxxx.xxx/,0.0
www.matchboxdao.com/,www.matchboxdao.com/,1,1,20,www.matchboxdao.com/,X,ADD,ROOT,xxx.xxxx.xxx/,0.0
www.expedock.com/,www.expedock.com/,1,1,17,www.expedock.com/,NOUN,NN,ROOT,xxx.xxxx.xxx/,0.0
fogworks.io,fogworks.io,1,1,11,fogworks.io,X,ADD,ROOT,xxxx.xx,0.0
www.apnibus.com,www.apnibus.com,1,1,15,www.apnibus.com,X,ADD,ROOT,xxx.xxxx.xxx,0.0
www.column.us/,www.column.us/,1,1,14,www.column.us/,NOUN,NN,ROOT,xxx.xxxx.xx/,0.0
www.ordio.com,www.ordio.com,1,1,13,www.ordio.com,PUNCT,-RRB-,ROOT,xxx.xxxx.xxx,0.0
www.lowcarbon.com,www.lowcarbon.com,1,1,17,www.lowcarbon.com,X,ADD,ROOT,xxx.xxxx.xxx,0.0
tmcpharma.com,tmcpharma.com,1,1,13,tmcpharma.com,X,ADD,ROOT,xxxx.xxx,0.0
www.tangibly.com/,www.tangibly.com/,1,1,17,www.tangibly.com/,VERB,VB,ROOT,xxx.xxxx.xxx/,0.0
www.conversenow.ai/,www.conversenow.ai/,1,1,19,www.conversenow.ai/,NOUN,NN,ROOT,xxx.xxxx.xx/,0.0
www.mycelproject.com/index_en.php,www.mycelproject.com/index_en.php,1,1,33,www.mycelproject.com/index_en.php,X,ADD,ROOT,xxx.xxxx.xxx/xxxx_xx.xxx,0.0
jackett.io,jackett.io,1,1,10,jackett.io,X,ADD,ROOT,xxxx.xx,0.0
shipmates.app/,shipmates.app/,1,1,14,shipmates.app/,NOUN,NNS,ROOT,xxxx.xxx/,0.0
www.insightec.com,www.insightec.com,1,1,17,www.insightec.com,X,ADD,ROOT,xxx.xxxx.xxx,0.0
www.cartona.com/,www.cartona.com/,1,1,16,www.cartona.com/,NOUN,NN,ROOT,xxx.xxxx.xxx/,0.0
www.cathvision.com,www.cathvision.com,1,1,18,www.cathvision.com,X,ADD,ROOT,xxx.xxxx.xxx,0.0
www.sibelhealth.com,www.sibelhealth.com,1,1,19,www.sibelhealth.com,X,ADD,ROOT,xxx.xxxx.xxx,0.0
gameplaygalaxy.com/,gameplaygalaxy.com/,1,1,19,gameplaygalaxy.com/,PROPN,NNP,ROOT,xxxx.xxx/,0.0
doodles.app,doodles.app,1,1,11,doodles.app,X,ADD,ROOT,xxxx.xxx,0.0
zesty.co,zesty.co,1,1,8,zesty.co,X,ADD,ROOT,xxxx.xx,0.0
eatimpactfood.com/,eatimpactfood.com/,1,1,18,eatimpactfood.com/,NOUN,NN,ROOT,xxxx.xxx/,0.0
greenestfoods.com,greenestfoods.com,1,1,17,greenestfoods.com,X,ADD,ROOT,xxxx.xxx,0.0
www.atlant3d.com/,www.atlant3d.com/,1,1,17,www.atlant3d.com/,NOUN,NN,ROOT,xxx.xxxxdx.xxx/,0.0
www.regal.io,www.regal.io,1,1,12,www.regal.io,SPACE,_SP,ROOT,xxx.xxxx.xx,0.0
www.wealthfront.com/,www.wealthfront.com/,1,1,20,www.wealthfront.com/,NOUN,NN,ROOT,xxx.xxxx.xxx/,0.0
www.udogames.com/,www.udogames.com/,1,1,17,www.udogames.com/,PROPN,NNP,ROOT,xxx.xxxx.xxx/,0.0
www.neurolenses.com,www.neurolenses.com,1,1,19,www.neurolenses.com,X,ADD,ROOT,xxx.xxxx.xxx,0.0
www.peerrobotics.ai,www.peerrobotics.ai,1,1,19,www.peerrobotics.ai,SPACE,_SP,ROOT,xxx.xxxx.xx,0.0
technosylva.com/,technosylva.com/,1,1,16,technosylva.com/,PROPN,NNP,ROOT,xxxx.xxx/,0.0
www.psychhub.com/,www.psychhub.com/,1,1,17,www.psychhub.com/,VERB,VB,ROOT,xxx.xxxx.xxx/,0.0
www.prontopro.it/,www.prontopro.it/,1,1,17,www.prontopro.it/,NUM,CD,ROOT,xxx.xxxx.xx/,0.0
upgrad.com,upgrad.com,1,1,10,upgrad.com,X,ADD,ROOT,xxxx.xxx,0.0
www.oriliving.com/,www.oriliving.com/,1,1,18,www.oriliving.com/,ADV,RB,ROOT,xxx.xxxx.xxx/,0.0
senderwallet.io/,senderwallet.io/,1,1,16,senderwallet.io/,PROPN,NNP,ROOT,xxxx.xx/,0.0
www.venue.live/,www.venue.live/,1,1,15,www.venue.live/,NOUN,NN,ROOT,xxx.xxxx.xxxx/,0.0
www.bytekitchen.io/,www.bytekitchen.io/,1,1,19,www.bytekitchen.io/,NOUN,NN,ROOT,xxx.xxxx.xx/,0.0
ripelocker.com/,ripelocker.com/,1,1,15,ripelocker.com/,NOUN,NN,ROOT,xxxx.xxx/,0.0
bachans.com,bachans.com,1,1,11,bachans.com,X,ADD,ROOT,xxxx.xxx,0.0
www.renkube.com,www.renkube.com,1,1,15,www.renkube.com,NUM,CD,ROOT,xxx.xxxx.xxx,0.0
www.betr.app,www.betr.app,1,1,12,www.betr.app,X,ADD,ROOT,xxx.xxxx.xxx,0.0
www.twidpay.com/,www.twidpay.com/,1,1,16,www.twidpay.com/,NOUN,NN,ROOT,xxx.xxxx.xxx/,0.0
www.jiminny.com,www.jiminny.com,1,1,15,www.jiminny.com,X,ADD,ROOT,xxx.xxxx.xxx,0.0
www.dwijafoods.com/,www.dwijafoods.com/,1,1,19,www.dwijafoods.com/,PROPN,NNP,ROOT,xxx.xxxx.xxx/,0.0
myplanet.com,myplanet.com,1,1,12,myplanet.com,X,ADD,ROOT,xxxx.xxx,0.0
zeda.io,zeda.io,1,1,7,zeda.io,X,ADD,ROOT,xxxx.xx,0.0
www.evabot.ai/,www.evabot.ai/,1,1,14,www.evabot.ai/,VERB,VB,ROOT,xxx.xxxx.xx/,0.0
mintkudos.xyz/,mintkudos.xyz/,1,1,14,mintkudos.xyz/,NOUN,NN,ROOT,xxxx.xxx/,0.0
www.inkgames.com,www.inkgames.com,1,1,16,www.inkgames.com,X,ADD,ROOT,xxx.xxxx.xxx,0.0
www.catch-talents.de,www.catch-talents.de,1,1,20,www.catch-talents.de,ADJ,JJ,ROOT,xxx.xxxx-xxxx.xx,0.0
www.trysequel.com/,www.trysequel.com/,1,1,18,www.trysequel.com/,VERB,VB,ROOT,xxx.xxxx.xxx/,0.0
www.majoo.id/,www.majoo.id/,1,1,13,www.majoo.id/,VERB,VB,ROOT,xxx.xxxx.xx/,0.0
www.boomerank.io,www.boomerank.io,1,1,16,www.boomerank.io,SPACE,_SP,ROOT,xxx.xxxx.xx,0.0
iantrekmed.com/,iantrekmed.com/,1,1,15,iantrekmed.com/,NOUN,NN,ROOT,xxxx.xxx/,0.0
nmb.com.np,nmb.com.np,1,1,10,nmb.com.np,ADJ,JJ,ROOT,xxx.xxx.xx,0.0
carreiras.ifood.com.br/en/,carreiras.ifood.com.br/en/,1,1,26,carreiras.ifood.com.br/en/,PROPN,NNP,ROOT,xxxx.xxxx.xxx.xx/xx/,0.0
evolveinc.io/,evolveinc.io/,1,1,13,evolveinc.io/,ADV,RB,ROOT,xxxx.xx/,0.0
www.stacked.com/,www.stacked.com/,1,1,16,www.stacked.com/,PROPN,NNP,ROOT,xxx.xxxx.xxx/,0.0
pinata.cloud,pinata.cloud,1,1,12,pinata.cloud,NOUN,NN,ROOT,xxxx.xxxx,0.0
www.sodahealth.com/,www.sodahealth.com/,1,1,19,www.sodahealth.com/,NOUN,NN,ROOT,xxx.xxxx.xxx/,0.0
theprofileprint.com/,theprofileprint.com/,1,1,20,theprofileprint.com/,PROPN,NNP,ROOT,xxxx.xxx/,0.0
www.mula-berlin.de,www.mula-berlin.de,1,1,18,www.mula-berlin.de,SPACE,_SP,ROOT,xxx.xxxx-xxxx.xx,0.0
www.savanainc.com,www.savanainc.com,1,1,17,www.savanainc.com,X,ADD,ROOT,xxx.xxxx.xxx,0.0
www.vestaboard.com/,www.vestaboard.com/,1,1,19,www.vestaboard.com/,NOUN,NN,ROOT,xxx.xxxx.xxx/,0.0
mydrnow.com/,mydrnow.com/,1,1,12,mydrnow.com/,NUM,CD,ROOT,xxxx.xxx/,0.0
www.mahle.com,www.mahle.com,1,1,13,www.mahle.com,X,ADD,ROOT,xxx.xxxx.xxx,0.0
cuure.com,cuure.com,1,1,9,cuure.com,X,ADD,ROOT,xxxx.xxx,0.0
www.getambassador.io/,www.getambassador.io/,1,1,21,www.getambassador.io/,VERB,VB,ROOT,xxx.xxxx.xx/,0.0
28byevie.com/,28byevie.com/,1,1,13,28byevie.com/,X,ADD,ROOT,ddxxxx.xxx/,0.0
pushpress.com,pushpress.com,1,1,13,pushpress.com,X,ADD,ROOT,xxxx.xxx,0.0
plancraft.de,plancraft.de,1,1,12,plancraft.de,VERB,VB,ROOT,xxxx.xx,0.0
www.lazada.com,www.lazada.com,1,1,14,www.lazada.com,X,ADD,ROOT,xxx.xxxx.xxx,0.0
eologix.com,eologix.com,1,1,11,eologix.com,X,ADD,ROOT,xxxx.xxx,0.0
www.biteninja.com/,www.biteninja.com/,1,1,18,www.biteninja.com/,VERB,VB,ROOT,xxx.xxxx.xxx/,0.0
getphyllo.com/,getphyllo.com/,1,1,14,getphyllo.com/,PROPN,NNP,ROOT,xxxx.xxx/,0.0
reliancepartners.com/,reliancepartners.com/,1,1,21,reliancepartners.com/,VERB,VB,ROOT,xxxx.xxx/,0.0
junto.eu/,junto.eu/,1,1,9,junto.eu/,PROPN,NNP,ROOT,xxxx.xx/,0.0
ribboncommunications.com/,ribboncommunications.com/,1,1,25,ribboncommunications.com/,X,FW,ROOT,xxxx.xxx/,0.0
aquaticode.com/,aquaticode.com/,1,1,15,aquaticode.com/,PROPN,NNP,ROOT,xxxx.xxx/,0.0
meson.fi,meson.fi,1,1,8,meson.fi,X,ADD,ROOT,xxxx.xx,0.0
thinkbioscience.com,thinkbioscience.com,1,1,19,thinkbioscience.com,X,ADD,ROOT,xxxx.xxx,0.0
herabiotech.com/,herabiotech.com/,1,1,16,herabiotech.com/,NOUN,NN,ROOT,xxxx.xxx/,0.0
strivebenefits.com,strivebenefits.com,1,1,18,strivebenefits.com,X,ADD,ROOT,xxxx.xxx,0.0
homewardhealth.com/,homewardhealth.com/,1,1,19,homewardhealth.com/,PROPN,NNP,ROOT,xxxx.xxx/,0.0
pickmywork.com/,pickmywork.com/,1,1,15,pickmywork.com/,NOUN,NN,ROOT,xxxx.xxx/,0.0
noxx.com/,noxx.com/,1,1,9,noxx.com/,PROPN,NNP,ROOT,xxxx.xxx/,0.0
www.apeironbioenergy.com,www.apeironbioenergy.com,1,1,24,www.apeironbioenergy.com,X,ADD,ROOT,xxx.xxxx.xxx,0.0
wadabentotech.com/,wadabentotech.com/,1,1,18,wadabentotech.com/,NOUN,NN,ROOT,xxxx.xxx/,0.0
www.ctexchange.co.za/,www.ctexchange.co.za/,1,1,21,www.ctexchange.co.za/,SPACE,_SP,ROOT,xxx.xxxx.xx.xx/,0.0
www.microverse.org/,www.microverse.org/,1,1,19,www.microverse.org/,NOUN,NN,ROOT,xxx.xxxx.xxx/,0.0
www.proventionbio.com/,www.proventionbio.com/,1,1,22,www.proventionbio.com/,VERB,VB,ROOT,xxx.xxxx.xxx/,0.0
progressivecareus.com,progressivecareus.com,1,1,21,progressivecareus.com,X,ADD,ROOT,xxxx.xxx,0.0
www.earlyday.com/,www.earlyday.com/,1,1,17,www.earlyday.com/,VERB,VB,ROOT,xxx.xxxx.xxx/,0.0
www.verdegoaero.com/,www.verdegoaero.com/,1,1,20,www.verdegoaero.com/,NOUN,NN,ROOT,xxx.xxxx.xxx/,0.0
arcadiabio.com,arcadiabio.com,1,1,14,arcadiabio.com,X,ADD,ROOT,xxxx.xxx,0.0
www.the1937group.com/,www.the1937group.com/,1,1,21,www.the1937group.com/,VERB,VB,ROOT,xxx.xxxddddxxxx.xxx/,0.0
www.builtai.co,www.builtai.co,1,1,14,www.builtai.co,SPACE,_SP,ROOT,xxx.xxxx.xx,0.0
sundaydesign.in/,sundaydesign.in/,1,1,16,sundaydesign.in/,VERB,VB,ROOT,xxxx.xx/,0.0
www.mskcc.org,www.mskcc.org,1,1,13,www.mskcc.org,NOUN,NN,ROOT,xxx.xxxx.xxx,0.0
spotlumos.com/,spotlumos.com/,1,1,14,spotlumos.com/,PROPN,NNP,ROOT,xxxx.xxx/,0.0
www.droppa.co.za/,www.droppa.co.za/,1,1,17,www.droppa.co.za/,NOUN,NN,ROOT,xxx.xxxx.xx.xx/,0.0
www.caphillbrands.com,www.caphillbrands.com,1,1,21,www.caphillbrands.com,X,ADD,ROOT,xxx.xxxx.xxx,0.0
neuronsinc.com,neuronsinc.com,1,1,14,neuronsinc.com,X,ADD,ROOT,xxxx.xxx,0.0
www.medoma.com,www.medoma.com,1,1,14,www.medoma.com,X,ADD,ROOT,xxx.xxxx.xxx,0.0
floryo.com,floryo.com,1,1,10,floryo.com,X,ADD,ROOT,xxxx.xxx,0.0
www.demoleap.com/,www.demoleap.com/,1,1,17,www.demoleap.com/,NOUN,NN,ROOT,xxx.xxxx.xxx/,0.0
onsiteteams.com,onsiteteams.com,1,1,15,onsiteteams.com,X,ADD,ROOT,xxxx.xxx,0.0
www.arkkapital.com/,www.arkkapital.com/,1,1,19,www.arkkapital.com/,NOUN,NN,ROOT,xxx.xxxx.xxx/,0.0
www.accordion.com,www.accordion.com,1,1,17,www.accordion.com,X,ADD,ROOT,xxx.xxxx.xxx,0.0
www.stitchhealth.co/,www.stitchhealth.co/,1,1,20,www.stitchhealth.co/,ADJ,JJ,ROOT,xxx.xxxx.xx/,0.0
acelyrin.com/,acelyrin.com/,1,1,13,acelyrin.com/,PROPN,NNP,ROOT,xxxx.xxx/,0.0
kidescience.com/en/,kidescience.com/en/,1,1,19,kidescience.com/en/,NOUN,NN,ROOT,xxxx.xxx/xx/,0.0
prolocor.com,prolocor.com,1,1,12,prolocor.com,X,ADD,ROOT,xxxx.xxx,0.0
www.chaincraft.nl,www.chaincraft.nl,1,1,17,www.chaincraft.nl,SPACE,_SP,ROOT,xxx.xxxx.xx,0.0
www.solarmonkey.nl/,www.solarmonkey.nl/,1,1,19,www.solarmonkey.nl/,X,FW,ROOT,xxx.xxxx.xx/,0.0
www.totallyawesome.tv/,www.totallyawesome.tv/,1,1,22,www.totallyawesome.tv/,ADP,IN,ROOT,xxx.xxxx.xx/,0.0
www.joinupkid.com/,www.joinupkid.com/,1,1,18,www.joinupkid.com/,NOUN,NN,ROOT,xxx.xxxx.xxx/,0.0
www.pagaleve.com.br,www.pagaleve.com.br,1,1,19,www.pagaleve.com.br,VERB,VB,ROOT,xxx.xxxx.xxx.xx,0.0
cerahq.com,cerahq.com,1,2,10,cerahq.com,X,ADD,ROOT,xxxx.xxx,0.0
www.honehq.com,www.honehq.com,1,1,14,www.honehq.com,X,ADD,ROOT,xxx.xxxx.xxx,0.0
www.northbeam.io/,www.northbeam.io/,1,1,17,www.northbeam.io/,NUM,CD,ROOT,xxx.xxxx.xx/,0.0
evervetpartners.com,evervetpartners.com,1,1,19,evervetpartners.com,VERB,VB,ROOT,xxxx.xxx,0.0
www.joinviolet.com,www.joinviolet.com,1,1,18,www.joinviolet.com,X,ADD,ROOT,xxx.xxxx.xxx,0.0
pc3i.upenn.edu/projects/penn-trace/,pc3i.upenn.edu/projects/penn-trace/,1,1,35,pc3i.upenn.edu/projects/penn-trace/,PUNCT,.,ROOT,xxdx.xxxx.xxx/xxxx/xxxx-xxxx/,0.0
www.pretzeltx.com/,www.pretzeltx.com/,1,1,18,www.pretzeltx.com/,VERB,VB,ROOT,xxx.xxxx.xxx/,0.0
www.vitadao.com/,www.vitadao.com/,1,1,16,www.vitadao.com/,NOUN,NN,ROOT,xxx.xxxx.xxx/,0.0
dwalletlabs.com/,dwalletlabs.com/,1,1,16,dwalletlabs.com/,PROPN,NNP,ROOT,xxxx.xxx/,0.0
www.dustlabs.com/,www.dustlabs.com/,1,1,17,www.dustlabs.com/,ADV,RB,ROOT,xxx.xxxx.xxx/,0.0
www.tigereye.com/,www.tigereye.com/,1,2,17,www.tigereye.com/,SPACE,_SP,ROOT,xxx.xxxx.xxx/,0.0
www.tzero.com,www.tzero.com,1,1,13,www.tzero.com,PUNCT,.,ROOT,xxx.xxxx.xxx,0.0
eaglechip.com,eaglechip.com,1,1,13,eaglechip.com,X,ADD,ROOT,xxxx.xxx,0.0
dorahacks.io/,dorahacks.io/,1,1,13,dorahacks.io/,NOUN,NN,ROOT,xxxx.xx/,0.0
www.ozette.com,www.ozette.com,1,1,14,www.ozette.com,PUNCT,.,ROOT,xxx.xxxx.xxx,0.0
www.cncteile24.de,www.cncteile24.de,1,1,17,www.cncteile24.de,ADJ,JJ,ROOT,xxx.xxxxdd.xx,0.0
cureapp.co.jp/,cureapp.co.jp/,1,1,14,cureapp.co.jp/,X,LS,ROOT,xxxx.xx.xx/,0.0
dropbase.io/,dropbase.io/,1,1,12,dropbase.io/,VERB,VB,ROOT,xxxx.xx/,0.0
www.hometainment.com/,www.hometainment.com/,1,1,21,www.hometainment.com/,VERB,VB,ROOT,xxx.xxxx.xxx/,0.0
www.arecor.com,www.arecor.com,1,1,14,www.arecor.com,X,ADD,ROOT,xxx.xxxx.xxx,0.0
www.elestor.nl/,www.elestor.nl/,1,1,15,www.elestor.nl/,X,FW,ROOT,xxx.xxxx.xx/,0.0
www.paubox.com,www.paubox.com,1,1,14,www.paubox.com,X,ADD,ROOT,xxx.xxxx.xxx,0.0
bst.ai/,bst.ai/,1,1,7,bst.ai/,NOUN,NN,ROOT,xxx.xx/,0.0
www.cybrary.it,www.cybrary.it,1,1,14,www.cybrary.it,SPACE,_SP,ROOT,xxx.xxxx.xx,0.0
www.groundfloor.us/,www.groundfloor.us/,1,1,19,www.groundfloor.us/,ADV,RB,ROOT,xxx.xxxx.xx/,0.0
edjx.io/,edjx.io/,1,1,8,edjx.io/,NOUN,NN,ROOT,xxxx.xx/,0.0
www.risczero.com/,www.risczero.com/,1,1,17,www.risczero.com/,NOUN,NN,ROOT,xxx.xxxx.xxx/,0.0
faceki.com/,faceki.com/,1,1,11,faceki.com/,NUM,CD,ROOT,xxxx.xxx/,0.0
metacx.com,metacx.com,1,1,10,metacx.com,X,ADD,ROOT,xxxx.xxx,0.0
www.precipoint.com,www.precipoint.com,1,1,18,www.precipoint.com,X,ADD,ROOT,xxx.xxxx.xxx,0.0
www.oll.co,www.oll.co,1,1,10,www.oll.co,SPACE,_SP,ROOT,xxx.xxx.xx,0.0
txtsmarter.com/,txtsmarter.com/,1,1,15,txtsmarter.com/,PROPN,NNP,ROOT,xxxx.xxx/,0.0
www.bensonsforbeds.co.uk/,www.bensonsforbeds.co.uk/,1,1,25,www.bensonsforbeds.co.uk/,VERB,VB,ROOT,xxx.xxxx.xx.xx/,0.0
digicomm.com/,digicomm.com/,1,1,13,digicomm.com/,PROPN,NNP,ROOT,xxxx.xxx/,0.0
www.biza.io/,www.biza.io/,1,1,12,www.biza.io/,NOUN,NN,ROOT,xxx.xxxx.xx/,0.0
www.tngdigital.com.my,www.tngdigital.com.my,1,1,21,www.tngdigital.com.my,NOUN,NN,ROOT,xxx.xxxx.xxx.xx,0.0
ju.st,ju.st,1,1,5,ju.st,NOUN,NN,ROOT,xx.xx,0.0
stayfrontdesk.com,stayfrontdesk.com,1,1,17,stayfrontdesk.com,X,ADD,ROOT,xxxx.xxx,0.0
humansanon.com/,humansanon.com/,1,1,15,humansanon.com/,NOUN,NN,ROOT,xxxx.xxx/,0.0
www.olive.earth,www.olive.earth,1,1,15,www.olive.earth,X,ADD,ROOT,xxx.xxxx.xxxx,0.0
www.econic-technologies.com,www.econic-technologies.com,1,1,27,www.econic-technologies.com,NOUN,NN,ROOT,xxx.xxxx-xxxx.xxx,0.0
lumu.io,lumu.io,1,1,7,lumu.io,NUM,CD,ROOT,xxxx.xx,0.0
www.shopic.co,www.shopic.co,1,1,13,www.shopic.co,SPACE,_SP,ROOT,xxx.xxxx.xx,0.0
www.parafin.com,www.parafin.com,1,1,15,www.parafin.com,X,ADD,ROOT,xxx.xxxx.xxx,0.0
litmus.io,litmus.io,1,1,9,litmus.io,SYM,$,ROOT,xxxx.xx,0.0
moom.health/,moom.health/,1,1,12,moom.health/,NOUN,NNS,ROOT,xxxx.xxxx/,0.0
youset.ca/en/,youset.ca/en/,1,1,13,youset.ca/en/,NOUN,NN,ROOT,xxxx.xx/xx/,0.0
www.wellnessliving.com,www.wellnessliving.com,1,1,22,www.wellnessliving.com,PUNCT,NFP,ROOT,xxx.xxxx.xxx,0.0
www.biofourmis.com,www.biofourmis.com,1,1,18,www.biofourmis.com,X,ADD,ROOT,xxx.xxxx.xxx,0.0
www.globaleur.com/,www.globaleur.com/,1,1,18,www.globaleur.com/,PROPN,NNP,ROOT,xxx.xxxx.xxx/,0.0
www.novasourcepower.com/,www.novasourcepower.com/,1,1,24,www.novasourcepower.com/,NOUN,NN,ROOT,xxx.xxxx.xxx/,0.0
www.valuecase.de/,www.valuecase.de/,1,1,17,www.valuecase.de/,NUM,CD,ROOT,xxx.xxxx.xx/,0.0
www.merklescience.com,www.merklescience.com,1,1,21,www.merklescience.com,X,ADD,ROOT,xxx.xxxx.xxx,0.0
www.biointron.com/,www.biointron.com/,1,1,18,www.biointron.com/,VERB,VB,ROOT,xxx.xxxx.xxx/,0.0
www.polimerosrl.it/,www.polimerosrl.it/,1,1,19,www.polimerosrl.it/,NOUN,NN,ROOT,xxx.xxxx.xx/,0.0
thorizon.com/,thorizon.com/,1,1,13,thorizon.com/,NOUN,NN,ROOT,xxxx.xxx/,0.0
www.kaloom.com/,www.kaloom.com/,1,1,15,www.kaloom.com/,NOUN,NN,ROOT,xxx.xxxx.xxx/,0.0
cleerlyhealth.com/,cleerlyhealth.com/,1,1,18,cleerlyhealth.com/,NUM,CD,ROOT,xxxx.xxx/,0.0
www.optalitix.com,www.optalitix.com,1,1,17,www.optalitix.com,X,ADD,ROOT,xxx.xxxx.xxx,0.0
omni.app/,omni.app/,1,1,9,omni.app/,NOUN,NNS,ROOT,xxxx.xxx/,0.0
vitalconnect.com/,vitalconnect.com/,1,1,17,vitalconnect.com/,NUM,CD,ROOT,xxxx.xxx/,0.0
soundstripe.com,soundstripe.com,1,1,15,soundstripe.com,X,ADD,ROOT,xxxx.xxx,0.0
www.meetiqm.com/,www.meetiqm.com/,1,1,16,www.meetiqm.com/,NOUN,NN,ROOT,xxx.xxxx.xxx/,0.0
ibisa.network,ibisa.network,1,1,13,ibisa.network,NOUN,NN,ROOT,xxxx.xxxx,0.0
www.ehs.com/,www.ehs.com/,1,1,12,www.ehs.com/,VERB,VB,ROOT,xxx.xxx.xxx/,0.0
www.qloo.com,www.qloo.com,1,1,12,www.qloo.com,X,ADD,ROOT,xxx.xxxx.xxx,0.0
www.thechefkart.com,www.thechefkart.com,1,1,19,www.thechefkart.com,X,ADD,ROOT,xxx.xxxx.xxx,0.0
goodnews.coffee/,goodnews.coffee/,1,1,16,goodnews.coffee/,NOUN,NN,ROOT,xxxx.xxxx/,0.0
www.lokifoods.com,www.lokifoods.com,1,1,17,www.lokifoods.com,X,ADD,ROOT,xxx.xxxx.xxx,0.0
cashmere.finance/,cashmere.finance/,1,1,17,cashmere.finance/,NOUN,NNS,ROOT,xxxx.xxxx/,0.0
momnt.com,momnt.com,1,1,9,momnt.com,X,ADD,ROOT,xxxx.xxx,0.0
britishlithium.co.uk/,britishlithium.co.uk/,1,1,21,britishlithium.co.uk/,NOUN,NN,ROOT,xxxx.xx.xx/,0.0
www.esmartsystems.com/,www.esmartsystems.com/,1,1,22,www.esmartsystems.com/,X,ADD,ROOT,xxx.xxxx.xxx/,0.0
levitate.ai,levitate.ai,1,1,11,levitate.ai,X,ADD,ROOT,xxxx.xx,0.0
insightfinder.com,insightfinder.com,1,1,17,insightfinder.com,X,ADD,ROOT,xxxx.xxx,0.0
www.salvohealth.com/,www.salvohealth.com/,1,1,20,www.salvohealth.com/,VERB,VB,ROOT,xxx.xxxx.xxx/,0.0
www.coffeee.io/,www.coffeee.io/,1,1,15,www.coffeee.io/,PROPN,NNP,ROOT,xxx.xxxx.xx/,0.0
www.tradeblock.us/,www.tradeblock.us/,1,1,18,www.tradeblock.us/,X,ADD,ROOT,xxx.xxxx.xx/,0.0
magmafactory.com/,magmafactory.com/,1,1,17,magmafactory.com/,PROPN,NNP,ROOT,xxxx.xxx/,0.0
www.zomato.com,www.zomato.com,1,1,14,www.zomato.com,X,ADD,ROOT,xxx.xxxx.xxx,0.0
www.hiaria.id/,www.hiaria.id/,1,1,14,www.hiaria.id/,PROPN,NNP,ROOT,xxx.xxxx.xx/,0.0
9count.co,9count.co,1,1,9,9count.co,NUM,CD,ROOT,dxxxx.xx,0.0
www.redbudmed.com/,www.redbudmed.com/,1,1,18,www.redbudmed.com/,VERB,VB,ROOT,xxx.xxxx.xxx/,0.0
bluejaytx.com/,bluejaytx.com/,1,1,14,bluejaytx.com/,ADV,RB,ROOT,xxxx.xxx/,0.0
rebill.to,rebill.to,1,1,9,rebill.to,X,ADD,ROOT,xxxx.xx,0.0
www.intellischool.co,www.intellischool.co,1,1,20,www.intellischool.co,SPACE,_SP,ROOT,xxx.xxxx.xx,0.0
senginemedicine.com,senginemedicine.com,1,1,19,senginemedicine.com,X,ADD,ROOT,xxxx.xxx,0.0
tritiumcharging.com,tritiumcharging.com,1,2,19,tritiumcharging.com,X,ADD,ROOT,xxxx.xxx,0.0
zenno.space/,zenno.space/,1,1,12,zenno.space/,SPACE,_SP,ROOT,xxxx.xxxx/,0.0
www.littlefish.co.uk/,www.littlefish.co.uk/,1,1,21,www.littlefish.co.uk/,VERB,VB,ROOT,xxx.xxxx.xx.xx/,0.0
www.longroadenergy.com,www.longroadenergy.com,1,1,22,www.longroadenergy.com,X,ADD,ROOT,xxx.xxxx.xxx,0.0
www.alexanderwang.com,www.alexanderwang.com,1,1,21,www.alexanderwang.com,X,ADD,ROOT,xxx.xxxx.xxx,0.0
www.mynectar.co/,www.mynectar.co/,1,1,16,www.mynectar.co/,X,ADD,ROOT,xxx.xxxx.xx/,0.0
www.ventrk.com,www.ventrk.com,1,1,14,www.ventrk.com,X,ADD,ROOT,xxx.xxxx.xxx,0.0
www.celanese.com,www.celanese.com,1,1,16,www.celanese.com,X,ADD,ROOT,xxx.xxxx.xxx,0.0
www.atomvie.com/,www.atomvie.com/,1,1,16,www.atomvie.com/,NOUN,NN,ROOT,xxx.xxxx.xxx/,0.0
moozoomapp.com/,moozoomapp.com/,1,1,15,moozoomapp.com/,NOUN,NNS,ROOT,xxxx.xxx/,0.0
sqin.co,sqin.co,1,1,7,sqin.co,X,ADD,ROOT,xxxx.xx,0.0
www.atlismotorvehicles.com,www.atlismotorvehicles.com,1,1,26,www.atlismotorvehicles.com,X,ADD,ROOT,xxx.xxxx.xxx,0.0
www.inspakt.com,www.inspakt.com,1,1,15,www.inspakt.com,NOUN,NN,ROOT,xxx.xxxx.xxx,0.0
www.bunch.capital,www.bunch.capital,1,1,17,www.bunch.capital,NOUN,NN,ROOT,xxx.xxxx.xxxx,0.0
hebbia.ai/,hebbia.ai/,1,1,10,hebbia.ai/,PROPN,NNP,ROOT,xxxx.xx/,0.0
www.luminari.ai/,www.luminari.ai/,1,1,16,www.luminari.ai/,VERB,VB,ROOT,xxx.xxxx.xx/,0.0
www.flowsecurity.com/,www.flowsecurity.com/,1,1,21,www.flowsecurity.com/,VERB,VB,ROOT,xxx.xxxx.xxx/,0.0
somethingwickedgames.com,somethingwickedgames.com,1,1,24,somethingwickedgames.com,X,ADD,ROOT,xxxx.xxx,0.0
www.smartmoving.com,www.smartmoving.com,1,1,19,www.smartmoving.com,X,ADD,ROOT,xxx.xxxx.xxx,0.0
www.qlmtec.com/contact/,www.qlmtec.com/contact/,1,1,23,www.qlmtec.com/contact/,NOUN,NNS,ROOT,xxx.xxxx.xxx/xxxx/,0.0
eng.sk-on.com/,eng.sk-on.com/,1,1,14,eng.sk-on.com/,VERB,VB,ROOT,xxx.xx-xx.xxx/,0.0
rayzebio.com/,rayzebio.com/,1,1,13,rayzebio.com/,X,FW,ROOT,xxxx.xxx/,0.0
www.yourpathway.com,www.yourpathway.com,1,1,19,www.yourpathway.com,X,ADD,ROOT,xxx.xxxx.xxx,0.0
www.solytic.com/,www.solytic.com/,1,1,16,www.solytic.com/,VERB,VB,ROOT,xxx.xxxx.xxx/,0.0
gbm.com,gbm.com,1,1,7,gbm.com,X,ADD,ROOT,xxx.xxx,0.0
www.levita.com,www.levita.com,1,1,14,www.levita.com,X,ADD,ROOT,xxx.xxxx.xxx,0.0
www.ndtv.com/,www.ndtv.com/,1,1,13,www.ndtv.com/,VERB,VB,ROOT,xxx.xxxx.xxx/,0.0
returnb2b.com/,returnb2b.com/,1,1,14,returnb2b.com/,PROPN,NNP,ROOT,xxxxdx.xxx/,0.0
equalum.io/,equalum.io/,1,1,11,equalum.io/,PROPN,NNP,ROOT,xxxx.xx/,0.0
www.freedombio.co/,www.freedombio.co/,1,1,18,www.freedombio.co/,NOUN,NNS,ROOT,xxx.xxxx.xx/,0.0
www.beaconpowerservices.com,www.beaconpowerservices.com,1,1,27,www.beaconpowerservices.com,X,ADD,ROOT,xxx.xxxx.xxx,0.0
saiddifferently.com/,saiddifferently.com/,1,1,20,saiddifferently.com/,X,FW,ROOT,xxxx.xxx/,0.0
saasalerts.com/,saasalerts.com/,1,1,15,saasalerts.com/,NOUN,NN,ROOT,xxxx.xxx/,0.0
sanguisai.com,sanguisai.com,1,1,13,sanguisai.com,X,ADD,ROOT,xxxx.xxx,0.0
www.vsnapu.com,www.vsnapu.com,1,1,14,www.vsnapu.com,X,ADD,ROOT,xxx.xxxx.xxx,0.0
kompliant.com,kompliant.com,1,1,13,kompliant.com,X,ADD,ROOT,xxxx.xxx,0.0
gymclassvr.com/,gymclassvr.com/,1,1,15,gymclassvr.com/,VERB,VB,ROOT,xxxx.xxx/,0.0
www.knabfinance.com,www.knabfinance.com,1,1,19,www.knabfinance.com,X,ADD,ROOT,xxx.xxxx.xxx,0.0
www.busymed.co.za/,www.busymed.co.za/,1,1,18,www.busymed.co.za/,X,FW,ROOT,xxx.xxxx.xx.xx/,0.0
www.tyreplex.com/,www.tyreplex.com/,1,1,17,www.tyreplex.com/,VERB,VB,ROOT,xxx.xxxx.xxx/,0.0
www.austinsoftware.com,www.austinsoftware.com,1,1,22,www.austinsoftware.com,X,ADD,ROOT,xxx.xxxx.xxx,0.0
www.palisadebio.com,www.palisadebio.com,1,1,19,www.palisadebio.com,X,ADD,ROOT,xxx.xxxx.xxx,0.0
qviro.com/,qviro.com/,1,1,10,qviro.com/,NUM,CD,ROOT,xxxx.xxx/,0.0
www.wisedrive.in/,www.wisedrive.in/,1,1,17,www.wisedrive.in/,NOUN,NN,ROOT,xxx.xxxx.xx/,0.0
www.datasnipper.com,www.datasnipper.com,1,1,19,www.datasnipper.com,NOUN,NN,ROOT,xxx.xxxx.xxx,0.0
www.nexeon.co.uk,www.nexeon.co.uk,1,1,16,www.nexeon.co.uk,NOUN,NN,ROOT,xxx.xxxx.xx.xx,0.0
www.barikat.com.tr,www.barikat.com.tr,1,1,18,www.barikat.com.tr,PROPN,NNP,ROOT,xxx.xxxx.xxx.xx,0.0
fullertonindia.com,fullertonindia.com,1,1,18,fullertonindia.com,X,ADD,ROOT,xxxx.xxx,0.0
www.computerreach.org,www.computerreach.org,1,1,21,www.computerreach.org,NOUN,NN,ROOT,xxx.xxxx.xxx,0.0
www.pathway-power.com/,www.pathway-power.com/,1,1,22,www.pathway-power.com/,PROPN,NNP,ROOT,xxx.xxxx-xxxx.xxx/,0.0
www.zerund.com/,www.zerund.com/,1,1,15,www.zerund.com/,PROPN,NNP,ROOT,xxx.xxxx.xxx/,0.0
www.holeygraildonuts.com/,www.holeygraildonuts.com/,1,1,25,www.holeygraildonuts.com/,NOUN,NN,ROOT,xxx.xxxx.xxx/,0.0
www.central-payments.com/,www.central-payments.com/,1,1,25,www.central-payments.com/,PROPN,NNP,ROOT,xxx.xxxx-xxxx.xxx/,0.0
www.denovodairy.com/,www.denovodairy.com/,1,1,20,www.denovodairy.com/,NOUN,NN,ROOT,xxx.xxxx.xxx/,0.0
www.oncopeptides.com,www.oncopeptides.com,1,1,20,www.oncopeptides.com,X,ADD,ROOT,xxx.xxxx.xxx,0.0
crystals.no,crystals.no,1,1,11,crystals.no,X,ADD,ROOT,xxxx.xx,0.0
www.wowmomo.com/,www.wowmomo.com/,1,1,16,www.wowmomo.com/,NOUN,NN,ROOT,xxx.xxxx.xxx/,0.0
www.greenlightbiosciences.com,www.greenlightbiosciences.com,1,1,29,www.greenlightbiosciences.com,X,ADD,ROOT,xxx.xxxx.xxx,0.0
razorclub.in,razorclub.in,1,1,12,razorclub.in,X,ADD,ROOT,xxxx.xx,0.0
www.maternamedical.com/,www.maternamedical.com/,1,1,23,www.maternamedical.com/,VERB,VB,ROOT,xxx.xxxx.xxx/,0.0
www.cogoapp.io/,www.cogoapp.io/,1,1,15,www.cogoapp.io/,NOUN,NN,ROOT,xxx.xxxx.xx/,0.0
www.ategrity.com/,www.ategrity.com/,1,1,17,www.ategrity.com/,NOUN,NN,ROOT,xxx.xxxx.xxx/,0.0
orangeev.com/,orangeev.com/,1,1,13,orangeev.com/,NOUN,NN,ROOT,xxxx.xxx/,0.0
www.properly.ca/,www.properly.ca/,1,1,16,www.properly.ca/,VERB,VB,ROOT,xxx.xxxx.xx/,0.0
www.gradyent.ai/,www.gradyent.ai/,1,1,16,www.gradyent.ai/,VERB,VB,ROOT,xxx.xxxx.xx/,0.0
www.aceiss.com/,www.aceiss.com/,1,1,15,www.aceiss.com/,VERB,VB,ROOT,xxx.xxxx.xxx/,0.0
roofr.com,roofr.com,1,1,9,roofr.com,X,ADD,ROOT,xxxx.xxx,0.0
soligenix.com,soligenix.com,1,1,13,soligenix.com,X,ADD,ROOT,xxxx.xxx,0.0
www.doinstruct.com/,www.doinstruct.com/,1,1,19,www.doinstruct.com/,NOUN,NN,ROOT,xxx.xxxx.xxx/,0.0
pennmedicine.org,pennmedicine.org,1,1,16,pennmedicine.org,X,ADD,ROOT,xxxx.xxx,0.0
www.nfinitenano.com/,www.nfinitenano.com/,1,1,20,www.nfinitenano.com/,NOUN,NN,ROOT,xxx.xxxx.xxx/,0.0
www.natron.energy/,www.natron.energy/,1,1,18,www.natron.energy/,NOUN,NN,ROOT,xxx.xxxx.xxxx/,0.0
www.enterlerouge.com/,www.enterlerouge.com/,1,1,21,www.enterlerouge.com/,NOUN,NN,ROOT,xxx.xxxx.xxx/,0.0
www.taaply.com/,www.taaply.com/,1,1,15,www.taaply.com/,VERB,VB,ROOT,xxx.xxxx.xxx/,0.0
www.lionize.ai,www.lionize.ai,1,1,14,www.lionize.ai,SPACE,_SP,ROOT,xxx.xxxx.xx,0.0
danai.id/,danai.id/,1,1,9,danai.id/,NOUN,NN,ROOT,xxxx.xx/,0.0
itmi.id/,itmi.id/,1,1,8,itmi.id/,ADP,IN,ROOT,xxxx.xx/,0.0
rewst.io/,rewst.io/,1,1,9,rewst.io/,PROPN,NNP,ROOT,xxxx.xx/,0.0
www.aquila-capital.de/sachwertanlagen/clean-energy,www.aquila-capital.de/sachwertanlagen/clean-energy,1,1,50,www.aquila-capital.de/sachwertanlagen/clean-energy,NOUN,NN,ROOT,xxx.xxxx-xxxx.xx/xxxx/xxxx-xxxx,0.0
www.nbc.ca/,www.nbc.ca/,1,1,11,www.nbc.ca/,PROPN,NNP,ROOT,xxx.xxx.xx/,0.0
equip.co/,equip.co/,1,1,9,equip.co/,NOUN,NNS,ROOT,xxxx.xx/,0.0
www.marqvision.com,www.marqvision.com,1,1,18,www.marqvision.com,X,ADD,ROOT,xxx.xxxx.xxx,0.0
www.benivo.com,www.benivo.com,1,1,14,www.benivo.com,X,ADD,ROOT,xxx.xxxx.xxx,0.0
joinperform.com,joinperform.com,1,1,15,joinperform.com,X,ADD,ROOT,xxxx.xxx,0.0
metamorphtech.com/,metamorphtech.com/,1,1,18,metamorphtech.com/,X,FW,ROOT,xxxx.xxx/,0.0
www.lumotive.com/,www.lumotive.com/,1,1,17,www.lumotive.com/,ADV,RB,ROOT,xxx.xxxx.xxx/,0.0
sea6energy.com/,sea6energy.com/,1,1,15,sea6energy.com/,NOUN,NN,ROOT,xxxdxxxx.xxx/,0.0
www.dove.it/,www.dove.it/,1,1,12,www.dove.it/,X,XX,ROOT,xxx.xxxx.xx/,0.0
avium.world,avium.world,1,1,11,avium.world,NOUN,NN,ROOT,xxxx.xxxx,0.0
thedamelios.com/,thedamelios.com/,1,1,16,thedamelios.com/,VERB,VB,ROOT,xxxx.xxx/,0.0
www.isotalent.com,www.isotalent.com,1,1,17,www.isotalent.com,X,ADD,ROOT,xxx.xxxx.xxx,0.0
mogenius.com,mogenius.com,1,1,12,mogenius.com,X,ADD,ROOT,xxxx.xxx,0.0
www.klaviyo.com,www.klaviyo.com,1,1,15,www.klaviyo.com,X,ADD,ROOT,xxx.xxxx.xxx,0.0
hysata.com/,hysata.com/,1,1,11,hysata.com/,PROPN,NNP,ROOT,xxxx.xxx/,0.0
reliancepower.co.in,reliancepower.co.in,1,1,19,reliancepower.co.in,NOUN,NN,ROOT,xxxx.xx.xx,0.0
oneof.com/,oneof.com/,1,1,10,oneof.com/,PROPN,NNP,ROOT,xxxx.xxx/,0.0
taroworks.org/about/,taroworks.org/about/,1,1,20,taroworks.org/about/,X,ADD,ROOT,xxxx.xxx/xxxx/,0.0
ethermail.io,ethermail.io,1,1,12,ethermail.io,X,ADD,ROOT,xxxx.xx,0.0
www.qeepsake.com,www.qeepsake.com,1,1,16,www.qeepsake.com,X,ADD,ROOT,xxx.xxxx.xxx,0.0
www.landeed.com/,www.landeed.com/,1,1,16,www.landeed.com/,PROPN,NNP,ROOT,xxx.xxxx.xxx/,0.0
www.plurall.com,www.plurall.com,1,1,15,www.plurall.com,X,ADD,ROOT,xxx.xxxx.xxx,0.0
www.getpenfold.com,www.getpenfold.com,1,1,18,www.getpenfold.com,X,ADD,ROOT,xxx.xxxx.xxx,0.0
www.annapurnasnacks.in/,www.annapurnasnacks.in/,1,1,23,www.annapurnasnacks.in/,ADV,RB,ROOT,xxx.xxxx.xx/,0.0
www.pacificgenetech.com/,www.pacificgenetech.com/,1,1,24,www.pacificgenetech.com/,PROPN,NNP,ROOT,xxx.xxxx.xxx/,0.0
www.withvero.com/,www.withvero.com/,1,1,17,www.withvero.com/,X,ADD,ROOT,xxx.xxxx.xxx/,0.0
www.regenacy.com,www.regenacy.com,1,1,16,www.regenacy.com,X,ADD,ROOT,xxx.xxxx.xxx,0.0
www.jombone.com,www.jombone.com,1,1,15,www.jombone.com,X,ADD,ROOT,xxx.xxxx.xxx,0.0
www.superbike8.de/,www.superbike8.de/,1,1,18,www.superbike8.de/,VERB,VB,ROOT,xxx.xxxxd.xx/,0.0
www.consensys.net,www.consensys.net,1,1,17,www.consensys.net,NOUN,NN,ROOT,xxx.xxxx.xxx,0.0
humbleandfume.com/,humbleandfume.com/,1,1,18,humbleandfume.com/,PROPN,NNP,ROOT,xxxx.xxx/,0.0
cupixel.com,cupixel.com,1,1,11,cupixel.com,X,ADD,ROOT,xxxx.xxx,0.0
www.ottonomy.io/,www.ottonomy.io/,1,1,16,www.ottonomy.io/,NOUN,NN,ROOT,xxx.xxxx.xx/,0.0
www.mural.xyz,www.mural.xyz,1,1,13,www.mural.xyz,NOUN,NN,ROOT,xxx.xxxx.xxx,0.0
draftea.com/,draftea.com/,1,1,12,draftea.com/,X,FW,ROOT,xxxx.xxx/,0.0
finaccess.co/,finaccess.co/,1,1,13,finaccess.co/,NOUN,NNS,ROOT,xxxx.xx/,0.0
puresport.co/,puresport.co/,1,1,13,puresport.co/,NOUN,NNS,ROOT,xxxx.xx/,0.0
autify.network/,autify.network/,1,1,15,autify.network/,X,ADD,ROOT,xxxx.xxxx/,0.0
www.condense.live/,www.condense.live/,1,1,18,www.condense.live/,NOUN,NN,ROOT,xxx.xxxx.xxxx/,0.0
facellitate.com,facellitate.com,1,1,15,facellitate.com,X,ADD,ROOT,xxxx.xxx,0.0
quivr.com,quivr.com,1,1,9,quivr.com,X,ADD,ROOT,xxxx.xxx,0.0
www.crunchbase.com/,www.crunchbase.com/,1,1,19,www.crunchbase.com/,VERB,VB,ROOT,xxx.xxxx.xxx/,0.0
www.yostra.com/,www.yostra.com/,1,1,15,www.yostra.com/,NOUN,NN,ROOT,xxx.xxxx.xxx/,0.0
www.hadatap.pl,www.hadatap.pl,1,1,14,www.hadatap.pl,SPACE,_SP,ROOT,xxx.xxxx.xx,0.0
www.3atlana.com/,www.3atlana.com/,1,1,16,www.3atlana.com/,PROPN,NNP,ROOT,xxx.dxxxx.xxx/,0.0
gsts.ca/,gsts.ca/,1,1,8,gsts.ca/,VERB,VB,ROOT,xxxx.xx/,0.0
www.lleaf.com.au/,www.lleaf.com.au/,1,1,17,www.lleaf.com.au/,VERB,VB,ROOT,xxx.xxxx.xxx.xx/,0.0
www.modusbox.com/,www.modusbox.com/,1,1,17,www.modusbox.com/,ADJ,JJ,ROOT,xxx.xxxx.xxx/,0.0
www.ridecircuit.com,www.ridecircuit.com,1,1,19,www.ridecircuit.com,X,ADD,ROOT,xxx.xxxx.xxx,0.0
www.kitchenunited.com,www.kitchenunited.com,1,1,21,www.kitchenunited.com,X,ADD,ROOT,xxx.xxxx.xxx,0.0
www.stradvision.com,www.stradvision.com,1,1,19,www.stradvision.com,NOUN,NN,ROOT,xxx.xxxx.xxx,0.0
www.beeline.co,www.beeline.co,1,1,14,www.beeline.co,SPACE,_SP,ROOT,xxx.xxxx.xx,0.0
uptima.com,uptima.com,1,1,10,uptima.com,X,ADD,ROOT,xxxx.xxx,0.0
cincor.com,cincor.com,1,1,10,cincor.com,X,ADD,ROOT,xxxx.xxx,0.0
