Text,Token,Count,Freq,Length,Lemma,PoS,Tag,Dep,Shape,Sentiment
www.ycombinator.com,www.ycombinator.com,1,1,19,www.ycombinator.com,X,ADD,ROOT,xxx.xxxx.xxx,0.0
ec.europa.eu/easme/en,ec.europa.eu/easme/en,1,1,21,ec.europa.eu/easme/en,X,ADD,ROOT,xx.xxxx.xx/xxxx/xx,0.0
www.nsf.gov/,www.nsf.gov/,1,1,12,www.nsf.gov/,NOUN,NN,ROOT,xxx.xxx.xxx/,0.0
www.techstars.com,www.techstars.com,1,1,17,www.techstars.com,X,ADD,ROOT,xxx.xxxx.xxx,0.0
masschallenge.org/,masschallenge.org/,1,1,18,masschallenge.org/,NOUN,NN,ROOT,xxxx.xxx/,0.0
500.co,500.co,1,1,6,500.co,NUM,CD,ROOT,ddd.xx,0.0
sosv.com/,sosv.com/,1,1,9,sosv.com/,PROPN,NNP,ROOT,xxxx.xxx/,0.0
www.nea.com,www.nea.com,1,1,11,www.nea.com,NOUN,NN,ROOT,xxx.xxx.xxx,0.0
www.accel.com,www.accel.com,1,1,13,www.accel.com,X,ADD,ROOT,xxx.xxxx.xxx,0.0
www.sequoiacap.com,www.sequoiacap.com,1,1,18,www.sequoiacap.com,X,ADD,ROOT,xxx.xxxx.xxx,0.0
www.bossainvest.com/,www.bossainvest.com/,1,1,20,www.bossainvest.com/,NOUN,NN,ROOT,xxx.xxxx.xxx/,0.0
www.intelcapital.com/,www.intelcapital.com/,1,1,21,www.intelcapital.com/,NOUN,NN,ROOT,xxx.xxxx.xxx/,0.0
www.plugandplaytechcenter.com/,www.plugandplaytechcenter.com/,1,1,30,www.plugandplaytechcenter.com/,NOUN,NN,ROOT,xxx.xxxx.xxx/,0.0
en.idgcapital.com/,en.idgcapital.com/,1,1,18,en.idgcapital.com/,PROPN,NNP,ROOT,xx.xxxx.xxx/,0.0
www.kleinerperkins.com/,www.kleinerperkins.com/,1,1,23,www.kleinerperkins.com/,VERB,VB,ROOT,xxx.xxxx.xxx/,0.0
www.svangel.com,www.svangel.com,1,1,15,www.svangel.com,X,ADD,ROOT,xxx.xxxx.xxx,0.0
www.a16z.com,www.a16z.com,1,1,12,www.a16z.com,PROPN,NNP,ROOT,xxx.xddx.xxx,0.0
www.venturekick.ch,www.venturekick.ch,1,1,18,www.venturekick.ch,SPACE,_SP,ROOT,xxx.xxxx.xx,0.0
www.bvp.com,www.bvp.com,1,1,11,www.bvp.com,SPACE,_SP,ROOT,xxx.xxx.xxx,0.0
www.av.vc,www.av.vc,1,1,9,www.av.vc,VERB,VB,ROOT,xxx.xx.xx,0.0
rightsidecapital.com/,rightsidecapital.com/,1,1,21,rightsidecapital.com/,PROPN,NNP,ROOT,xxxx.xxx/,0.0
www.wayra.com/,www.wayra.com/,1,1,14,www.wayra.com/,VERB,VB,ROOT,xxx.xxxx.xxx/,0.0
lsvp.com,lsvp.com,1,1,8,lsvp.com,X,ADD,ROOT,xxxx.xxx,0.0
www.advantagecap.com/,www.advantagecap.com/,1,1,21,www.advantagecap.com/,PROPN,NNP,ROOT,xxx.xxxx.xxx/,0.0
www.generalcatalyst.com,www.generalcatalyst.com,1,1,23,www.generalcatalyst.com,X,ADD,ROOT,xxx.xxxx.xxx,0.0
tigerglobal.com,tigerglobal.com,1,1,15,tigerglobal.com,X,ADD,ROOT,xxxx.xxx,0.0
www.indexventures.com,www.indexventures.com,1,1,21,www.indexventures.com,X,ADD,ROOT,xxx.xxxx.xxx,0.0
www.khoslaventures.com,www.khoslaventures.com,1,1,22,www.khoslaventures.com,X,ADD,ROOT,xxx.xxxx.xxx,0.0
www.nyserda.ny.gov/,www.nyserda.ny.gov/,1,1,19,www.nyserda.ny.gov/,NOUN,NN,ROOT,xxx.xxxx.xx.xxx/,0.0
www.gv.com,www.gv.com,1,1,10,www.gv.com,PROPN,NNP,ROOT,xxx.xx.xxx,0.0
www.insightpartners.com,www.insightpartners.com,1,1,23,www.insightpartners.com,X,ADD,ROOT,xxx.xxxx.xxx,0.0
www.sequoiacap.com/china/en/,www.sequoiacap.com/china/en/,1,1,28,www.sequoiacap.com/china/en/,PUNCT,.,ROOT,xxx.xxxx.xxx/xxxx/xx/,0.0
www.goldmansachs.com/,www.goldmansachs.com/,1,1,21,www.goldmansachs.com/,NOUN,NN,ROOT,xxx.xxxx.xxx/,0.0
startupchile.org,startupchile.org,1,1,16,startupchile.org,X,ADD,ROOT,xxxx.xxx,0.0
bpifrance.fr,bpifrance.fr,1,1,12,bpifrance.fr,X,ADD,ROOT,xxxx.xx,0.0
threshold.vc,threshold.vc,1,1,12,threshold.vc,X,ADD,ROOT,xxxx.xx,0.0
www.globalfounderscapital.com,www.globalfounderscapital.com,1,1,29,www.globalfounderscapital.com,X,ADD,ROOT,xxx.xxxx.xxx,0.0
www.firstround.com,www.firstround.com,1,1,18,www.firstround.com,X,ADD,ROOT,xxx.xxxx.xxx,0.0
www.ggvc.com,www.ggvc.com,1,1,12,www.ggvc.com,X,ADD,ROOT,xxx.xxxx.xxx,0.0
www.nvp.com,www.nvp.com,1,1,11,www.nvp.com,X,XX,ROOT,xxx.xxx.xxx,0.0
www.greylock.com,www.greylock.com,1,1,16,www.greylock.com,X,ADD,ROOT,xxx.xxxx.xxx,0.0
www.battery.com,www.battery.com,1,1,15,www.battery.com,X,ADD,ROOT,xxx.xxxx.xxx,0.0
www.svb.com/,www.svb.com/,1,1,12,www.svb.com/,NOUN,NNS,ROOT,xxx.xxx.xxx/,0.0
www.foundersfund.com,www.foundersfund.com,1,1,20,www.foundersfund.com,X,ADD,ROOT,xxx.xxxx.xxx,0.0
www.qimingvc.com,www.qimingvc.com,1,1,16,www.qimingvc.com,X,ADD,ROOT,xxx.xxxx.xxx,0.0
www.venrock.com,www.venrock.com,1,1,15,www.venrock.com,X,ADD,ROOT,xxx.xxxx.xxx,0.0
www.zhenfund.com,www.zhenfund.com,1,1,16,www.zhenfund.com,X,ADD,ROOT,xxx.xxxx.xxx,0.0
www.htgf.de/en/,www.htgf.de/en/,1,1,15,www.htgf.de/en/,X,ADD,ROOT,xxx.xxxx.xx/xx/,0.0
hiventures.hu/hu,hiventures.hu/hu,1,1,16,hiventures.hu/hu,PROPN,NNP,ROOT,xxxx.xx/xx,0.0
www.creativedestructionlab.com/,www.creativedestructionlab.com/,1,1,31,www.creativedestructionlab.com/,NUM,CD,ROOT,xxx.xxxx.xxx/,0.0
greycroft.com,greycroft.com,1,1,13,greycroft.com,X,ADD,ROOT,xxxx.xxx,0.0
www.canaan.com,www.canaan.com,1,1,14,www.canaan.com,X,ADD,ROOT,xxx.xxxx.xxx,0.0
www.menlovc.com,www.menlovc.com,1,1,15,www.menlovc.com,X,ADD,ROOT,xxx.xxxx.xxx,0.0
www.sandhillangels.com,www.sandhillangels.com,1,1,22,www.sandhillangels.com,X,ADD,ROOT,xxx.xxxx.xxx,0.0
www.tencent.com/en-us,www.tencent.com/en-us,1,1,21,www.tencent.com/en-us,INTJ,UH,ROOT,xxx.xxxx.xxx/xx-xx,0.0
redpoint.com,redpoint.com,1,1,12,redpoint.com,X,ADD,ROOT,xxxx.xxx,0.0
www.crowdcube.com/,www.crowdcube.com/,1,1,18,www.crowdcube.com/,PROPN,NNP,ROOT,xxx.xxxx.xxx/,0.0
www.mainetechnology.org,www.mainetechnology.org,1,1,23,www.mainetechnology.org,NOUN,NN,ROOT,xxx.xxxx.xxx,0.0
en.rannis.is/funding/research/technology-develo...,en.rannis.is/funding/research/technology-develo,1,1,47,en.rannis.is/funding/research/technology-develo,PROPN,NNP,ROOT,xx.xxxx.xx/xxxx/xxxx/xxxx-xxxx,0.0
en.rannis.is/funding/research/technology-develo...,...,1,1,3,...,PUNCT,:,punct,...,0.0
enterprise-ireland.com,enterprise-ireland.com,1,1,22,enterprise-ireland.com,X,ADD,ROOT,xxxx-xxxx.xxx,0.0
foundationcapital.com,foundationcapital.com,1,1,21,foundationcapital.com,X,ADD,ROOT,xxxx.xxx,0.0
www.salesforceventures.com,www.salesforceventures.com,1,1,26,www.salesforceventures.com,X,ADD,ROOT,xxx.xxxx.xxx,0.0
www.matrixpartners.com.cn/,www.matrixpartners.com.cn/,1,1,26,www.matrixpartners.com.cn/,VERB,VBZ,ROOT,xxx.xxxx.xxx.xx/,0.0
polarispartners.com,polarispartners.com,1,1,19,polarispartners.com,X,ADD,ROOT,xxxx.xxx,0.0
www.benchmark.com,www.benchmark.com,1,1,17,www.benchmark.com,NUM,CD,ROOT,xxx.xxxx.xxx,0.0
www.kimaventures.com,www.kimaventures.com,1,1,20,www.kimaventures.com,X,ADD,ROOT,xxx.xxxx.xxx,0.0
www.crv.com,www.crv.com,1,1,11,www.crv.com,PROPN,NNP,ROOT,xxx.xxx.xxx,0.0
www.fjlabs.com,www.fjlabs.com,1,1,14,www.fjlabs.com,X,ADD,ROOT,xxx.xxxx.xxx,0.0
www.trueventures.com,www.trueventures.com,1,1,20,www.trueventures.com,X,ADD,ROOT,xxx.xxxx.xxx,0.0
www.matrixpartners.com,www.matrixpartners.com,1,1,22,www.matrixpartners.com,X,ADD,ROOT,xxx.xxxx.xxx,0.0
www.mayfield.com,www.mayfield.com,1,1,16,www.mayfield.com,X,ADD,ROOT,xxx.xxxx.xxx,0.0
www.nih.gov,www.nih.gov,1,1,11,www.nih.gov,NOUN,NN,ROOT,xxx.xxx.xxx,0.0
www.dcm.com,www.dcm.com,1,1,11,www.dcm.com,X,ADD,ROOT,xxx.xxx.xxx,0.0
www.lererhippeau.com,www.lererhippeau.com,1,1,20,www.lererhippeau.com,X,ADD,ROOT,xxx.xxxx.xxx,0.0
www.sequoiacap.com/india,www.sequoiacap.com/india,1,1,24,www.sequoiacap.com/india,NUM,CD,ROOT,xxx.xxxx.xxx/xxxx,0.0
brandcapital.co.in/,brandcapital.co.in/,1,1,19,brandcapital.co.in/,NOUN,NN,ROOT,xxxx.xx.xx/,0.0
www.rre.com/,www.rre.com/,1,1,12,www.rre.com/,NOUN,NN,ROOT,xxx.xxx.xxx/,0.0
baincapitalventures.com,baincapitalventures.com,1,1,23,baincapitalventures.com,X,ADD,ROOT,xxxx.xxx,0.0
www.techcoastangels.com,www.techcoastangels.com,1,1,23,www.techcoastangels.com,X,ADD,ROOT,xxx.xxxx.xxx,0.0
www.boxgroup.com,www.boxgroup.com,1,1,16,www.boxgroup.com,X,ADD,ROOT,xxx.xxxx.xxx,0.0
atlasventure.com,atlasventure.com,1,1,16,atlasventure.com,X,ADD,ROOT,xxxx.xxx,0.0
www.innovateuk.gov.uk,www.innovateuk.gov.uk,1,1,21,www.innovateuk.gov.uk,VERB,VBN,ROOT,xxx.xxxx.xxx.xx,0.0
www.orbimed.com,www.orbimed.com,1,1,15,www.orbimed.com,X,ADD,ROOT,xxx.xxxx.xxx,0.0
www.alchemistaccelerator.com,www.alchemistaccelerator.com,1,1,28,www.alchemistaccelerator.com,X,ADD,ROOT,xxx.xxxx.xxx,0.0
www.felicis.com,www.felicis.com,1,1,15,www.felicis.com,X,ADD,ROOT,xxx.xxxx.xxx,0.0
www.innovationworks.org,www.innovationworks.org,1,1,23,www.innovationworks.org,NOUN,NN,ROOT,xxx.xxxx.xxx,0.0
usvp.com,usvp.com,1,1,8,usvp.com,X,ADD,ROOT,xxxx.xxx,0.0
www.gaingels.com,www.gaingels.com,1,1,16,www.gaingels.com,X,ADD,ROOT,xxx.xxxx.xxx,0.0
www.startupbootcamp.org,www.startupbootcamp.org,1,1,23,www.startupbootcamp.org,NUM,CD,ROOT,xxx.xxxx.xxx,0.0
east.vc,east.vc,1,1,7,east.vc,X,ADD,ROOT,xxxx.xx,0.0
slow-prod.herokuapp.com,slow-prod.herokuapp.com,1,1,23,slow-prod.herokuapp.com,PROPN,NNP,ROOT,xxxx-xxxx.xxxx.xxx,0.0
www.sparkcapital.com,www.sparkcapital.com,1,1,20,www.sparkcapital.com,X,ADD,ROOT,xxx.xxxx.xxx,0.0
www.gbetastartups.com/,www.gbetastartups.com/,1,1,22,www.gbetastartups.com/,PROPN,NNP,ROOT,xxx.xxxx.xxx/,0.0
www.bdc.ca/en/bdc-capital/venture-capital/pages...,www.bdc.ca/en/bdc-capital/venture-capital/pages,1,1,47,www.bdc.ca/en/bdc-capital/venture-capital/page,NOUN,NNS,ROOT,xxx.xxx.xx/xx/xxx-xxxx/xxxx-xxxx/xxxx,0.0
www.bdc.ca/en/bdc-capital/venture-capital/pages...,...,1,1,3,...,PUNCT,:,punct,...,0.0
www.northstarventures.co.uk,www.northstarventures.co.uk,1,1,27,www.northstarventures.co.uk,VERB,VB,ROOT,xxx.xxxx.xx.xx,0.0
fundersclub.com,fundersclub.com,1,1,15,fundersclub.com,X,ADD,ROOT,xxxx.xxx,0.0
www.hax.co,www.hax.co,1,1,10,www.hax.co,VERB,VB,ROOT,xxx.xxx.xx,0.0
www.seedcamp.com,www.seedcamp.com,1,1,16,www.seedcamp.com,X,ADD,ROOT,xxx.xxxx.xxx,0.0
www.szvc.com.cn/,www.szvc.com.cn/,1,1,16,www.szvc.com.cn/,NOUN,NNS,ROOT,xxx.xxxx.xxx.xx/,0.0
wavemaker.vc,wavemaker.vc,1,1,12,wavemaker.vc,NUM,CD,ROOT,xxxx.xx,0.0
partechpartners.com,partechpartners.com,1,1,19,partechpartners.com,X,ADD,ROOT,xxxx.xxx,0.0
www.hcp.com,www.hcp.com,1,1,11,www.hcp.com,X,ADD,ROOT,xxx.xxx.xxx,0.0
www.initialized.com,www.initialized.com,1,1,19,www.initialized.com,X,ADD,ROOT,xxx.xxxx.xxx,0.0
eightroads.com/en/,eightroads.com/en/,1,1,18,eightroads.com/en/,PROPN,NNP,ROOT,xxxx.xxx/xx/,0.0
antler.co/,antler.co/,1,1,10,antler.co/,ADJ,JJ,ROOT,xxxx.xx/,0.0
www.qualcommventures.com,www.qualcommventures.com,1,1,24,www.qualcommventures.com,X,ADD,ROOT,xxx.xxxx.xxx,0.0
globalbrains.com,globalbrains.com,1,1,16,globalbrains.com,X,ADD,ROOT,xxxx.xxx,0.0
www.temasek.com.sg,www.temasek.com.sg,1,1,18,www.temasek.com.sg,NOUN,NN,ROOT,xxx.xxxx.xxx.xx,0.0
www.3i.com,www.3i.com,1,1,10,www.3i.com,PROPN,NNP,ROOT,xxx.dx.xxx,0.0
www.trinityventures.com,www.trinityventures.com,1,1,23,www.trinityventures.com,X,ADD,ROOT,xxx.xxxx.xxx,0.0
skydeck.berkeley.edu/,skydeck.berkeley.edu/,1,1,21,skydeck.berkeley.edu/,NUM,CD,ROOT,xxxx.xxxx.xxx/,0.0
Madrona.com,Madrona.com,1,1,11,Madrona.com,PROPN,NNP,ROOT,Xxxxx.xxx,0.0
foundercollective.com,foundercollective.com,1,1,21,foundercollective.com,X,ADD,ROOT,xxxx.xxx,0.0
www.vertexventures.com,www.vertexventures.com,1,1,22,www.vertexventures.com,X,ADD,ROOT,xxx.xxxx.xxx,0.0
www.dcvc.com,www.dcvc.com,1,1,12,www.dcvc.com,X,ADD,ROOT,xxx.xxxx.xxx,0.0
www.smbc-vc.co.jp,www.smbc-vc.co.jp,1,1,17,www.smbc-vc.co.jp,NOUN,NNS,ROOT,xxx.xxxx-xx.xx.xx,0.0
www.iidf.ru,www.iidf.ru,1,1,11,www.iidf.ru,SPACE,_SP,ROOT,xxx.xxxx.xx,0.0
www.mucap.co.jp,www.mucap.co.jp,1,1,15,www.mucap.co.jp,ADV,RB,ROOT,xxx.xxxx.xx.xx,0.0
www.warburgpincus.com,www.warburgpincus.com,1,1,21,www.warburgpincus.com,X,ADD,ROOT,xxx.xxxx.xxx,0.0
www.greatoaksvc.com,www.greatoaksvc.com,1,1,19,www.greatoaksvc.com,X,ADD,ROOT,xxx.xxxx.xxx,0.0
launch.co,launch.co,1,1,9,launch.co,NUM,CD,ROOT,xxxx.xx,0.0
www.crosslinkcapital.com,www.crosslinkcapital.com,1,1,24,www.crosslinkcapital.com,X,ADD,ROOT,xxx.xxxx.xxx,0.0
socialstarts.com,socialstarts.com,1,1,16,socialstarts.com,X,ADD,ROOT,xxxx.xxx,0.0
shunwei.com,shunwei.com,1,1,11,shunwei.com,X,ADD,ROOT,xxxx.xxx,0.0
www.oc-innovation.ca,www.oc-innovation.ca,1,1,20,www.oc-innovation.ca,VERB,VB,ROOT,xxx.xx-xxxx.xx,0.0
www.archventure.com,www.archventure.com,1,1,19,www.archventure.com,X,ADD,ROOT,xxx.xxxx.xxx,0.0
acecap.com/,acecap.com/,1,1,11,acecap.com/,PROPN,NNP,ROOT,xxxx.xxx/,0.0
www.interwest.com,www.interwest.com,1,1,17,www.interwest.com,X,ADD,ROOT,xxx.xxxx.xxx,0.0
headline.com,headline.com,1,1,12,headline.com,X,ADD,ROOT,xxxx.xxx,0.0
www.socialcapital.com,www.socialcapital.com,1,1,21,www.socialcapital.com,X,ADD,ROOT,xxx.xxxx.xxx,0.0
www.summitpartners.com,www.summitpartners.com,1,1,22,www.summitpartners.com,X,ADD,ROOT,xxx.xxxx.xxx,0.0
www.northbridge.com/,www.northbridge.com/,1,1,20,www.northbridge.com/,NOUN,NN,ROOT,xxx.xxxx.xxx/,0.0
www.idinvest.com,www.idinvest.com,1,1,16,www.idinvest.com,X,ADD,ROOT,xxx.xxxx.xxx,0.0
www.luxcapital.com,www.luxcapital.com,1,1,18,www.luxcapital.com,X,ADD,ROOT,xxx.xxxx.xxx,0.0
www.hillhousecap.com,www.hillhousecap.com,1,1,20,www.hillhousecap.com,X,ADD,ROOT,xxx.xxxx.xxx,0.0
visionfund.com,visionfund.com,1,1,14,visionfund.com,X,ADD,ROOT,xxxx.xxx,0.0
shasta.vc,shasta.vc,1,1,9,shasta.vc,NOUN,NN,ROOT,xxxx.xx,0.0
www.generalatlantic.com,www.generalatlantic.com,1,1,23,www.generalatlantic.com,X,ADD,ROOT,xxx.xxxx.xxx,0.0
pitchatpalace.com/,pitchatpalace.com/,1,1,18,pitchatpalace.com/,NOUN,NN,ROOT,xxxx.xxx/,0.0
oakinv.com,oakinv.com,1,1,10,oakinv.com,X,ADD,ROOT,xxxx.xxx,0.0
www.nlvc.com,www.nlvc.com,1,1,12,www.nlvc.com,X,ADD,ROOT,xxx.xxxx.xxx,0.0
www.usv.com,www.usv.com,1,1,11,www.usv.com,X,ADD,ROOT,xxx.xxx.xxx,0.0
www.legendcapital.com.cn,www.legendcapital.com.cn,1,1,24,www.legendcapital.com.cn,NOUN,NN,ROOT,xxx.xxxx.xxx.xx,0.0
www.newchip.com,www.newchip.com,1,1,15,www.newchip.com,X,ADD,ROOT,xxx.xxxx.xxx,0.0
www.tcv.com,www.tcv.com,1,1,11,www.tcv.com,X,ADD,ROOT,xxx.xxx.xxx,0.0
www.flybridge.com,www.flybridge.com,1,1,17,www.flybridge.com,X,ADD,ROOT,xxx.xxxx.xxx,0.0
www.austinventures.com,www.austinventures.com,1,1,22,www.austinventures.com,X,ADD,ROOT,xxx.xxxx.xxx,0.0
www.uncorkcapital.com,www.uncorkcapital.com,1,1,21,www.uncorkcapital.com,X,ADD,ROOT,xxx.xxxx.xxx,0.0
upfront.com,upfront.com,1,1,11,upfront.com,X,ADD,ROOT,xxxx.xxx,0.0
www.sfccapital.com/,www.sfccapital.com/,1,1,19,www.sfccapital.com/,VERB,VB,ROOT,xxx.xxxx.xxx/,0.0
www.hvcapital.com,www.hvcapital.com,1,1,17,www.hvcapital.com,X,ADD,ROOT,xxx.xxxx.xxx,0.0
www.startupwiseguys.com,www.startupwiseguys.com,1,1,23,www.startupwiseguys.com,X,ADD,ROOT,xxx.xxxx.xxx,0.0
www.sierraventures.com,www.sierraventures.com,1,1,22,www.sierraventures.com,NOUN,NN,ROOT,xxx.xxxx.xxx,0.0
www.almi.se/Almi-Invest/,www.almi.se/Almi-Invest/,1,1,24,www.almi.se/almi-invest/,ADV,RB,ROOT,xxx.xxxx.xx/Xxxx-Xxxxx/,0.0
www.bgf.co.uk,www.bgf.co.uk,1,1,13,www.bgf.co.uk,VERB,VB,ROOT,xxx.xxx.xx.xx,0.0
www.dreamit.com,www.dreamit.com,1,1,15,www.dreamit.com,X,ADD,ROOT,xxx.xxxx.xxx,0.0
www.westerntech.com,www.westerntech.com,1,1,19,www.westerntech.com,X,ADD,ROOT,xxx.xxxx.xxx,0.0
www.balderton.com,www.balderton.com,1,1,17,www.balderton.com,X,ADD,ROOT,xxx.xxxx.xxx,0.0
www.sbaif.com,www.sbaif.com,1,1,13,www.sbaif.com,X,ADD,ROOT,xxx.xxxx.xxx,0.0
techstars.com/ventures,techstars.com/ventures,1,1,22,techstars.com/ventures,X,ADD,ROOT,xxxx.xxx/xxxx,0.0
www.mizuho-vc.co.jp,www.mizuho-vc.co.jp,1,1,19,www.mizuho-vc.co.jp,NUM,CD,ROOT,xxx.xxxx-xx.xx.xx,0.0
www.fprimecapital.com,www.fprimecapital.com,1,1,21,www.fprimecapital.com,X,ADD,ROOT,xxx.xxxx.xxx,0.0
www.indiebio.co,www.indiebio.co,1,1,15,www.indiebio.co,SPACE,_SP,ROOT,xxx.xxxx.xx,0.0
www.somacap.com,www.somacap.com,1,1,15,www.somacap.com,X,ADD,ROOT,xxx.xxxx.xxx,0.0
www.8vc.com,www.8vc.com,1,1,11,www.8vc.com,NOUN,NNS,ROOT,xxx.dxx.xxx,0.0
coatue.com,coatue.com,1,1,10,coatue.com,X,ADD,ROOT,xxxx.xxx,0.0
www.gsrventures.com/,www.gsrventures.com/,1,1,20,www.gsrventures.com/,X,ADD,ROOT,xxx.xxxx.xxx/,0.0
www.ivp.com/,www.ivp.com/,1,1,12,www.ivp.com/,NOUN,NN,ROOT,xxx.xxx.xxx/,0.0
www.ifc.org,www.ifc.org,1,1,11,www.ifc.org,X,XX,ROOT,xxx.xxx.xxx,0.0
speedinvest.com,speedinvest.com,1,1,15,speedinvest.com,X,ADD,ROOT,xxxx.xxx,0.0
www.floodgate.com,www.floodgate.com,1,1,17,www.floodgate.com,X,ADD,ROOT,xxx.xxxx.xxx,0.0
www.agoranov.com/,www.agoranov.com/,1,1,17,www.agoranov.com/,VERB,VB,ROOT,xxx.xxxx.xxx/,0.0
www.comcastventures.com,www.comcastventures.com,1,1,23,www.comcastventures.com,X,ADD,ROOT,xxx.xxxx.xxx,0.0
www.joinef.com,www.joinef.com,1,1,14,www.joinef.com,PRON,PRP,ROOT,xxx.xxxx.xxx,0.0
www.versantventures.com/,www.versantventures.com/,1,1,24,www.versantventures.com/,NOUN,NN,ROOT,xxx.xxxx.xxx/,0.0
www.parequity.com,www.parequity.com,1,1,17,www.parequity.com,X,ADD,ROOT,xxx.xxxx.xxx,0.0
www.scottish-enterprise.com/our-organisation/ab...,www.scottish-enterprise.com/our-organisation/ab,1,1,47,www.scottish-enterprise.com/our-organisation/ab,PROPN,NNP,ROOT,xxx.xxxx-xxxx.xxx/xxx-xxxx/xx,0.0
www.scottish-enterprise.com/our-organisation/ab...,...,1,1,3,...,PUNCT,.,punct,...,0.0
www.morgenthaler.com,www.morgenthaler.com,1,1,20,www.morgenthaler.com,X,ADD,ROOT,xxx.xxxx.xxx,0.0
www.localglobe.vc,www.localglobe.vc,1,1,17,www.localglobe.vc,SPACE,_SP,ROOT,xxx.xxxx.xx,0.0
www.ffvc.com,www.ffvc.com,1,1,12,www.ffvc.com,PRON,DT,ROOT,xxx.xxxx.xxx,0.0
www.sigmapartners.com,www.sigmapartners.com,1,1,21,www.sigmapartners.com,X,ADD,ROOT,xxx.xxxx.xxx,0.0
foundry.vc/,foundry.vc/,1,1,11,foundry.vc/,NOUN,NN,ROOT,xxxx.xx/,0.0
www.startuphealth.com,www.startuphealth.com,1,1,21,www.startuphealth.com,X,ADD,ROOT,xxx.xxxx.xxx,0.0
ceed.ca/,ceed.ca/,1,1,8,ceed.ca/,NOUN,NN,ROOT,xxxx.xx/,0.0
www.firstmarkcap.com,www.firstmarkcap.com,1,1,20,www.firstmarkcap.com,X,ADD,ROOT,xxx.xxxx.xxx,0.0
www.omidyar.com,www.omidyar.com,1,1,15,www.omidyar.com,X,ADD,ROOT,xxx.xxxx.xxx,0.0
www.pitango.com,www.pitango.com,1,1,15,www.pitango.com,X,ADD,ROOT,xxx.xxxx.xxx,0.0
www.octopusventures.com,www.octopusventures.com,1,1,23,www.octopusventures.com,X,ADD,ROOT,xxx.xxxx.xxx,0.0
www.draper.vc,www.draper.vc,1,1,13,www.draper.vc,SPACE,_SP,ROOT,xxx.xxxx.xx,0.0
startx.com/,startx.com/,1,1,11,startx.com/,PROPN,NNP,ROOT,xxxx.xxx/,0.0
correlationvc.com,correlationvc.com,1,1,17,correlationvc.com,X,ADD,ROOT,xxxx.xxx,0.0
accomplice.co,accomplice.co,1,1,13,accomplice.co,X,LS,ROOT,xxxx.xx,0.0
www.altair.vc,www.altair.vc,1,1,13,www.altair.vc,SPACE,_SP,ROOT,xxx.xxxx.xx,0.0
eranyc.com,eranyc.com,1,1,10,eranyc.com,X,ADD,ROOT,xxxx.xxx,0.0
www.sinovationventures.com/,www.sinovationventures.com/,1,1,27,www.sinovationventures.com/,NOUN,NN,ROOT,xxx.xxxx.xxx/,0.0
www.forumvc.com/,www.forumvc.com/,1,1,16,www.forumvc.com/,X,ADD,ROOT,xxx.xxxx.xxx/,0.0
www.sapphireventures.com,www.sapphireventures.com,1,1,24,www.sapphireventures.com,X,ADD,ROOT,xxx.xxxx.xxx,0.0
liquid2.vc/,liquid2.vc/,1,1,11,liquid2.vc/,ADJ,JJR,ROOT,xxxxd.xx/,0.0
www.sig-china.com/index.php,www.sig-china.com/index.php,1,1,27,www.sig-china.com/index.php,VERB,VB,ROOT,xxx.xxx-xxxx.xxx/xxxx.xxx,0.0
www.lightercapital.com,www.lightercapital.com,1,1,22,www.lightercapital.com,X,ADD,ROOT,xxx.xxxx.xxx,0.0
www.meritechcapital.com,www.meritechcapital.com,1,1,23,www.meritechcapital.com,X,ADD,ROOT,xxx.xxxx.xxx,0.0
www.nextcanada.com/,www.nextcanada.com/,1,1,19,www.nextcanada.com/,VERB,VB,ROOT,xxx.xxxx.xxx/,0.0
www.nexusvp.com,www.nexusvp.com,1,1,15,www.nexusvp.com,X,ADD,ROOT,xxx.xxxx.xxx,0.0
www.nfx.com,www.nfx.com,1,1,11,www.nfx.com,X,ADD,ROOT,xxx.xxx.xxx,0.0
www.ignition.vc,www.ignition.vc,1,1,15,www.ignition.vc,SPACE,_SP,ROOT,xxx.xxxx.xx,0.0
www.shv.com,www.shv.com,1,1,11,www.shv.com,VERB,VB,ROOT,xxx.xxx.xxx,0.0
www.ourcrowd.com,www.ourcrowd.com,1,1,16,www.ourcrowd.com,X,ADD,ROOT,xxx.xxxx.xxx,0.0
global.softbank,global.softbank,1,1,15,global.softbank,VERB,VB,ROOT,xxxx.xxxx,0.0
www.keiretsuforum.com,www.keiretsuforum.com,1,1,21,www.keiretsuforum.com,X,ADD,ROOT,xxx.xxxx.xxx,0.0
thrivecap.com,thrivecap.com,1,1,13,thrivecap.com,X,ADD,ROOT,xxxx.xxx,0.0
www.troweprice.com,www.troweprice.com,1,1,18,www.troweprice.com,NUM,CD,ROOT,xxx.xxxx.xxx,0.0
www.brv.com,www.brv.com,1,1,11,www.brv.com,X,ADD,ROOT,xxx.xxx.xxx,0.0
www.mdv.com,www.mdv.com,1,1,11,www.mdv.com,X,ADD,ROOT,xxx.xxx.xxx,0.0
www.domainvc.com,www.domainvc.com,1,1,16,www.domainvc.com,X,ADD,ROOT,xxx.xxxx.xxx,0.0
www.quiet.com,www.quiet.com,1,1,13,www.quiet.com,X,ADD,ROOT,xxx.xxxx.xxx,0.0
innovamemphis.com,innovamemphis.com,1,1,17,innovamemphis.com,X,ADD,ROOT,xxxx.xxx,0.0
tuesday.vc/,tuesday.vc/,1,1,11,tuesday.vc/,NOUN,NN,ROOT,xxxx.xx/,0.0
www.vilcap.com,www.vilcap.com,1,1,14,www.vilcap.com,X,ADD,ROOT,xxx.xxxx.xxx,0.0
www.seedrs.com,www.seedrs.com,1,1,14,www.seedrs.com,X,ADD,ROOT,xxx.xxxx.xxx,0.0
horizonsventures.com,horizonsventures.com,1,1,20,horizonsventures.com,X,ADD,ROOT,xxxx.xxx,0.0
www.racap.com,www.racap.com,1,1,13,www.racap.com,X,ADD,ROOT,xxx.xxxx.xxx,0.0
svhealthinvestors.com/,svhealthinvestors.com/,1,1,22,svhealthinvestors.com/,X,FW,ROOT,xxxx.xxx/,0.0
group.softbank,group.softbank,1,1,14,group.softbank,VERB,VB,ROOT,xxxx.xxxx,0.0
11.vc,11.vc,1,1,5,11.vc,NUM,CD,ROOT,dd.xx,0.0
blume.vc/,blume.vc/,1,1,9,blume.vc/,VERB,VB,ROOT,xxxx.xx/,0.0
earlybird.com/,earlybird.com/,1,1,14,earlybird.com/,NOUN,NN,ROOT,xxxx.xxx/,0.0
www.fidelity.com,www.fidelity.com,1,2,16,www.fidelity.com,X,ADD,ROOT,xxx.xxxx.xxx,0.0
www.bdc.ca,www.bdc.ca,1,1,10,www.bdc.ca,VERB,VB,ROOT,xxx.xxx.xx,0.0
endeavor.org/catalyst/,endeavor.org/catalyst/,1,1,22,endeavor.org/catalyst/,NOUN,NN,ROOT,xxxx.xxx/xxxx/,0.0
www.eda.gov/,www.eda.gov/,1,1,12,www.eda.gov/,NOUN,NN,ROOT,xxx.xxx.xxx/,0.0
www.edwardlando.com/,www.edwardlando.com/,1,1,20,www.edwardlando.com/,NOUN,NN,ROOT,xxx.xxxx.xxx/,0.0
www.carlyle.com,www.carlyle.com,1,1,15,www.carlyle.com,X,ADD,ROOT,xxx.xxxx.xxx,0.0
www.maveron.com,www.maveron.com,1,1,15,www.maveron.com,X,ADD,ROOT,xxx.xxxx.xxx,0.0
www.ctinnovations.com,www.ctinnovations.com,1,1,21,www.ctinnovations.com,X,ADD,ROOT,xxx.xxxx.xxx,0.0
dcg.co,dcg.co,1,1,6,dcg.co,NUM,CD,ROOT,xxx.xx,0.0
www.inovia.vc,www.inovia.vc,1,1,13,www.inovia.vc,SPACE,_SP,ROOT,xxx.xxxx.xx,0.0
www.mpmcapital.com,www.mpmcapital.com,1,1,18,www.mpmcapital.com,NOUN,NN,ROOT,xxx.xxxx.xxx,0.0
www.sofinnova.com,www.sofinnova.com,1,1,17,www.sofinnova.com,X,ADD,ROOT,xxx.xxxx.xxx,0.0
www.augustcap.com,www.augustcap.com,1,1,17,www.augustcap.com,X,ADD,ROOT,xxx.xxxx.xxx,0.0
www.scalevp.com,www.scalevp.com,1,1,15,www.scalevp.com,X,ADD,ROOT,xxx.xxxx.xxx,0.0
www.amecloudventures.com,www.amecloudventures.com,1,1,24,www.amecloudventures.com,NOUN,NN,ROOT,xxx.xxxx.xxx,0.0
www.beenext.com,www.beenext.com,1,1,15,www.beenext.com,X,ADD,ROOT,xxx.xxxx.xxx,0.0
www.sbinvestment.co.jp/,www.sbinvestment.co.jp/,1,1,23,www.sbinvestment.co.jp/,X,FW,ROOT,xxx.xxxx.xx.xx/,0.0
www.sofinnovapartners.com,www.sofinnovapartners.com,1,1,25,www.sofinnovapartners.com,X,ADD,ROOT,xxx.xxxx.xxx,0.0
realventures.com,realventures.com,1,1,16,realventures.com,X,ADD,ROOT,xxxx.xxx,0.0
www.kkr.com/,www.kkr.com/,1,1,12,www.kkr.com/,VERB,VB,ROOT,xxx.xxx.xxx/,0.0
www.portugalventures.pt,www.portugalventures.pt,1,1,23,www.portugalventures.pt,SPACE,_SP,ROOT,xxx.xxxx.xx,0.0
ventures.coinbase.com,ventures.coinbase.com,1,1,21,ventures.coinbase.com,PROPN,NNP,ROOT,xxxx.xxxx.xxx,0.0
www.ta.com,www.ta.com,1,1,10,www.ta.com,PROPN,NNP,ROOT,xxx.xx.xxx,0.0
incubatefund.com,incubatefund.com,1,1,16,incubatefund.com,X,ADD,ROOT,xxxx.xxx,0.0
www.villageglobal.vc/,www.villageglobal.vc/,1,1,21,www.villageglobal.vc/,ADJ,JJR,ROOT,xxx.xxxx.xx/,0.0
www.parkwalkadvisors.com,www.parkwalkadvisors.com,1,1,24,www.parkwalkadvisors.com,X,ADD,ROOT,xxx.xxxx.xxx,0.0
www.jafco.co.jp,www.jafco.co.jp,1,1,15,www.jafco.co.jp,NOUN,NNS,ROOT,xxx.xxxx.xx.xx,0.0
mass-ventures.com,mass-ventures.com,1,1,17,mass-ventures.com,X,ADD,ROOT,xxxx-xxxx.xxx,0.0
www.altos.vc,www.altos.vc,1,1,12,www.altos.vc,SPACE,_SP,ROOT,xxx.xxxx.xx,0.0
www.5ycap.com/en/,www.5ycap.com/en/,1,1,17,www.5ycap.com/en/,VERB,VB,ROOT,xxx.dxxxx.xxx/xx/,0.0
www.blackrock.com,www.blackrock.com,1,1,17,www.blackrock.com,X,ADD,ROOT,xxx.xxxx.xxx,0.0
boost.vc,boost.vc,1,1,8,boost.vc,X,ADD,ROOT,xxxx.xx,0.0
www.ascension.vc,www.ascension.vc,1,1,16,www.ascension.vc,SPACE,_SP,ROOT,xxx.xxxx.xx,0.0
chinaccelerator.com,chinaccelerator.com,1,1,19,chinaccelerator.com,X,ADD,ROOT,xxxx.xxx,0.0
www.startupstadium.tw,www.startupstadium.tw,1,1,21,www.startupstadium.tw,SPACE,_SP,ROOT,xxx.xxxx.xx,0.0
www.novoholdings.dk/,www.novoholdings.dk/,1,1,20,www.novoholdings.dk/,NOUN,NNS,ROOT,xxx.xxxx.xx/,0.0
www.vpcp.com,www.vpcp.com,1,1,12,www.vpcp.com,X,ADD,ROOT,xxx.xxxx.xxx,0.0
www.collaborativefund.com,www.collaborativefund.com,1,1,25,www.collaborativefund.com,NUM,CD,ROOT,xxx.xxxx.xxx,0.0
www.energy.gov/,www.energy.gov/,1,1,15,www.energy.gov/,X,ADD,ROOT,xxx.xxxx.xxx/,0.0
www.nissay-cap.co.jp/,www.nissay-cap.co.jp/,1,1,21,www.nissay-cap.co.jp/,VERB,VB,ROOT,xxx.xxxx-xxx.xx.xx/,0.0
dncapital.com,dncapital.com,1,1,13,dncapital.com,X,ADD,ROOT,xxxx.xxx,0.0
www.waldenintl.com,www.waldenintl.com,1,1,18,www.waldenintl.com,X,ADD,ROOT,xxx.xxxx.xxx,0.0
www.k2vc.com/,www.k2vc.com/,1,1,13,www.k2vc.com/,VERB,VB,ROOT,xxx.xdxx.xxx/,0.0
alibabagroup.com,alibabagroup.com,1,1,16,alibabagroup.com,X,ADD,ROOT,xxxx.xxx,0.0
www.gic.com.sg/,www.gic.com.sg/,1,1,15,www.gic.com.sg/,VERB,VB,ROOT,xxx.xxx.xxx.xx/,0.0
venturecatalysts.in,venturecatalysts.in,1,1,19,venturecatalysts.in,X,ADD,ROOT,xxxx.xx,0.0
amadeuscapital.com,amadeuscapital.com,1,1,18,amadeuscapital.com,X,ADD,ROOT,xxxx.xxx,0.0
capital.vulcan.com,capital.vulcan.com,1,1,18,capital.vulcan.com,PROPN,NNP,ROOT,xxxx.xxxx.xxx,0.0
www.qedinvestors.com,www.qedinvestors.com,1,1,20,www.qedinvestors.com,X,ADD,ROOT,xxx.xxxx.xxx,0.0
sourcecodecap.com/en/,sourcecodecap.com/en/,1,1,21,sourcecodecap.com/en/,NOUN,NN,ROOT,xxxx.xxx/xx/,0.0
www.revolution.com,www.revolution.com,1,1,18,www.revolution.com,X,ADD,ROOT,xxx.xxxx.xxx,0.0
streamlined.vc,streamlined.vc,1,1,14,streamlined.vc,X,ADD,ROOT,xxxx.xx,0.0
www.gaorongvc.com/,www.gaorongvc.com/,1,1,18,www.gaorongvc.com/,SPACE,_SP,ROOT,xxx.xxxx.xxx/,0.0
www.revolution.com/entity/rotr/,www.revolution.com/entity/rotr/,1,1,31,www.revolution.com/entity/rotr/,NOUN,NN,ROOT,xxx.xxxx.xxx/xxxx/xxxx/,0.0
www.altapartners.com,www.altapartners.com,1,1,20,www.altapartners.com,X,ADD,ROOT,xxx.xxxx.xxx,0.0
www.sdtc.ca,www.sdtc.ca,1,1,11,www.sdtc.ca,SPACE,_SP,ROOT,xxx.xxxx.xx,0.0
flagshippioneering.com,flagshippioneering.com,1,1,22,flagshippioneering.com,X,ADD,ROOT,xxxx.xxx,0.0
www.lanzadera.es/,www.lanzadera.es/,1,1,17,www.lanzadera.es/,NOUN,NN,ROOT,xxx.xxxx.xx/,0.0
www.samsungventures.com,www.samsungventures.com,1,1,23,www.samsungventures.com,X,ADD,ROOT,xxx.xxxx.xxx,0.0
www.nxtp.vc,www.nxtp.vc,1,1,11,www.nxtp.vc,SPACE,_SP,ROOT,xxx.xxxx.xx,0.0
m12.vc,m12.vc,1,1,6,m12.vc,NOUN,NN,ROOT,xdd.xx,0.0
www.iqt.org/,www.iqt.org/,1,1,12,www.iqt.org/,NOUN,NN,ROOT,xxx.xxx.xxx/,0.0
www.dagventures.com,www.dagventures.com,1,1,19,www.dagventures.com,X,ADD,ROOT,xxx.xxxx.xxx,0.0
velocity.uwaterloo.ca/,velocity.uwaterloo.ca/,1,1,22,velocity.uwaterloo.ca/,ADV,RB,ROOT,xxxx.xxxx.xx/,0.0
next47.com,next47.com,1,1,10,next47.com,X,ADD,ROOT,xxxxdd.xxx,0.0
www.artesianinvest.com,www.artesianinvest.com,1,1,22,www.artesianinvest.com,X,ADD,ROOT,xxx.xxxx.xxx,0.0
dmz.ryerson.ca/,dmz.ryerson.ca/,1,1,15,dmz.ryerson.ca/,NOUN,NN,ROOT,xxx.xxxx.xx/,0.0
www.kaporcapital.com,www.kaporcapital.com,1,1,20,www.kaporcapital.com,X,ADD,ROOT,xxx.xxxx.xxx,0.0
www.northzone.com,www.northzone.com,1,1,17,www.northzone.com,X,ADD,ROOT,xxx.xxxx.xxx,0.0
www.fabricegrinda.com/,www.fabricegrinda.com/,1,1,22,www.fabricegrinda.com/,NOUN,NN,ROOT,xxx.xxxx.xxx/,0.0
www.goodwatercap.com,www.goodwatercap.com,1,1,20,www.goodwatercap.com,X,ADD,ROOT,xxx.xxxx.xxx,0.0
stormventures.com,stormventures.com,1,1,17,stormventures.com,X,ADD,ROOT,xxxx.xxx,0.0
www.ipgroupplc.com,www.ipgroupplc.com,1,1,18,www.ipgroupplc.com,X,ADD,ROOT,xxx.xxxx.xxx,0.0
fondation-fit.ch/en/who-is-fit/,fondation-fit.ch/en/who-is-fit/,1,1,31,fondation-fit.ch/en/who-is-fit/,NOUN,NN,ROOT,xxxx-xxx.xx/xx/xxx-xx-xxx/,0.0
eniac.vc/,eniac.vc/,1,1,9,eniac.vc/,PROPN,NNP,ROOT,xxxx.xx/,0.0
www.deerfield.com,www.deerfield.com,1,1,17,www.deerfield.com,X,ADD,ROOT,xxx.xxxx.xxx,0.0
www.atvcapital.com,www.atvcapital.com,1,1,18,www.atvcapital.com,X,ADD,ROOT,xxx.xxxx.xxx,0.0
www.launchcapital.com,www.launchcapital.com,1,1,21,www.launchcapital.com,X,ADD,ROOT,xxx.xxxx.xxx,0.0
www.cyberagentcapital.com,www.cyberagentcapital.com,1,1,25,www.cyberagentcapital.com,X,ADD,ROOT,xxx.xxxx.xxx,0.0
www.bloombergbeta.com,www.bloombergbeta.com,1,1,21,www.bloombergbeta.com,X,ADD,ROOT,xxx.xxxx.xxx,0.0
www.nep.benfranklin.org,www.nep.benfranklin.org,1,1,23,www.nep.benfranklin.org,ADV,RB,ROOT,xxx.xxx.xxxx.xxx,0.0
www.masscec.com,www.masscec.com,1,1,15,www.masscec.com,X,ADD,ROOT,xxx.xxxx.xxx,0.0
www.fondsftq.com/,www.fondsftq.com/,1,1,17,www.fondsftq.com/,VERB,VB,ROOT,xxx.xxxx.xxx/,0.0
www.pointnine.com,www.pointnine.com,1,1,17,www.pointnine.com,X,ADD,ROOT,xxx.xxxx.xxx,0.0
www.viola-group.com/fund/violaventures,www.viola-group.com/fund/violaventures,1,1,38,www.viola-group.com/fund/violaventure,NOUN,NNS,ROOT,xxx.xxxx-xxxx.xxx/xxxx/xxxx,0.0
medtechinnovator.org/,medtechinnovator.org/,1,1,21,medtechinnovator.org/,NOUN,NN,ROOT,xxxx.xxx/,0.0
www.delltechnologiescapital.com,www.delltechnologiescapital.com,1,1,31,www.delltechnologiescapital.com,X,ADD,ROOT,xxx.xxxx.xxx,0.0
www.nvfund.com/,www.nvfund.com/,1,1,15,www.nvfund.com/,PROPN,NNP,ROOT,xxx.xxxx.xxx/,0.0
dst-global.com,dst-global.com,1,1,14,dst-global.com,X,XX,ROOT,xxx-xxxx.xxx,0.0
www.vf.dk,www.vf.dk,1,1,9,www.vf.dk,ADJ,JJ,ROOT,xxx.xx.xx,0.0
www.harbourvest.com,www.harbourvest.com,1,1,19,www.harbourvest.com,X,ADD,ROOT,xxx.xxxx.xxx,0.0
www.eitdigital.eu/accelerator/,www.eitdigital.eu/accelerator/,1,1,30,www.eitdigital.eu/accelerator/,VERB,VBZ,ROOT,xxx.xxxx.xx/xxxx/,0.0
www.seventure.fr,www.seventure.fr,1,1,16,www.seventure.fr,SPACE,_SP,ROOT,xxx.xxxx.xx,0.0
www.uluventures.com,www.uluventures.com,1,1,19,www.uluventures.com,X,ADD,ROOT,xxx.xxxx.xxx,0.0
www.edisonpartners.com,www.edisonpartners.com,1,1,22,www.edisonpartners.com,X,ADD,ROOT,xxx.xxxx.xxx,0.0
www.pegasustechventures.com,www.pegasustechventures.com,1,1,27,www.pegasustechventures.com,X,ADD,ROOT,xxx.xxxx.xxx,0.0
startups.microsoft.com/en-us/scale-up/,startups.microsoft.com/en-us/scale-up/,1,1,38,startups.microsoft.com/en-us/scale-up/,VERB,VB,ROOT,xxxx.xxxx.xxx/xx-xx/xxxx-xx/,0.0
www.techstars.com/programs/nyc-program/,www.techstars.com/programs/nyc-program/,1,1,39,www.techstars.com/programs/nyc-program/,SPACE,_SP,ROOT,xxx.xxxx.xxx/xxxx/xxx-xxxx/,0.0
precursorvc.com/,precursorvc.com/,1,1,16,precursorvc.com/,NOUN,NN,ROOT,xxxx.xxx/,0.0
aceandcompany.com,aceandcompany.com,1,1,17,aceandcompany.com,X,ADD,ROOT,xxxx.xxx,0.0
sap.io,sap.io,1,1,6,sap.io,NOUN,NN,ROOT,xxx.xx,0.0
startup.google.com/,startup.google.com/,1,1,19,startup.google.com/,PROPN,NNP,ROOT,xxxx.xxxx.xxx/,0.0
www.tsvcap.com,www.tsvcap.com,1,1,14,www.tsvcap.com,X,ADD,ROOT,xxx.xxxx.xxx,0.0
www.jvpvc.com,www.jvpvc.com,1,1,13,www.jvpvc.com,X,ADD,ROOT,xxx.xxxx.xxx,0.0
leadingcities.org/,leadingcities.org/,1,1,18,leadingcities.org/,X,FW,ROOT,xxxx.xxx/,0.0
www.btov.vc,www.btov.vc,1,1,11,www.btov.vc,SPACE,_SP,ROOT,xxx.xxxx.xx,0.0
evonexus.org/,evonexus.org/,1,1,13,evonexus.org/,NOUN,NN,ROOT,xxxx.xxx/,0.0
www.pritzkergroup.com/venture-capital/,www.pritzkergroup.com/venture-capital/,1,1,38,www.pritzkergroup.com/venture-capital/,NOUN,NN,ROOT,xxx.xxxx.xxx/xxxx-xxxx/,0.0
craftventures.com/,craftventures.com/,1,1,18,craftventures.com/,PROPN,NNP,ROOT,xxxx.xxx/,0.0
www.animocabrands.com,www.animocabrands.com,1,1,21,www.animocabrands.com,X,ADD,ROOT,xxx.xxxx.xxx,0.0
samsungnext.com/ventures,samsungnext.com/ventures,1,1,24,samsungnext.com/ventures,SPACE,_SP,ROOT,xxxx.xxx/xxxx,0.0
www.hwvp.com,www.hwvp.com,1,1,12,www.hwvp.com,X,ADD,ROOT,xxx.xxxx.xxx,0.0
10xcapital.com,10xcapital.com,1,1,14,10xcapital.com,NUM,CD,ROOT,ddxxxx.xxx,0.0
startupboy.com/about/,startupboy.com/about/,1,1,21,startupboy.com/about/,X,ADD,ROOT,xxxx.xxx/xxxx/,0.0
www.omnescapital.com/en/,www.omnescapital.com/en/,1,1,24,www.omnescapital.com/en/,NOUN,NN,ROOT,xxx.xxxx.xxx/xx/,0.0
www.entreecap.com,www.entreecap.com,1,1,17,www.entreecap.com,X,ADD,ROOT,xxx.xxxx.xxx,0.0
forerunnerventures.com,forerunnerventures.com,1,1,22,forerunnerventures.com,X,ADD,ROOT,xxxx.xxx,0.0
www.adamsstreetpartners.com/,www.adamsstreetpartners.com/,1,1,28,www.adamsstreetpartners.com/,NOUN,NN,ROOT,xxx.xxxx.xxx/,0.0
www.expertdojo.com,www.expertdojo.com,1,1,18,www.expertdojo.com,X,ADD,ROOT,xxx.xxxx.xxx,0.0
www.wellington-partners.com,www.wellington-partners.com,1,1,27,www.wellington-partners.com,X,ADD,ROOT,xxx.xxxx-xxxx.xxx,0.0
www.eurazeo.com/en/,www.eurazeo.com/en/,1,1,19,www.eurazeo.com/en/,PUNCT,.,ROOT,xxx.xxxx.xxx/xx/,0.0
www.anthemis.com,www.anthemis.com,1,1,16,www.anthemis.com,X,ADD,ROOT,xxx.xxxx.xxx,0.0
www.emcap.com,www.emcap.com,1,1,13,www.emcap.com,X,ADD,ROOT,xxx.xxxx.xxx,0.0
www.petersonventures.com/,www.petersonventures.com/,1,1,25,www.petersonventures.com/,VERB,VB,ROOT,xxx.xxxx.xxx/,0.0
www.apax.com/,www.apax.com/,1,1,13,www.apax.com/,VERB,VB,ROOT,xxx.xxxx.xxx/,0.0
www.frazierhealthcare.com,www.frazierhealthcare.com,1,1,25,www.frazierhealthcare.com,X,ADD,ROOT,xxx.xxxx.xxx,0.0
www.blumbergcapital.com,www.blumbergcapital.com,1,1,23,www.blumbergcapital.com,NOUN,NN,ROOT,xxx.xxxx.xxx,0.0
developmentbank.wales/,developmentbank.wales/,1,1,22,developmentbank.wales/,VERB,VB,ROOT,xxxx.xxxx/,0.0
www.sep.benfranklin.org,www.sep.benfranklin.org,1,1,23,www.sep.benfranklin.org,VERB,VB,ROOT,xxx.xxx.xxxx.xxx,0.0
www.morganstanley.com,www.morganstanley.com,1,1,21,www.morganstanley.com,X,ADD,ROOT,xxx.xxxx.xxx,0.0
www.hbmhealthcare.com,www.hbmhealthcare.com,1,1,21,www.hbmhealthcare.com,X,ADD,ROOT,xxx.xxxx.xxx,0.0
www.picuscap.com,www.picuscap.com,1,1,16,www.picuscap.com,X,ADD,ROOT,xxx.xxxx.xxx,0.0
www.cdhfund.com,www.cdhfund.com,1,1,15,www.cdhfund.com,X,ADD,ROOT,xxx.xxxx.xxx,0.0
www.ofcapital.com,www.ofcapital.com,1,1,17,www.ofcapital.com,X,ADD,ROOT,xxx.xxxx.xxx,0.0
www.innovationendeavors.com/,www.innovationendeavors.com/,1,1,28,www.innovationendeavors.com/,NOUN,NN,ROOT,xxx.xxxx.xxx/,0.0
www.mucker.com/,www.mucker.com/,1,1,15,www.mucker.com/,VERB,VB,ROOT,xxx.xxxx.xxx/,0.0
www.techstars.com/programs/boston-program/,www.techstars.com/programs/boston-program/,1,1,42,www.techstars.com/programs/boston-program/,NUM,CD,ROOT,xxx.xxxx.xxx/xxxx/xxxx-xxxx/,0.0
www.monashees.com.br,www.monashees.com.br,1,1,20,www.monashees.com.br,VERB,VB,ROOT,xxx.xxxx.xxx.xx,0.0
www.perceptivelife.com/,www.perceptivelife.com/,1,1,23,www.perceptivelife.com/,PROPN,NNP,ROOT,xxx.xxxx.xxx/,0.0
greenspringassociates.com,greenspringassociates.com,1,1,25,greenspringassociates.com,X,ADD,ROOT,xxxx.xxx,0.0
www.rev1ventures.com,www.rev1ventures.com,1,1,20,www.rev1ventures.com,X,ADD,ROOT,xxx.xxxdxxxx.xxx,0.0
www.moradoventures.com,www.moradoventures.com,1,1,22,www.moradoventures.com,X,ADD,ROOT,xxx.xxxx.xxx,0.0
www.harrisonmetal.com,www.harrisonmetal.com,1,1,21,www.harrisonmetal.com,X,ADD,ROOT,xxx.xxxx.xxx,0.0
www.creandum.com,www.creandum.com,1,1,16,www.creandum.com,X,ADD,ROOT,xxx.xxxx.xxx,0.0
www.cisco.com,www.cisco.com,1,1,13,www.cisco.com,X,ADD,ROOT,xxx.xxxx.xxx,0.0
www.fortunevc.com,www.fortunevc.com,1,1,17,www.fortunevc.com,X,ADD,ROOT,xxx.xxxx.xxx,0.0
www.srfunds.com,www.srfunds.com,1,1,15,www.srfunds.com,X,ADD,ROOT,xxx.xxxx.xxx,0.0
www.tridentcap.com,www.tridentcap.com,1,1,18,www.tridentcap.com,X,ADD,ROOT,xxx.xxxx.xxx,0.0
www.dnx.vc/,www.dnx.vc/,1,1,11,www.dnx.vc/,PROPN,NNP,ROOT,xxx.xxx.xx/,0.0
www.htgc.com,www.htgc.com,1,1,12,www.htgc.com,X,ADD,ROOT,xxx.xxxx.xxx,0.0
www.kalaari.com,www.kalaari.com,1,1,15,www.kalaari.com,X,ADD,ROOT,xxx.xxxx.xxx,0.0
www.marsiaf.com/,www.marsiaf.com/,1,1,16,www.marsiaf.com/,NOUN,NN,ROOT,xxx.xxxx.xxx/,0.0
www.betaworks.com,www.betaworks.com,1,1,17,www.betaworks.com,X,ADD,ROOT,xxx.xxxx.xxx,0.0
serraventures.com,serraventures.com,1,1,17,serraventures.com,X,ADD,ROOT,xxxx.xxx,0.0
wellington.com,wellington.com,1,1,14,wellington.com,X,ADD,ROOT,xxxx.xxx,0.0
www.gatesfoundation.org,www.gatesfoundation.org,1,1,23,www.gatesfoundation.org,NOUN,NN,ROOT,xxx.xxxx.xxx,0.0
www.nextviewventures.com,www.nextviewventures.com,1,1,24,www.nextviewventures.com,X,ADD,ROOT,xxx.xxxx.xxx,0.0
www.mi.com/en/,www.mi.com/en/,1,1,14,www.mi.com/en/,NOUN,NN,ROOT,xxx.xx.xxx/xx/,0.0
www.atomico.com,www.atomico.com,1,1,15,www.atomico.com,X,ADD,ROOT,xxx.xxxx.xxx,0.0
www.83north.com,www.83north.com,1,1,15,www.83north.com,VERB,VB,ROOT,xxx.ddxxxx.xxx,0.0
compound.vc/,compound.vc/,1,1,12,compound.vc/,NOUN,NN,ROOT,xxxx.xx/,0.0
www.seedcapital.dk,www.seedcapital.dk,1,1,18,www.seedcapital.dk,SPACE,_SP,ROOT,xxx.xxxx.xx,0.0
www.startengine.com,www.startengine.com,1,1,19,www.startengine.com,X,ADD,ROOT,xxx.xxxx.xxx,0.0
letsventure.com,letsventure.com,1,1,15,letsventure.com,X,ADD,ROOT,xxxx.xxx,0.0
www.elevateventures.com,www.elevateventures.com,1,1,23,www.elevateventures.com,X,ADD,ROOT,xxx.xxxx.xxx,0.0
www.pear.vc/,www.pear.vc/,1,1,12,www.pear.vc/,NUM,CD,ROOT,xxx.xxxx.xx/,0.0
www.baselinev.com,www.baselinev.com,1,1,17,www.baselinev.com,X,ADD,ROOT,xxx.xxxx.xxx,0.0
www.adventinternational.com,www.adventinternational.com,1,1,27,www.adventinternational.com,X,ADD,ROOT,xxx.xxxx.xxx,0.0
ribbitcap.com,ribbitcap.com,1,1,13,ribbitcap.com,X,ADD,ROOT,xxxx.xxx,0.0
www.blackbird.vc,www.blackbird.vc,1,1,16,www.blackbird.vc,SPACE,_SP,ROOT,xxx.xxxx.xx,0.0
www.scottish-enterprise.com/,www.scottish-enterprise.com/,1,1,28,www.scottish-enterprise.com/,VERB,VB,ROOT,xxx.xxxx-xxxx.xxx/,0.0
panteracapital.com,panteracapital.com,1,1,18,panteracapital.com,X,ADD,ROOT,xxxx.xxx,0.0
www.ndrc.ie,www.ndrc.ie,1,1,11,www.ndrc.ie,SPACE,_SP,ROOT,xxx.xxxx.xx,0.0
www.casdincapital.com,www.casdincapital.com,1,1,21,www.casdincapital.com,X,ADD,ROOT,xxx.xxxx.xxx,0.0
www.plumventures.cn,www.plumventures.cn,1,1,19,www.plumventures.cn,SPACE,_SP,ROOT,xxx.xxxx.xx,0.0
www.abstract.vc,www.abstract.vc,1,1,15,www.abstract.vc,SPACE,_SP,ROOT,xxx.xxxx.xx,0.0
www.cppib.com,www.cppib.com,1,1,13,www.cppib.com,X,ADD,ROOT,xxx.xxxx.xxx,0.0
www.cgcvc.com,www.cgcvc.com,1,1,13,www.cgcvc.com,X,ADD,ROOT,xxx.xxxx.xxx,0.0
www.wilco-startup.com/,www.wilco-startup.com/,1,1,22,www.wilco-startup.com/,PROPN,NNP,ROOT,xxx.xxxx-xxxx.xxx/,0.0
www.innovencapital.com/,www.innovencapital.com/,1,1,23,www.innovencapital.com/,VERB,VB,ROOT,xxx.xxxx.xxx/,0.0
www.alven.co/,www.alven.co/,1,1,13,www.alven.co/,NOUN,NNS,ROOT,xxx.xxxx.xx/,0.0
cowincapital.com.cn/,cowincapital.com.cn/,1,1,20,cowincapital.com.cn/,VERB,VBZ,ROOT,xxxx.xxx.xx/,0.0
www.pareto20.com/,www.pareto20.com/,1,1,17,www.pareto20.com/,ADJ,JJ,ROOT,xxx.xxxxdd.xxx/,0.0
www.are.com/venture-investments.html,www.are.com/venture-investments.html,1,1,36,www.are.com/venture-investments.html,SPACE,_SP,ROOT,xxx.xxx.xxx/xxxx-xxxx.xxxx,0.0
www.ventechvc.com,www.ventechvc.com,1,1,17,www.ventechvc.com,X,ADD,ROOT,xxx.xxxx.xxx,0.0
oup.vc/,oup.vc/,1,1,7,oup.vc/,NOUN,NN,ROOT,xxx.xx/,0.0
www.kaszek.com,www.kaszek.com,1,1,14,www.kaszek.com,X,ADD,ROOT,xxx.xxxx.xxx,0.0
www.tpg.com,www.tpg.com,1,2,11,www.tpg.com,X,ADD,ROOT,xxx.xxx.xxx,0.0
www.jumpcap.com,www.jumpcap.com,1,1,15,www.jumpcap.com,X,ADD,ROOT,xxx.xxxx.xxx,0.0
anri.vc,anri.vc,1,1,7,anri.vc,X,ADD,ROOT,xxxx.xx,0.0
kickstartfund.com,kickstartfund.com,1,1,17,kickstartfund.com,X,ADD,ROOT,xxxx.xxx,0.0
www.serviceprovidercapital.com,www.serviceprovidercapital.com,1,1,30,www.serviceprovidercapital.com,X,ADD,ROOT,xxx.xxxx.xxx,0.0
www.ibbventures.de/,www.ibbventures.de/,1,1,19,www.ibbventures.de/,VERB,VB,ROOT,xxx.xxxx.xx/,0.0
www.desjardins.com/en/entreprises/solutions/fin...,www.desjardins.com/en/entreprises/solutions/fin,1,1,47,www.desjardins.com/en/entreprises/solutions/fin,INTJ,UH,ROOT,xxx.xxxx.xxx/xx/xxxx/xxxx/xxx,0.0
www.desjardins.com/en/entreprises/solutions/fin...,...,1,1,3,...,PUNCT,:,punct,...,0.0
www.globespancapital.com,www.globespancapital.com,1,1,24,www.globespancapital.com,X,ADD,ROOT,xxx.xxxx.xxx,0.0
www.susaventures.com,www.susaventures.com,1,1,20,www.susaventures.com,X,ADD,ROOT,xxx.xxxx.xxx,0.0
chiratae.com/,chiratae.com/,1,1,13,chiratae.com/,VERB,VB,ROOT,xxxx.xxx/,0.0
www.eib.org/,www.eib.org/,1,1,12,www.eib.org/,ADJ,JJR,ROOT,xxx.xxx.xxx/,0.0
www.cultivationcapital.com,www.cultivationcapital.com,1,1,26,www.cultivationcapital.com,X,ADD,ROOT,xxx.xxxx.xxx,0.0
bethnalgreenventures.com/apply,bethnalgreenventures.com/apply,1,1,30,bethnalgreenventures.com/apply,NOUN,NN,ROOT,xxxx.xxx/xxxx,0.0
thesyndicate.com/,thesyndicate.com/,1,1,17,thesyndicate.com/,PROPN,NNP,ROOT,xxxx.xxx/,0.0
www.jfc.go.jp,www.jfc.go.jp,1,1,13,www.jfc.go.jp,ADV,RB,ROOT,xxx.xxx.xx.xx,0.0
www.allianceofangels.com,www.allianceofangels.com,1,1,24,www.allianceofangels.com,PUNCT,.,ROOT,xxx.xxxx.xxx,0.0
ec.europa.eu/programmes/horizon2020/,ec.europa.eu/programmes/horizon2020/,1,1,36,ec.europa.eu/programmes/horizon2020/,VERB,VB,ROOT,xx.xxxx.xx/xxxx/xxxxdddd/,0.0
sbrihealthcare.co.uk,sbrihealthcare.co.uk,1,1,20,sbrihealthcare.co.uk,VERB,VB,ROOT,xxxx.xx.xx,0.0
dh.vc/,dh.vc/,1,1,6,dh.vc/,NUM,CD,ROOT,xx.xx/,0.0
www.colcap.com,www.colcap.com,1,1,14,www.colcap.com,X,ADD,ROOT,xxx.xxxx.xxx,0.0
www.gener8tor.com,www.gener8tor.com,1,1,17,www.gener8tor.com,VERB,VB,ROOT,xxx.xxxxdxxx.xxx,0.0
www.moltenventures.com,www.moltenventures.com,1,1,22,www.moltenventures.com,X,ADD,ROOT,xxx.xxxx.xxx,0.0
riverparkvc.com/,riverparkvc.com/,1,1,16,riverparkvc.com/,X,FW,ROOT,xxxx.xxx/,0.0
www.mumbaiangels.com/,www.mumbaiangels.com/,1,1,21,www.mumbaiangels.com/,NOUN,NN,ROOT,xxx.xxxx.xxx/,0.0
www.bioadvance.com,www.bioadvance.com,1,1,18,www.bioadvance.com,X,ADD,ROOT,xxx.xxxx.xxx,0.0
www.seedinvest.com/,www.seedinvest.com/,1,1,19,www.seedinvest.com/,NOUN,NN,ROOT,xxx.xxxx.xxx/,0.0
www.innovacorp.ca,www.innovacorp.ca,1,1,17,www.innovacorp.ca,SPACE,_SP,ROOT,xxx.xxxx.xx,0.0
dormroomfund.com,dormroomfund.com,1,1,16,dormroomfund.com,X,ADD,ROOT,xxxx.xxx,0.0
www.baypartners.com,www.baypartners.com,1,1,19,www.baypartners.com,X,ADD,ROOT,xxx.xxxx.xxx,0.0
www.aster.com,www.aster.com,1,1,13,www.aster.com,X,ADD,ROOT,xxx.xxxx.xxx,0.0
www.rockstart.com/,www.rockstart.com/,1,1,18,www.rockstart.com/,NOUN,NN,ROOT,xxx.xxxx.xxx/,0.0
macventurecapital.com/,macventurecapital.com/,1,1,22,macventurecapital.com/,VERB,VB,ROOT,xxxx.xxx/,0.0
lowercasecapital.com/,lowercasecapital.com/,1,1,21,lowercasecapital.com/,PROPN,NNP,ROOT,xxxx.xxx/,0.0
verve.vc,verve.vc,1,1,8,verve.vc,X,ADD,ROOT,xxxx.xx,0.0
asymmetry.vc,asymmetry.vc,1,1,12,asymmetry.vc,X,ADD,ROOT,xxxx.xx,0.0
www.xange.vc,www.xange.vc,1,1,12,www.xange.vc,SPACE,_SP,ROOT,xxx.xxxx.xx,0.0
www.grotech.com,www.grotech.com,1,1,15,www.grotech.com,X,ADD,ROOT,xxx.xxxx.xxx,0.0
angel.co/dcurran-custex-com,angel.co/dcurran-custex-com,1,1,27,angel.co/dcurran-custex-com,PROPN,NNP,ROOT,xxxx.xx/xxxx-xxxx-xxx,0.0
www.iconventures.com,www.iconventures.com,1,1,20,www.iconventures.com,X,ADD,ROOT,xxx.xxxx.xxx,0.0
www.pinevc.com.cn,www.pinevc.com.cn,1,1,17,www.pinevc.com.cn,PROPN,NNP,ROOT,xxx.xxxx.xxx.xx,0.0
www.nvcc.co.jp,www.nvcc.co.jp,1,1,14,www.nvcc.co.jp,PUNCT,.,ROOT,xxx.xxxx.xx.xx,0.0
pelionvp.com,pelionvp.com,1,1,12,pelionvp.com,X,ADD,ROOT,xxxx.xxx,0.0
www.mmc.vc,www.mmc.vc,1,1,10,www.mmc.vc,X,XX,ROOT,xxx.xxx.xx,0.0
www.matrixpartners.in/,www.matrixpartners.in/,1,1,22,www.matrixpartners.in/,NOUN,NN,ROOT,xxx.xxxx.xx/,0.0
www.gobi.vc/,www.gobi.vc/,1,1,12,www.gobi.vc/,NOUN,NN,ROOT,xxx.xxxx.xx/,0.0
archgrants.org,archgrants.org,1,1,14,archgrants.org,X,ADD,ROOT,xxxx.xxx,0.0
www.bdmifund.com,www.bdmifund.com,1,1,16,www.bdmifund.com,X,ADD,ROOT,xxx.xxxx.xxx,0.0
ncidea.org,ncidea.org,1,1,10,ncidea.org,ADV,RB,ROOT,xxxx.xxx,0.0
www.google.com/,www.google.com/,1,1,15,www.google.com/,NOUN,NN,ROOT,xxx.xxxx.xxx/,0.0
www.targetglobal.vc/,www.targetglobal.vc/,1,1,20,www.targetglobal.vc/,ADJ,JJR,ROOT,xxx.xxxx.xx/,0.0
www.silvertonpartners.com,www.silvertonpartners.com,1,1,25,www.silvertonpartners.com,X,ADD,ROOT,xxx.xxxx.xxx,0.0
www.wiharper.com,www.wiharper.com,1,1,16,www.wiharper.com,X,ADD,ROOT,xxx.xxxx.xxx,0.0
cyberport.hk,cyberport.hk,1,1,12,cyberport.hk,X,ADD,ROOT,xxxx.xx,0.0
www.techstars.com/programs/boulder-program/,www.techstars.com/programs/boulder-program/,1,1,43,www.techstars.com/programs/boulder-program/,VERB,VBD,ROOT,xxx.xxxx.xxx/xxxx/xxxx-xxxx/,0.0
www.acme.vc/,www.acme.vc/,1,1,12,www.acme.vc/,ADV,RB,ROOT,xxx.xxxx.xx/,0.0
www.tenayacapital.com,www.tenayacapital.com,1,1,21,www.tenayacapital.com,X,ADD,ROOT,xxx.xxxx.xxx,0.0
www.capitalfactory.com,www.capitalfactory.com,1,1,22,www.capitalfactory.com,NUM,CD,ROOT,xxx.xxxx.xxx,0.0
cormorant.com,cormorant.com,1,1,13,cormorant.com,X,ADD,ROOT,xxxx.xxx,0.0
www.thefund.vc,www.thefund.vc,1,1,14,www.thefund.vc,SPACE,_SP,ROOT,xxx.xxxx.xx,0.0
www.vertexventures.co.il,www.vertexventures.co.il,1,1,24,www.vertexventures.co.il,NOUN,NN,ROOT,xxx.xxxx.xx.xx,0.0
bayernkapital.de,bayernkapital.de,1,1,16,bayernkapital.de,X,ADD,ROOT,xxxx.xx,0.0
www.vaangels.com,www.vaangels.com,1,1,16,www.vaangels.com,X,ADD,ROOT,xxx.xxxx.xxx,0.0
www.virginiaipc.org/,www.virginiaipc.org/,1,1,20,www.virginiaipc.org/,NOUN,NN,ROOT,xxx.xxxx.xxx/,0.0
www.scv.vc,www.scv.vc,1,1,10,www.scv.vc,VERB,VBN,ROOT,xxx.xxx.xx,0.0
www.alloyventures.com,www.alloyventures.com,1,1,21,www.alloyventures.com,X,ADD,ROOT,xxx.xxxx.xxx,0.0
www.avalon-ventures.com,www.avalon-ventures.com,1,1,23,www.avalon-ventures.com,X,XX,ROOT,xxx.xxxx-xxxx.xxx,0.0
twosigmaventures.com,twosigmaventures.com,1,1,20,twosigmaventures.com,X,ADD,ROOT,xxxx.xxx,0.0
www.houstonangelnetwork.org,www.houstonangelnetwork.org,1,1,27,www.houstonangelnetwork.org,NUM,CD,ROOT,xxx.xxxx.xxx,0.0
www.alameda-research.com,www.alameda-research.com,1,1,24,www.alameda-research.com,X,XX,ROOT,xxx.xxxx-xxxx.xxx,0.0
www.angelpad.com,www.angelpad.com,1,1,16,www.angelpad.com,X,ADD,ROOT,xxx.xxxx.xxx,0.0
kipvc.com,kipvc.com,1,1,9,kipvc.com,X,ADD,ROOT,xxxx.xxx,0.0
www.oxcp.com,www.oxcp.com,1,1,12,www.oxcp.com,X,ADD,ROOT,xxx.xxxx.xxx,0.0
www.thefsegroup.com,www.thefsegroup.com,1,1,19,www.thefsegroup.com,X,ADD,ROOT,xxx.xxxx.xxx,0.0
www.ge.com,www.ge.com,1,1,10,www.ge.com,VERB,VB,ROOT,xxx.xx.xxx,0.0
www.microsoft.com,www.microsoft.com,1,1,17,www.microsoft.com,X,ADD,ROOT,xxx.xxxx.xxx,0.0
www.bcapgroup.com,www.bcapgroup.com,1,1,17,www.bcapgroup.com,X,ADD,ROOT,xxx.xxxx.xxx,0.0
www.softbank.co.kr,www.softbank.co.kr,1,1,18,www.softbank.co.kr,X,LS,ROOT,xxx.xxxx.xx.xx,0.0
www.lightbank.com,www.lightbank.com,1,1,17,www.lightbank.com,X,ADD,ROOT,xxx.xxxx.xxx,0.0
www.cdpq.com,www.cdpq.com,1,1,12,www.cdpq.com,X,ADD,ROOT,xxx.xxxx.xxx,0.0
www.voyagercapital.com,www.voyagercapital.com,1,1,22,www.voyagercapital.com,X,ADD,ROOT,xxx.xxxx.xxx,0.0
vtfcapital.com,vtfcapital.com,1,1,14,vtfcapital.com,X,ADD,ROOT,xxxx.xxx,0.0
www.anderapartners.com/en/,www.anderapartners.com/en/,1,1,26,www.anderapartners.com/en/,PUNCT,.,ROOT,xxx.xxxx.xxx/xx/,0.0
www.maverickventures.com/,www.maverickventures.com/,1,1,25,www.maverickventures.com/,PROPN,NNP,ROOT,xxx.xxxx.xxx/,0.0
vivocapital.com/,vivocapital.com/,1,1,16,vivocapital.com/,PROPN,NNP,ROOT,xxxx.xxx/,0.0
www.gimv.com,www.gimv.com,1,1,12,www.gimv.com,X,ADD,ROOT,xxx.xxxx.xxx,0.0
homebrew.co,homebrew.co,1,1,11,homebrew.co,X,ADD,ROOT,xxxx.xx,0.0
www.jpmorganchase.com,www.jpmorganchase.com,1,1,21,www.jpmorganchase.com,X,ADD,ROOT,xxx.xxxx.xxx,0.0
relayventures.com/,relayventures.com/,1,1,18,relayventures.com/,VERB,VB,ROOT,xxxx.xxx/,0.0
www.invus.com,www.invus.com,1,1,13,www.invus.com,X,ADD,ROOT,xxx.xxxx.xxx,0.0
www.ridge.vc,www.ridge.vc,1,1,12,www.ridge.vc,SPACE,_SP,ROOT,xxx.xxxx.xx,0.0
k4northwest.com,k4northwest.com,1,1,15,k4northwest.com,NOUN,NN,ROOT,xdxxxx.xxx,0.0
www.joinffl.com,www.joinffl.com,1,1,15,www.joinffl.com,X,ADD,ROOT,xxx.xxxx.xxx,0.0
www.soundventures.com,www.soundventures.com,1,1,21,www.soundventures.com,NOUN,NN,ROOT,xxx.xxxx.xxx,0.0
www.msivc.co.jp,www.msivc.co.jp,1,1,15,www.msivc.co.jp,NOUN,NNS,ROOT,xxx.xxxx.xx.xx,0.0
www.gobeyondinvesting.com/,www.gobeyondinvesting.com/,1,1,26,www.gobeyondinvesting.com/,VERB,VB,ROOT,xxx.xxxx.xxx/,0.0
www.scottbelsky.com,www.scottbelsky.com,1,1,19,www.scottbelsky.com,X,ADD,ROOT,xxx.xxxx.xxx,0.0
www.haystack.vc,www.haystack.vc,1,1,15,www.haystack.vc,SPACE,_SP,ROOT,xxx.xxxx.xx,0.0
rtp.vc/,rtp.vc/,1,1,7,rtp.vc/,VERB,VB,ROOT,xxx.xx/,0.0
www.signalfire.com/,www.signalfire.com/,1,1,19,www.signalfire.com/,NOUN,NN,ROOT,xxx.xxxx.xxx/,0.0
www.nlvpartners.com,www.nlvpartners.com,1,1,19,www.nlvpartners.com,PUNCT,NFP,ROOT,xxx.xxxx.xxx,0.0
www.kfw.de/,www.kfw.de/,1,1,11,www.kfw.de/,NOUN,NN,ROOT,xxx.xxx.xx/,0.0
portlandseedfund.com,portlandseedfund.com,1,1,20,portlandseedfund.com,X,ADD,ROOT,xxxx.xxx,0.0
ventures.citi.com,ventures.citi.com,1,1,17,ventures.citi.com,PROPN,NNP,ROOT,xxxx.xxxx.xxx,0.0
www.incj.co.jp/,www.incj.co.jp/,1,1,15,www.incj.co.jp/,ADP,IN,ROOT,xxx.xxxx.xx.xx/,0.0
blackstone.com,blackstone.com,1,1,14,blackstone.com,X,ADD,ROOT,xxxx.xxx,0.0
www.franklintempleton.com,www.franklintempleton.com,1,1,25,www.franklintempleton.com,X,ADD,ROOT,xxx.xxxx.xxx,0.0
www.boomtownaccelerators.com,www.boomtownaccelerators.com,1,1,28,www.boomtownaccelerators.com,X,ADD,ROOT,xxx.xxxx.xxx,0.0
360cap.vc/,360cap.vc/,1,1,10,360cap.vc/,NUM,CD,ROOT,dddxxx.xx/,0.0
www.newyorkangels.com,www.newyorkangels.com,1,1,21,www.newyorkangels.com,X,ADD,ROOT,xxx.xxxx.xxx,0.0
www.atlanticlabs.de,www.atlanticlabs.de,1,1,19,www.atlanticlabs.de,SPACE,_SP,ROOT,xxx.xxxx.xx,0.0
www.indianangelnetwork.com,www.indianangelnetwork.com,1,1,26,www.indianangelnetwork.com,X,ADD,ROOT,xxx.xxxx.xxx,0.0
www.srone.com,www.srone.com,1,1,13,www.srone.com,X,ADD,ROOT,xxx.xxxx.xxx,0.0
www.dragoneer.com,www.dragoneer.com,1,1,17,www.dragoneer.com,X,ADD,ROOT,xxx.xxxx.xxx,0.0
www.project-a.com,www.project-a.com,1,1,17,www.project-a.com,X,ADD,ROOT,xxx.xxxx-x.xxx,0.0
www.406ventures.com,www.406ventures.com,1,1,19,www.406ventures.com,NOUN,NN,ROOT,xxx.dddxxxx.xxx,0.0
www.ciscoinvestments.com/,www.ciscoinvestments.com/,1,1,25,www.ciscoinvestments.com/,VERB,VB,ROOT,xxx.xxxx.xxx/,0.0
canada.gc.ca,canada.gc.ca,1,1,12,canada.gc.ca,NOUN,NN,ROOT,xxxx.xx.xx,0.0
alleninvestments.com,alleninvestments.com,1,1,20,alleninvestments.com,X,ADD,ROOT,xxxx.xxx,0.0
www.5amventures.com,www.5amventures.com,1,1,19,www.5amventures.com,X,FW,ROOT,xxx.dxxxx.xxx,0.0
www.taventures.vc,www.taventures.vc,1,1,17,www.taventures.vc,SPACE,_SP,ROOT,xxx.xxxx.xx,0.0
www.costanoavc.com,www.costanoavc.com,1,1,18,www.costanoavc.com,X,ADD,ROOT,xxx.xxxx.xxx,0.0
www.amplifypartners.com,www.amplifypartners.com,1,1,23,www.amplifypartners.com,X,ADD,ROOT,xxx.xxxx.xxx,0.0
www.granitevc.com,www.granitevc.com,1,1,17,www.granitevc.com,X,ADD,ROOT,xxx.xxxx.xxx,0.0
www.venrex.partners/,www.venrex.partners/,1,1,20,www.venrex.partners/,NOUN,NN,ROOT,xxx.xxxx.xxxx/,0.0
www.inveready.com,www.inveready.com,1,1,17,www.inveready.com,X,ADD,ROOT,xxx.xxxx.xxx,0.0
www.abingworth.com,www.abingworth.com,1,1,18,www.abingworth.com,X,ADD,ROOT,xxx.xxxx.xxx,0.0
downing.co.uk/ventures/,downing.co.uk/ventures/,1,1,23,downing.co.uk/ventures/,NOUN,NN,ROOT,xxxx.xx.xx/xxxx/,0.0
www.azurecap.com/,www.azurecap.com/,1,1,17,www.azurecap.com/,PROPN,NNP,ROOT,xxx.xxxx.xxx/,0.0
notion.vc,notion.vc,1,1,9,notion.vc,X,ADD,ROOT,xxxx.xx,0.0
www.launchny.org/,www.launchny.org/,1,1,17,www.launchny.org/,VERB,VB,ROOT,xxx.xxxx.xxx/,0.0
www.quakecapital.com,www.quakecapital.com,1,1,20,www.quakecapital.com,X,ADD,ROOT,xxx.xxxx.xxx,0.0
bullpencap.com,bullpencap.com,1,1,14,bullpencap.com,X,ADD,ROOT,xxxx.xxx,0.0
www.jafcoasia.com,www.jafcoasia.com,1,1,17,www.jafcoasia.com,X,ADD,ROOT,xxx.xxxx.xxx,0.0
www.citylight.vc,www.citylight.vc,1,1,16,www.citylight.vc,SPACE,_SP,ROOT,xxx.xxxx.xx,0.0
www.resolute.vc,www.resolute.vc,1,1,15,www.resolute.vc,SPACE,_SP,ROOT,xxx.xxxx.xx,0.0
www.hydeparkvp.com,www.hydeparkvp.com,1,1,18,www.hydeparkvp.com,X,ADD,ROOT,xxx.xxxx.xxx,0.0
paulbuchheit.blogspot.com/,paulbuchheit.blogspot.com/,1,1,26,paulbuchheit.blogspot.com/,X,FW,ROOT,xxxx.xxxx.xxx/,0.0
www.industrifonden.com,www.industrifonden.com,1,1,22,www.industrifonden.com,X,ADD,ROOT,xxx.xxxx.xxx,0.0
www.epicvc.com,www.epicvc.com,1,1,14,www.epicvc.com,X,ADD,ROOT,xxx.xxxx.xxx,0.0
rwbaird.com,rwbaird.com,1,1,11,rwbaird.com,X,ADD,ROOT,xxxx.xxx,0.0
www.industryventures.com,www.industryventures.com,1,1,24,www.industryventures.com,X,ADD,ROOT,xxx.xxxx.xxx,0.0
www.intersouth.com,www.intersouth.com,1,1,18,www.intersouth.com,X,ADD,ROOT,xxx.xxxx.xxx,0.0
www.motorolasolutions.com/ventures,www.motorolasolutions.com/ventures,1,1,34,www.motorolasolutions.com/ventures,NUM,CD,ROOT,xxx.xxxx.xxx/xxxx,0.0
www.k50ventures.com/,www.k50ventures.com/,1,1,20,www.k50ventures.com/,PROPN,NNP,ROOT,xxx.xddxxxx.xxx/,0.0
www.cicc.com/index_en.xhtml,www.cicc.com/index_en.xhtml,1,1,27,www.cicc.com/index_en.xhtml,NOUN,NNS,ROOT,xxx.xxxx.xxx/xxxx_xx.xxxx,0.0
www.cherry.vc,www.cherry.vc,1,1,13,www.cherry.vc,SPACE,_SP,ROOT,xxx.xxxx.xx,0.0
www.lillyasiaventures.com,www.lillyasiaventures.com,1,1,25,www.lillyasiaventures.com,X,ADD,ROOT,xxx.xxxx.xxx,0.0
home.angelsquare.co,home.angelsquare.co,1,1,19,home.angelsquare.co,ADV,RB,ROOT,xxxx.xxxx.xx,0.0
www.delphiventures.com,www.delphiventures.com,1,1,22,www.delphiventures.com,X,ADD,ROOT,xxx.xxxx.xxx,0.0
www.ngpcap.com,www.ngpcap.com,1,1,14,www.ngpcap.com,X,ADD,ROOT,xxx.xxxx.xxx,0.0
www.kakao.vc/,www.kakao.vc/,1,1,13,www.kakao.vc/,NOUN,NN,ROOT,xxx.xxxx.xx/,0.0
polychain.capital/,polychain.capital/,1,1,18,polychain.capital/,VERB,VBN,ROOT,xxxx.xxxx/,0.0
www.valorep.com,www.valorep.com,1,1,15,www.valorep.com,X,ADD,ROOT,xxx.xxxx.xxx,0.0
www.primary.vc,www.primary.vc,1,1,14,www.primary.vc,SPACE,_SP,ROOT,xxx.xxxx.xx,0.0
jmi.com/,jmi.com/,1,1,8,jmi.com/,X,ADD,ROOT,xxx.xxx/,0.0
www.boldstart.vc,www.boldstart.vc,1,1,16,www.boldstart.vc,SPACE,_SP,ROOT,xxx.xxxx.xx,0.0
www.contourventures.com,www.contourventures.com,1,1,23,www.contourventures.com,X,ADD,ROOT,xxx.xxxx.xxx,0.0
alexisohanian.com/,alexisohanian.com/,1,1,18,alexisohanian.com/,PROPN,NNP,ROOT,xxxx.xxx/,0.0
www.heartcore.com/,www.heartcore.com/,1,1,18,www.heartcore.com/,VERB,VB,ROOT,xxx.xxxx.xxx/,0.0
www.ncidea.org,www.ncidea.org,1,1,14,www.ncidea.org,NUM,CD,ROOT,xxx.xxxx.xxx,0.0
www.9unicorns.in/,www.9unicorns.in/,1,1,17,www.9unicorns.in/,PUNCT,.,ROOT,xxx.dxxxx.xx/,0.0
www.masslifesciences.com,www.masslifesciences.com,1,1,24,www.masslifesciences.com,X,ADD,ROOT,xxx.xxxx.xxx,0.0
gradient.com,gradient.com,1,1,12,gradient.com,X,ADD,ROOT,xxxx.xxx,0.0
www.sep.co.uk,www.sep.co.uk,1,1,13,www.sep.co.uk,VERB,VB,ROOT,xxx.xxx.xx.xx,0.0
www.newfundcap.com,www.newfundcap.com,1,1,18,www.newfundcap.com,X,ADD,ROOT,xxx.xxxx.xxx,0.0
www.auriga.vc,www.auriga.vc,1,1,13,www.auriga.vc,SPACE,_SP,ROOT,xxx.xxxx.xx,0.0
passioncapital.com,passioncapital.com,1,1,18,passioncapital.com,X,ADD,ROOT,xxxx.xxx,0.0
www.sixthirty.co/,www.sixthirty.co/,1,1,17,www.sixthirty.co/,NOUN,NNS,ROOT,xxx.xxxx.xx/,0.0
www.hambroperks.com/,www.hambroperks.com/,1,1,20,www.hambroperks.com/,VERB,VB,ROOT,xxx.xxxx.xxx/,0.0
www.yunqi.vc,www.yunqi.vc,1,1,12,www.yunqi.vc,SPACE,_SP,ROOT,xxx.xxxx.xx,0.0
cotacapital.com/,cotacapital.com/,1,1,16,cotacapital.com/,PROPN,NNP,ROOT,xxxx.xxx/,0.0
hustlefund.vc,hustlefund.vc,1,1,13,hustlefund.vc,X,ADD,ROOT,xxxx.xx,0.0
www.valorcapitalgroup.com,www.valorcapitalgroup.com,1,1,25,www.valorcapitalgroup.com,X,ADD,ROOT,xxx.xxxx.xxx,0.0
www.jjdevcorp.com,www.jjdevcorp.com,1,1,17,www.jjdevcorp.com,X,ADD,ROOT,xxx.xxxx.xxx,0.0
www.cherubic.com,www.cherubic.com,1,1,16,www.cherubic.com,X,ADD,ROOT,xxx.xxxx.xxx,0.0
www.starta.vc,www.starta.vc,1,1,13,www.starta.vc,SPACE,_SP,ROOT,xxx.xxxx.xx,0.0
www.ocaventures.com,www.ocaventures.com,1,1,19,www.ocaventures.com,X,ADD,ROOT,xxx.xxxx.xxx,0.0
www.mangrove.vc/,www.mangrove.vc/,1,1,16,www.mangrove.vc/,NOUN,NN,ROOT,xxx.xxxx.xx/,0.0
www.caixacapitalrisc.es,www.caixacapitalrisc.es,1,1,23,www.caixacapitalrisc.es,SPACE,_SP,ROOT,xxx.xxxx.xx,0.0
iconiqcapital.com,iconiqcapital.com,1,1,17,iconiqcapital.com,X,ADD,ROOT,xxxx.xxx,0.0
freestyle.vc,freestyle.vc,1,1,12,freestyle.vc,X,ADD,ROOT,xxxx.xx,0.0
www.foresightgroup.eu/,www.foresightgroup.eu/,1,1,22,www.foresightgroup.eu/,PUNCT,.,ROOT,xxx.xxxx.xx/,0.0
hearst.com/ventures,hearst.com/ventures,1,1,19,hearst.com/ventures,SPACE,_SP,ROOT,xxxx.xxx/xxxx,0.0
www.empowerinvestment.com,www.empowerinvestment.com,1,1,25,www.empowerinvestment.com,X,ADD,ROOT,xxx.xxxx.xxx,0.0
futurefifty.com,futurefifty.com,1,1,15,futurefifty.com,X,ADD,ROOT,xxxx.xxx,0.0
shima.capital/,shima.capital/,1,1,14,shima.capital/,X,ADD,ROOT,xxxx.xxxx/,0.0
www.hsbc.com,www.hsbc.com,1,1,12,www.hsbc.com,X,ADD,ROOT,xxx.xxxx.xxx,0.0
eqtventures.com,eqtventures.com,1,1,15,eqtventures.com,X,ADD,ROOT,xxxx.xxx,0.0
ec.europa.eu/research/eic/index.cfm,ec.europa.eu/research/eic/index.cfm,1,1,35,ec.europa.eu/research/eic/index.cfm,NUM,CD,ROOT,xx.xxxx.xx/xxxx/xxx/xxxx.xxx,0.0
www.canary.com.br,www.canary.com.br,1,1,17,www.canary.com.br,PROPN,NNP,ROOT,xxx.xxxx.xxx.xx,0.0
www.sparklabs.co.kr,www.sparklabs.co.kr,1,1,19,www.sparklabs.co.kr,AUX,MD,ROOT,xxx.xxxx.xx.xx,0.0
www.edbi.com/,www.edbi.com/,1,1,13,www.edbi.com/,NOUN,NN,ROOT,xxx.xxxx.xxx/,0.0
www.prismventure.com,www.prismventure.com,1,1,20,www.prismventure.com,X,ADD,ROOT,xxx.xxxx.xxx,0.0
www.globiscapital.co.jp,www.globiscapital.co.jp,1,1,23,www.globiscapital.co.jp,SPACE,_SP,ROOT,xxx.xxxx.xx.xx,0.0
tribecap.co/,tribecap.co/,1,1,12,tribecap.co/,ADJ,JJ,ROOT,xxxx.xx/,0.0
amplify.la,amplify.la,1,1,10,amplify.la,X,ADD,ROOT,xxxx.xx,0.0
www.itochu.co.jp,www.itochu.co.jp,1,1,16,www.itochu.co.jp,AUX,MD,ROOT,xxx.xxxx.xx.xx,0.0
chicagoventures.com,chicagoventures.com,1,1,19,chicagoventures.com,X,ADD,ROOT,xxxx.xxx,0.0
launchub.com,launchub.com,1,1,12,launchub.com,X,ADD,ROOT,xxxx.xxx,0.0
www.advancitcapital.com,www.advancitcapital.com,1,1,23,www.advancitcapital.com,X,ADD,ROOT,xxx.xxxx.xxx,0.0
investnebraska.com,investnebraska.com,1,1,18,investnebraska.com,X,ADD,ROOT,xxxx.xxx,0.0
www.morningside.com,www.morningside.com,1,1,19,www.morningside.com,X,ADD,ROOT,xxx.xxxx.xxx,0.0
www.freesvc.com/,www.freesvc.com/,1,1,16,www.freesvc.com/,PROPN,NNP,ROOT,xxx.xxxx.xxx/,0.0
gra.org,gra.org,1,1,7,gra.org,NOUN,NN,ROOT,xxx.xxx,0.0
www.legendstar.com.cn/,www.legendstar.com.cn/,1,1,22,www.legendstar.com.cn/,X,XX,ROOT,xxx.xxxx.xxx.xx/,0.0
www.learncapital.com,www.learncapital.com,1,1,20,www.learncapital.com,X,ADD,ROOT,xxx.xxxx.xxx,0.0
www.jumpstartinc.org,www.jumpstartinc.org,1,1,20,www.jumpstartinc.org,NOUN,NN,ROOT,xxx.xxxx.xxx,0.0
www.fastercapital.com/,www.fastercapital.com/,1,1,22,www.fastercapital.com/,VERB,VB,ROOT,xxx.xxxx.xxx/,0.0
www.founderscoop.com,www.founderscoop.com,1,1,20,www.founderscoop.com,X,ADD,ROOT,xxx.xxxx.xxx,0.0
www.mavencp.com/,www.mavencp.com/,1,1,16,www.mavencp.com/,NOUN,NN,ROOT,xxx.xxxx.xxx/,0.0
www.paladincapgroup.com,www.paladincapgroup.com,1,1,23,www.paladincapgroup.com,X,ADD,ROOT,xxx.xxxx.xxx,0.0
commerce.vc,commerce.vc,1,1,11,commerce.vc,X,ADD,ROOT,xxxx.xx,0.0
www.beringea.com/,www.beringea.com/,1,1,17,www.beringea.com/,NOUN,NN,ROOT,xxx.xxxx.xxx/,0.0
www.evolutionvcp.com,www.evolutionvcp.com,1,1,20,www.evolutionvcp.com,X,ADD,ROOT,xxx.xxxx.xxx,0.0
www.entrepreneurinvest.com/,www.entrepreneurinvest.com/,1,1,27,www.entrepreneurinvest.com/,PROPN,NNP,ROOT,xxx.xxxx.xxx/,0.0
formation8.com,formation8.com,1,1,14,formation8.com,X,ADD,ROOT,xxxxd.xxx,0.0
www.techstars.com/programs/seattle-program/,www.techstars.com/programs/seattle-program/,1,1,43,www.techstars.com/programs/seattle-program/,NUM,CD,ROOT,xxx.xxxx.xxx/xxxx/xxxx-xxxx/,0.0
www.microsoftaccelerator.com/locations/beijing,www.microsoftaccelerator.com/locations/beijing,1,1,46,www.microsoftaccelerator.com/locations/beije,VERB,VBG,ROOT,xxx.xxxx.xxx/xxxx/xxxx,0.0
www.assetman.com,www.assetman.com,1,1,16,www.assetman.com,X,ADD,ROOT,xxx.xxxx.xxx,0.0
shervin.com,shervin.com,1,1,11,shervin.com,X,ADD,ROOT,xxxx.xxx,0.0
higcapital.com,higcapital.com,1,1,14,higcapital.com,X,ADD,ROOT,xxxx.xxx,0.0
www.newspringcapital.com,www.newspringcapital.com,1,1,24,www.newspringcapital.com,X,ADD,ROOT,xxx.xxxx.xxx,0.0
eladgil.com,eladgil.com,1,1,11,eladgil.com,X,ADD,ROOT,xxxx.xxx,0.0
www.zillionize.com/,www.zillionize.com/,1,1,19,www.zillionize.com/,PROPN,NNP,ROOT,xxx.xxxx.xxx/,0.0
www.innoangel.com/,www.innoangel.com/,1,1,18,www.innoangel.com/,VERB,VB,ROOT,xxx.xxxx.xxx/,0.0
www.samurai-incubate.asia,www.samurai-incubate.asia,1,1,25,www.samurai-incubate.asia,PROPN,NNP,ROOT,xxx.xxxx-xxxx.xxxx,0.0
www.elaia.com,www.elaia.com,1,1,13,www.elaia.com,NOUN,NN,ROOT,xxx.xxxx.xxx,0.0
www.credit-suisse.com,www.credit-suisse.com,1,1,21,www.credit-suisse.com,X,XX,ROOT,xxx.xxxx-xxxx.xxx,0.0
www.winfunding.com,www.winfunding.com,1,1,18,www.winfunding.com,PUNCT,.,ROOT,xxx.xxxx.xxx,0.0
www.bailliegifford.com/,www.bailliegifford.com/,1,1,23,www.bailliegifford.com/,VERB,VB,ROOT,xxx.xxxx.xxx/,0.0
www.technexus.com,www.technexus.com,1,1,17,www.technexus.com,X,ADD,ROOT,xxx.xxxx.xxx,0.0
www.ludlowventures.com,www.ludlowventures.com,1,1,22,www.ludlowventures.com,X,ADD,ROOT,xxx.xxxx.xxx,0.0
www.mobiusvc.com,www.mobiusvc.com,1,1,16,www.mobiusvc.com,X,ADD,ROOT,xxx.xxxx.xxx,0.0
www.oasis500.com,www.oasis500.com,1,1,16,www.oasis500.com,X,ADD,ROOT,xxx.xxxxddd.xxx,0.0
www.verizonventures.com,www.verizonventures.com,1,1,23,www.verizonventures.com,X,ADD,ROOT,xxx.xxxx.xxx,0.0
www.rocket-internet.com/,www.rocket-internet.com/,1,1,24,www.rocket-internet.com/,PROPN,NNP,ROOT,xxx.xxxx-xxxx.xxx/,0.0
redmilegroup.com,redmilegroup.com,1,1,16,redmilegroup.com,X,ADD,ROOT,xxxx.xxx,0.0
m25vc.com/,m25vc.com/,1,1,10,m25vc.com/,NOUN,NN,ROOT,xddxx.xxx/,0.0
www.iaventures.com,www.iaventures.com,1,1,18,www.iaventures.com,X,ADD,ROOT,xxx.xxxx.xxx,0.0
roughdraft.vc,roughdraft.vc,1,1,13,roughdraft.vc,X,ADD,ROOT,xxxx.xx,0.0
marcbell.com/venture-capital/,marcbell.com/venture-capital/,1,1,29,marcbell.com/venture-capital/,X,FW,ROOT,xxxx.xxx/xxxx-xxxx/,0.0
www.paradigmcap.com/,www.paradigmcap.com/,1,1,20,www.paradigmcap.com/,NOUN,NN,ROOT,xxx.xxxx.xxx/,0.0
www.brinc.io,www.brinc.io,1,1,12,www.brinc.io,SPACE,_SP,ROOT,xxx.xxxx.xx,0.0
www.cybele-holdings.com,www.cybele-holdings.com,1,1,23,www.cybele-holdings.com,X,ADD,ROOT,xxx.xxxx-xxxx.xxx,0.0
www.americanexpress.com,www.americanexpress.com,1,1,23,www.americanexpress.com,X,ADD,ROOT,xxx.xxxx.xxx,0.0
backstagecapital.com/,backstagecapital.com/,1,1,21,backstagecapital.com/,PROPN,NNP,ROOT,xxxx.xxx/,0.0
www.sequoiacap.com/israel/,www.sequoiacap.com/israel/,1,1,26,www.sequoiacap.com/israel/,ADJ,JJ,ROOT,xxx.xxxx.xxx/xxxx/,0.0
www.actventure.capital,www.actventure.capital,1,1,22,www.actventure.capital,X,ADD,ROOT,xxx.xxxx.xxxx,0.0
www.db.com,www.db.com,1,1,10,www.db.com,PROPN,NNP,ROOT,xxx.xx.xxx,0.0
wing.vc,wing.vc,1,1,7,wing.vc,X,ADD,ROOT,xxxx.xx,0.0
baifund.com,baifund.com,1,1,11,baifund.com,X,ADD,ROOT,xxxx.xxx,0.0
bv.ai,bv.ai,1,1,5,bv.ai,PROPN,NNP,ROOT,xx.xx,0.0
www.lakestar.com,www.lakestar.com,1,1,16,www.lakestar.com,X,ADD,ROOT,xxx.xxxx.xxx,0.0
venturesouth.vc,venturesouth.vc,1,1,15,venturesouth.vc,NOUN,NN,ROOT,xxxx.xx,0.0
www.cabiedesandpartners.com/,www.cabiedesandpartners.com/,1,1,28,www.cabiedesandpartners.com/,VERB,VB,ROOT,xxx.xxxx.xxx/,0.0
www.esofund.com,www.esofund.com,1,1,15,www.esofund.com,X,ADD,ROOT,xxx.xxxx.xxx,0.0
lspvc.com/,lspvc.com/,1,1,10,lspvc.com/,X,FW,ROOT,xxxx.xxx/,0.0
www.pioneerfund.vc,www.pioneerfund.vc,1,1,18,www.pioneerfund.vc,SPACE,_SP,ROOT,xxx.xxxx.xx,0.0
www.cowboy.vc,www.cowboy.vc,1,1,13,www.cowboy.vc,SPACE,_SP,ROOT,xxx.xxxx.xx,0.0
www.mitsui.com,www.mitsui.com,1,1,14,www.mitsui.com,X,ADD,ROOT,xxx.xxxx.xxx,0.0
strive.vc,strive.vc,1,1,9,strive.vc,X,ADD,ROOT,xxxx.xx,0.0
www.investorgrowthcapital.com,www.investorgrowthcapital.com,1,1,29,www.investorgrowthcapital.com,X,ADD,ROOT,xxx.xxxx.xxx,0.0
www.ut-ec.co.jp/english/,www.ut-ec.co.jp/english/,1,1,24,www.ut-ec.co.jp/english/,PUNCT,NFP,ROOT,xxx.xx-xx.xx.xx/xxxx/,0.0
www.flat6labs.com,www.flat6labs.com,1,1,17,www.flat6labs.com,X,ADD,ROOT,xxx.xxxxdxxxx.xxx,0.0
www.innoenergy.com/,www.innoenergy.com/,1,1,19,www.innoenergy.com/,VERB,VB,ROOT,xxx.xxxx.xxx/,0.0
www.clocktowerventures.com,www.clocktowerventures.com,1,1,26,www.clocktowerventures.com,X,ADD,ROOT,xxx.xxxx.xxx,0.0
www.crosscut.vc,www.crosscut.vc,1,1,15,www.crosscut.vc,SPACE,_SP,ROOT,xxx.xxxx.xx,0.0
atdc.org/,atdc.org/,1,1,9,atdc.org/,NOUN,NN,ROOT,xxxx.xxx/,0.0
hardyaka.com/,hardyaka.com/,1,1,13,hardyaka.com/,PROPN,NNP,ROOT,xxxx.xxx/,0.0
www.surgeahead.com/,www.surgeahead.com/,1,1,19,www.surgeahead.com/,NOUN,NN,ROOT,xxx.xxxx.xxx/,0.0
golden.ventures,golden.ventures,1,1,15,golden.venture,NOUN,NNS,ROOT,xxxx.xxxx,0.0
www.northstarcapital.com/,www.northstarcapital.com/,1,1,25,www.northstarcapital.com/,VERB,VB,ROOT,xxx.xxxx.xxx/,0.0
mitsui-global.com/,mitsui-global.com/,1,1,18,mitsui-global.com/,X,XX,ROOT,xxxx-xxxx.xxx/,0.0
www.oxfordfinance.com,www.oxfordfinance.com,1,1,21,www.oxfordfinance.com,X,ADD,ROOT,xxx.xxxx.xxx,0.0
www.innovacom.com/,www.innovacom.com/,1,1,18,www.innovacom.com/,NOUN,NN,ROOT,xxx.xxxx.xxx/,0.0
bam.vc,bam.vc,1,1,6,bam.vc,NOUN,NN,ROOT,xxx.xx,0.0
angesquebec.com/en,angesquebec.com/en,1,1,18,angesquebec.com/en,PROPN,NNP,ROOT,xxxx.xxx/xx,0.0
www.lventuregroup.com,www.lventuregroup.com,1,1,21,www.lventuregroup.com,X,ADD,ROOT,xxx.xxxx.xxx,0.0
www.fomcap.com/,www.fomcap.com/,1,1,15,www.fomcap.com/,VERB,VB,ROOT,xxx.xxxx.xxx/,0.0
www.bankofamerica.com,www.bankofamerica.com,1,1,21,www.bankofamerica.com,X,ADD,ROOT,xxx.xxxx.xxx,0.0
launchtn.org,launchtn.org,1,1,12,launchtn.org,X,ADD,ROOT,xxxx.xxx,0.0
www.startupedmonton.com/,www.startupedmonton.com/,1,1,24,www.startupedmonton.com/,ADJ,JJ,ROOT,xxx.xxxx.xxx/,0.0
www.rembrandtvc.com,www.rembrandtvc.com,1,1,19,www.rembrandtvc.com,X,ADD,ROOT,xxx.xxxx.xxx,0.0
www.starveups.com/,www.starveups.com/,1,1,18,www.starveups.com/,VERB,VB,ROOT,xxx.xxxx.xxx/,0.0
sting.co/propel-capital/,sting.co/propel-capital/,1,1,24,sting.co/propel-capital/,SYM,SYM,ROOT,xxxx.xx/xxxx-xxxx/,0.0
cincytechusa.com,cincytechusa.com,1,1,16,cincytechusa.com,X,ADD,ROOT,xxxx.xxx,0.0
www.3one4capital.com/,www.3one4capital.com/,1,1,21,www.3one4capital.com/,NOUN,NNS,ROOT,xxx.dxxxdxxxx.xxx/,0.0
www.metaprop.vc/,www.metaprop.vc/,1,1,16,www.metaprop.vc/,NUM,CD,ROOT,xxx.xxxx.xx/,0.0
www.lifelineventures.com,www.lifelineventures.com,1,1,24,www.lifelineventures.com,X,ADD,ROOT,xxx.xxxx.xxx,0.0
www.translinkcapital.com,www.translinkcapital.com,1,1,24,www.translinkcapital.com,X,ADD,ROOT,xxx.xxxx.xxx,0.0
wrvi.vc/,wrvi.vc/,1,1,8,wrvi.vc/,NOUN,NN,ROOT,xxxx.xx/,0.0
www.lightspeedcp.com,www.lightspeedcp.com,1,1,20,www.lightspeedcp.com,X,ADD,ROOT,xxx.xxxx.xxx,0.0
media.mit.edu,media.mit.edu,1,1,13,media.mit.edu,NOUN,NNS,ROOT,xxxx.xxx.xxx,0.0
www.nttdocomo-v.com,www.nttdocomo-v.com,1,1,19,www.nttdocomo-v.com,X,ADD,ROOT,xxx.xxxx-x.xxx,0.0
www.sbcvc.com,www.sbcvc.com,1,1,13,www.sbcvc.com,X,ADD,ROOT,xxx.xxxx.xxx,0.0
www.jpmorgan.com/pages/jpmorganpartners,www.jpmorgan.com/pages/jpmorganpartners,1,1,39,www.jpmorgan.com/pages/jpmorganpartner,NOUN,NNS,ROOT,xxx.xxxx.xxx/xxxx/xxxx,0.0
7pc.co,7pc.co,1,1,6,7pc.co,NUM,CD,ROOT,dxx.xx,0.0
www.obvious.com,www.obvious.com,1,1,15,www.obvious.com,X,ADD,ROOT,xxx.xxxx.xxx,0.0
versionone.vc/,versionone.vc/,1,1,14,versionone.vc/,NOUN,NN,ROOT,xxxx.xx/,0.0
www.sandscapital.com,www.sandscapital.com,1,1,20,www.sandscapital.com,X,ADD,ROOT,xxx.xxxx.xxx,0.0
www.nautacapital.com,www.nautacapital.com,1,1,20,www.nautacapital.com,X,ADD,ROOT,xxx.xxxx.xxx,0.0
www.chalmersventures.com/,www.chalmersventures.com/,1,1,25,www.chalmersventures.com/,NOUN,NN,ROOT,xxx.xxxx.xxx/,0.0
www.dtcp.capital,www.dtcp.capital,1,1,16,www.dtcp.capital,X,ADD,ROOT,xxx.xxxx.xxxx,0.0
www.vplus.vc/,www.vplus.vc/,1,1,13,www.vplus.vc/,NOUN,NN,ROOT,xxx.xxxx.xx/,0.0
www.blockchaincapital.com,www.blockchaincapital.com,1,1,25,www.blockchaincapital.com,X,ADD,ROOT,xxx.xxxx.xxx,0.0
www.uphonestcapital.com/,www.uphonestcapital.com/,1,1,24,www.uphonestcapital.com/,VERB,VB,ROOT,xxx.xxxx.xxx/,0.0
www.runacap.com,www.runacap.com,1,1,15,www.runacap.com,X,ADD,ROOT,xxx.xxxx.xxx,0.0
www.frontline.vc,www.frontline.vc,1,1,16,www.frontline.vc,SPACE,_SP,ROOT,xxx.xxxx.xx,0.0
schools.aucegypt.edu/business/aucvlab/Pages/def...,schools.aucegypt.edu/business/aucvlab/Pages/def,1,1,47,schools.aucegypt.edu/business/aucvlab/pages/def,NOUN,NN,ROOT,xxxx.xxxx.xxx/xxxx/xxxx/Xxxxx/xxx,0.0
schools.aucegypt.edu/business/aucvlab/Pages/def...,...,1,1,3,...,PUNCT,:,punct,...,0.0
www.food-x.com/,www.food-x.com/,1,1,15,www.food-x.com/,VERB,VB,ROOT,xxx.xxxx-x.xxx/,0.0
www.gemini.co.il,www.gemini.co.il,1,1,16,www.gemini.co.il,PRON,PRP,ROOT,xxx.xxxx.xx.xx,0.0
magic.fund,magic.fund,1,1,10,magic.fund,VERB,VBN,ROOT,xxxx.xxxx,0.0
www.graphventures.com,www.graphventures.com,1,1,21,www.graphventures.com,X,ADD,ROOT,xxx.xxxx.xxx,0.0
javelinvp.com,javelinvp.com,1,1,13,javelinvp.com,X,ADD,ROOT,xxxx.xxx,0.0
www.fenbushi.vc,www.fenbushi.vc,1,1,15,www.fenbushi.vc,SPACE,_SP,ROOT,xxx.xxxx.xx,0.0
www.aminocapital.com,www.aminocapital.com,1,1,20,www.aminocapital.com,NUM,CD,ROOT,xxx.xxxx.xxx,0.0
www.nyca.com,www.nyca.com,1,1,12,www.nyca.com,X,ADD,ROOT,xxx.xxxx.xxx,0.0
www.crcmventures.com,www.crcmventures.com,1,1,20,www.crcmventures.com,X,ADD,ROOT,xxx.xxxx.xxx,0.0
winklevosscapital.com,winklevosscapital.com,1,1,21,winklevosscapital.com,X,ADD,ROOT,xxxx.xxx,0.0
www.noromoseley.com,www.noromoseley.com,1,1,19,www.noromoseley.com,X,ADD,ROOT,xxx.xxxx.xxx,0.0
www.helionvc.com,www.helionvc.com,1,1,16,www.helionvc.com,X,ADD,ROOT,xxx.xxxx.xxx,0.0
www.telus.com/ventures,www.telus.com/ventures,1,1,22,www.telus.com/ventures,NUM,CD,ROOT,xxx.xxxx.xxx/xxxx,0.0
www.maineangels.org,www.maineangels.org,1,1,19,www.maineangels.org,PUNCT,.,ROOT,xxx.xxxx.xxx,0.0
www.kodiakvp.com,www.kodiakvp.com,1,1,16,www.kodiakvp.com,X,ADD,ROOT,xxx.xxxx.xxx,0.0
www.citigroup.com,www.citigroup.com,1,1,17,www.citigroup.com,X,ADD,ROOT,xxx.xxxx.xxx,0.0
www.omersventures.com,www.omersventures.com,1,1,21,www.omersventures.com,X,ADD,ROOT,xxx.xxxx.xxx,0.0
www.hashed.com/,www.hashed.com/,1,1,15,www.hashed.com/,VERB,VB,ROOT,xxx.xxxx.xxx/,0.0
www.space3.ac/,www.space3.ac/,1,1,14,www.space3.ac/,PROPN,NNP,ROOT,xxx.xxxxd.xx/,0.0
www.strongvc.com,www.strongvc.com,1,1,16,www.strongvc.com,X,ADD,ROOT,xxx.xxxx.xxx,0.0
dgventures.com/,dgventures.com/,1,1,15,dgventures.com/,PROPN,NNP,ROOT,xxxx.xxx/,0.0
www.focusventures.com,www.focusventures.com,1,1,21,www.focusventures.com,X,ADD,ROOT,xxx.xxxx.xxx,0.0
oatv.com,oatv.com,1,1,8,oatv.com,X,ADD,ROOT,xxxx.xxx,0.0
www.chiratae.com,www.chiratae.com,1,1,16,www.chiratae.com,X,ADD,ROOT,xxx.xxxx.xxx,0.0
loyal.vc,loyal.vc,1,1,8,loyal.vc,X,ADD,ROOT,xxxx.xx,0.0
www.businessfinland.fi/en/for-finnish-customers...,www.businessfinland.fi/en/for-finnish-customers,1,1,47,www.businessfinland.fi/en/for-finnish-customer,NOUN,NNS,ROOT,xxx.xxxx.xx/xx/xxx-xxxx-xxxx,0.0
www.businessfinland.fi/en/for-finnish-customers...,...,1,1,3,...,PUNCT,:,punct,...,0.0
www.foresitecapital.com,www.foresitecapital.com,1,1,23,www.foresitecapital.com,X,ADD,ROOT,xxx.xxxx.xxx,0.0
www.filrougecapital.com/,www.filrougecapital.com/,1,1,24,www.filrougecapital.com/,VERB,VB,ROOT,xxx.xxxx.xxx/,0.0
www.valarventures.com/,www.valarventures.com/,1,1,22,www.valarventures.com/,NOUN,NN,ROOT,xxx.xxxx.xxx/,0.0
www.worldview.com,www.worldview.com,1,1,17,www.worldview.com,X,ADD,ROOT,xxx.xxxx.xxx,0.0
www.techv.co.jp,www.techv.co.jp,1,1,15,www.techv.co.jp,ADP,IN,ROOT,xxx.xxxx.xx.xx,0.0
www.whitestarcapital.com,www.whitestarcapital.com,1,1,24,www.whitestarcapital.com,X,ADD,ROOT,xxx.xxxx.xxx,0.0
www.iris.vc,www.iris.vc,1,1,11,www.iris.vc,SPACE,_SP,ROOT,xxx.xxxx.xx,0.0
www.hydeparkangels.com,www.hydeparkangels.com,1,1,22,www.hydeparkangels.com,X,ADD,ROOT,xxx.xxxx.xxx,0.0
www.techstars.com/programs/chicago-program/,www.techstars.com/programs/chicago-program/,1,1,43,www.techstars.com/programs/chicago-program/,NUM,CD,ROOT,xxx.xxxx.xxx/xxxx/xxxx-xxxx/,0.0
www.bostonmillenniapartners.com/,www.bostonmillenniapartners.com/,1,1,32,www.bostonmillenniapartners.com/,NOUN,NN,ROOT,xxx.xxxx.xxx/,0.0
www.star-ventures.com,www.star-ventures.com,1,1,21,www.star-ventures.com,X,ADD,ROOT,xxx.xxxx-xxxx.xxx,0.0
www.theleagueofinnovators.com/labsoverview,www.theleagueofinnovators.com/labsoverview,1,1,42,www.theleagueofinnovators.com/labsoverview,NUM,CD,ROOT,xxx.xxxx.xxx/xxxx,0.0
www.vikingglobal.com/,www.vikingglobal.com/,1,1,21,www.vikingglobal.com/,PROPN,NNP,ROOT,xxx.xxxx.xxx/,0.0
breyercapital.com,breyercapital.com,1,1,17,breyercapital.com,X,ADD,ROOT,xxxx.xxx,0.0
www.yfc.cn,www.yfc.cn,1,1,10,www.yfc.cn,NOUN,NN,ROOT,xxx.xxx.xx,0.0
ebcapital.com.cn/en/,ebcapital.com.cn/en/,1,1,20,ebcapital.com.cn/en/,VERB,VB,ROOT,xxxx.xxx.xx/xx/,0.0
www.onset.com,www.onset.com,1,1,13,www.onset.com,NUM,CD,ROOT,xxx.xxxx.xxx,0.0
p72.vc/,p72.vc/,1,1,7,p72.vc/,NOUN,NN,ROOT,xdd.xx/,0.0
www.edc.ca/,www.edc.ca/,1,1,11,www.edc.ca/,NOUN,NN,ROOT,xxx.xxx.xx/,0.0
www.investquebec.com,www.investquebec.com,1,1,20,www.investquebec.com,X,ADD,ROOT,xxx.xxxx.xxx,0.0
www.pfizer.com/partners/venture-investments,www.pfizer.com/partners/venture-investments,1,1,43,www.pfizer.com/partners/venture-investment,NOUN,NNS,ROOT,xxx.xxxx.xxx/xxxx/xxxx-xxxx,0.0
www.outrunventures.com/,www.outrunventures.com/,1,1,23,www.outrunventures.com/,VERB,VB,ROOT,xxx.xxxx.xxx/,0.0
www.northeastern.edu/idea/,www.northeastern.edu/idea/,1,1,26,www.northeastern.edu/idea/,NUM,CD,ROOT,xxx.xxxx.xxx/xxxx/,0.0
www.dbj-cap.jp,www.dbj-cap.jp,1,1,14,www.dbj-cap.jp,NOUN,NNS,ROOT,xxx.xxx-xxx.xx,0.0
entrepreneurship.asu.edu/launch/venture-devils,entrepreneurship.asu.edu/launch/venture-devils,1,1,46,entrepreneurship.asu.edu/launch/venture-devil,VERB,VBZ,ROOT,xxxx.xxx.xxx/xxxx/xxxx-xxxx,0.0
tenoneten.net,tenoneten.net,1,1,13,tenoneten.net,X,ADD,ROOT,xxxx.xxx,0.0
fuelcapital.com,fuelcapital.com,1,1,15,fuelcapital.com,X,ADD,ROOT,xxxx.xxx,0.0
dfjgrowth.com,dfjgrowth.com,1,1,13,dfjgrowth.com,X,ADD,ROOT,xxxx.xxx,0.0
www.baycitycapital.com,www.baycitycapital.com,1,1,22,www.baycitycapital.com,X,ADD,ROOT,xxx.xxxx.xxx,0.0
www.bettercapital.vc,www.bettercapital.vc,1,1,20,www.bettercapital.vc,SPACE,_SP,ROOT,xxx.xxxx.xx,0.0
apx.vc/,apx.vc/,1,1,7,apx.vc/,ADV,RB,ROOT,xxx.xx/,0.0
caffeinatedcapital.com/,caffeinatedcapital.com/,1,1,23,caffeinatedcapital.com/,PROPN,NNP,ROOT,xxxx.xxx/,0.0
www.lcatterton.com,www.lcatterton.com,1,1,18,www.lcatterton.com,X,ADD,ROOT,xxx.xxxx.xxx,0.0
indiaquotient.in,indiaquotient.in,1,1,16,indiaquotient.in,X,ADD,ROOT,xxxx.xx,0.0
www.promusventures.com,www.promusventures.com,1,1,22,www.promusventures.com,X,ADD,ROOT,xxx.xxxx.xxx,0.0
ipventures.in/,ipventures.in/,1,1,14,ipventures.in/,VERB,VB,ROOT,xxxx.xx/,0.0
www.safeguard.com,www.safeguard.com,1,1,17,www.safeguard.com,X,ADD,ROOT,xxx.xxxx.xxx,0.0
wilab.com,wilab.com,1,1,9,wilab.com,X,ADD,ROOT,xxxx.xxx,0.0
www.kinnevik.com,www.kinnevik.com,1,1,16,www.kinnevik.com,X,ADD,ROOT,xxx.xxxx.xxx,0.0
innov8.singtel.com,innov8.singtel.com,1,1,18,innov8.singtel.com,VERB,VB,ROOT,xxxxd.xxxx.xxx,0.0
www.newarkventurepartners.com,www.newarkventurepartners.com,1,1,29,www.newarkventurepartners.com,X,ADD,ROOT,xxx.xxxx.xxx,0.0
www.oxfordtechnology.com,www.oxfordtechnology.com,1,1,24,www.oxfordtechnology.com,X,ADD,ROOT,xxx.xxxx.xxx,0.0
rebelbio.co/,rebelbio.co/,1,1,12,rebelbio.co/,NOUN,NN,ROOT,xxxx.xx/,0.0
entrepreneurship.mit.edu/accelerator,entrepreneurship.mit.edu/accelerator,1,1,36,entrepreneurship.mit.edu/accelerator,NOUN,NN,ROOT,xxxx.xxx.xxx/xxxx,0.0
www.comventures.com,www.comventures.com,1,1,19,www.comventures.com,X,ADD,ROOT,xxx.xxxx.xxx,0.0
www.mercia.co.uk,www.mercia.co.uk,1,1,16,www.mercia.co.uk,VERB,VBN,ROOT,xxx.xxxx.xx.xx,0.0
www.3kvc.com,www.3kvc.com,1,1,12,www.3kvc.com,X,ADD,ROOT,xxx.dxxx.xxx,0.0
www.frzcapital.cn/index.php,www.frzcapital.cn/index.php,1,1,27,www.frzcapital.cn/index.php,INTJ,UH,ROOT,xxx.xxxx.xx/xxxx.xxx,0.0
www.venturesouq.com,www.venturesouq.com,1,1,19,www.venturesouq.com,X,ADD,ROOT,xxx.xxxx.xxx,0.0
au21.capital/,au21.capital/,1,1,13,au21.capital/,VERB,VBD,ROOT,xxdd.xxxx/,0.0
www.hlmvp.com,www.hlmvp.com,1,1,13,www.hlmvp.com,NOUN,NN,ROOT,xxx.xxxx.xxx,0.0
www.gizavc.com,www.gizavc.com,1,1,14,www.gizavc.com,X,ADD,ROOT,xxx.xxxx.xxx,0.0
www.growthworks.ca,www.growthworks.ca,1,1,18,www.growthworks.ca,SPACE,_SP,ROOT,xxx.xxxx.xx,0.0
www.thomvest.com,www.thomvest.com,1,1,16,www.thomvest.com,X,ADD,ROOT,xxx.xxxx.xxx,0.0
www.ftvcapital.com,www.ftvcapital.com,1,1,18,www.ftvcapital.com,X,ADD,ROOT,xxx.xxxx.xxx,0.0
www.inventure.vc,www.inventure.vc,1,1,16,www.inventure.vc,SPACE,_SP,ROOT,xxx.xxxx.xx,0.0
www.oakhcft.com/,www.oakhcft.com/,1,1,16,www.oakhcft.com/,SPACE,_SP,ROOT,xxx.xxxx.xxx/,0.0
www.gmo-vp.com/en/,www.gmo-vp.com/en/,1,1,18,www.gmo-vp.com/en/,PROPN,NNP,ROOT,xxx.xxx-xx.xxx/xx/,0.0
www.qbvp.com,www.qbvp.com,1,1,12,www.qbvp.com,X,ADD,ROOT,xxx.xxxx.xxx,0.0
www.baincapital.com,www.baincapital.com,1,1,19,www.baincapital.com,X,ADD,ROOT,xxx.xxxx.xxx,0.0
www.s2gventures.com,www.s2gventures.com,1,1,19,www.s2gventures.com,SPACE,_SP,ROOT,xxx.xdxxxx.xxx,0.0
thirdsphere.com,thirdsphere.com,1,1,15,thirdsphere.com,X,ADD,ROOT,xxxx.xxx,0.0
www.unileverventures.com/,www.unileverventures.com/,1,1,25,www.unileverventures.com/,VERB,VB,ROOT,xxx.xxxx.xxx/,0.0
bandangels.com,bandangels.com,1,1,14,bandangels.com,X,ADD,ROOT,xxxx.xxx,0.0
www.siparex.com,www.siparex.com,1,1,15,www.siparex.com,X,ADD,ROOT,xxx.xxxx.xxx,0.0
www.moonshotscapital.com/,www.moonshotscapital.com/,1,1,25,www.moonshotscapital.com/,NOUN,NN,ROOT,xxx.xxxx.xxx/,0.0
gsv.ventures,gsv.ventures,1,1,12,gsv.venture,VERB,VBZ,ROOT,xxx.xxxx,0.0
www.justinmateen.com,www.justinmateen.com,1,1,20,www.justinmateen.com,X,ADD,ROOT,xxx.xxxx.xxx,0.0
numa.co/,numa.co/,1,1,8,numa.co/,X,FW,ROOT,xxxx.xx/,0.0
www.kreoscapital.com,www.kreoscapital.com,1,1,20,www.kreoscapital.com,X,ADD,ROOT,xxx.xxxx.xxx,0.0
fifthwall.com/,fifthwall.com/,1,1,14,fifthwall.com/,PROPN,NNP,ROOT,xxxx.xxx/,0.0
www.tikehaucapital.com/,www.tikehaucapital.com/,1,1,23,www.tikehaucapital.com/,NOUN,NN,ROOT,xxx.xxxx.xxx/,0.0
www.operatorpartners.com,www.operatorpartners.com,1,1,24,www.operatorpartners.com,X,ADD,ROOT,xxx.xxxx.xxx,0.0
www.afventures.vc/,www.afventures.vc/,1,1,18,www.afventures.vc/,NOUN,NN,ROOT,xxx.xxxx.xx/,0.0
www.zkb.ch,www.zkb.ch,1,1,10,www.zkb.ch,NOUN,NN,ROOT,xxx.xxx.xx,0.0
capitalinnovators.com,capitalinnovators.com,1,1,21,capitalinnovators.com,X,ADD,ROOT,xxxx.xxx,0.0
www.qfvc.cn/,www.qfvc.cn/,1,1,12,www.qfvc.cn/,NOUN,NNS,ROOT,xxx.xxxx.xx/,0.0
www.rhoventures.com,www.rhoventures.com,1,1,19,www.rhoventures.com,X,ADD,ROOT,xxx.xxxx.xxx,0.0
www.techstart.vc/,www.techstart.vc/,1,1,17,www.techstart.vc/,NOUN,NN,ROOT,xxx.xxxx.xx/,0.0
signaturescapital.com/,signaturescapital.com/,1,1,22,signaturescapital.com/,PROPN,NNP,ROOT,xxxx.xxx/,0.0
www.amazon.com/,www.amazon.com/,1,1,15,www.amazon.com/,VERB,VB,ROOT,xxx.xxxx.xxx/,0.0
www.birchmerevc.com,www.birchmerevc.com,1,1,19,www.birchmerevc.com,X,ADD,ROOT,xxx.xxxx.xxx,0.0
www.spectrumequity.com,www.spectrumequity.com,1,1,22,www.spectrumequity.com,X,ADD,ROOT,xxx.xxxx.xxx,0.0
www.daiwa-inv.co.jp/english,www.daiwa-inv.co.jp/english,1,1,27,www.daiwa-inv.co.jp/english,PUNCT,.,ROOT,xxx.xxxx-xxx.xx.xx/xxxx,0.0
www.bostonharborangels.com,www.bostonharborangels.com,1,1,26,www.bostonharborangels.com,X,ADD,ROOT,xxx.xxxx.xxx,0.0
www.jpmorgan.com,www.jpmorgan.com,1,1,16,www.jpmorgan.com,X,ADD,ROOT,xxx.xxxx.xxx,0.0
www.llrpartners.com/,www.llrpartners.com/,1,1,20,www.llrpartners.com/,VERB,VB,ROOT,xxx.xxxx.xxx/,0.0
www.addorcapital.com,www.addorcapital.com,1,1,20,www.addorcapital.com,X,ADD,ROOT,xxx.xxxx.xxx,0.0
rethink.vc/education,rethink.vc/education,1,1,20,rethink.vc/education,NOUN,NN,ROOT,xxxx.xx/xxxx,0.0
www.thirdrockventures.com,www.thirdrockventures.com,1,1,25,www.thirdrockventures.com,X,ADD,ROOT,xxx.xxxx.xxx,0.0
acestartups.com.br,acestartups.com.br,1,1,18,acestartups.com.br,SPACE,_SP,ROOT,xxxx.xxx.xx,0.0
www.karista.vc/,www.karista.vc/,1,1,15,www.karista.vc/,NOUN,NN,ROOT,xxx.xxxx.xx/,0.0
www.eldorado.com,www.eldorado.com,1,1,16,www.eldorado.com,X,ADD,ROOT,xxx.xxxx.xxx,0.0
www.threearchpartners.com,www.threearchpartners.com,1,1,25,www.threearchpartners.com,X,ADD,ROOT,xxx.xxxx.xxx,0.0
iosg.vc,iosg.vc,1,1,7,iosg.vc,X,ADD,ROOT,xxxx.xx,0.0
vertexventures.cn/,vertexventures.cn/,1,1,18,vertexventures.cn/,VERB,VBZ,ROOT,xxxx.xx/,0.0
rockspringscapital.com,rockspringscapital.com,1,1,22,rockspringscapital.com,X,ADD,ROOT,xxxx.xxx,0.0
www.fondaction.com,www.fondaction.com,1,1,18,www.fondaction.com,X,ADD,ROOT,xxx.xxxx.xxx,0.0
ventures.rga.com/,ventures.rga.com/,1,1,17,ventures.rga.com/,PROPN,NNP,ROOT,xxxx.xxx.xxx/,0.0
zvc.vc,zvc.vc,1,1,6,zvc.vc,VERB,VB,ROOT,xxx.xx,0.0
www.gecapital.com/en/index.html,www.gecapital.com/en/index.html,1,1,31,www.gecapital.com/en/index.html,NOUN,NNS,ROOT,xxx.xxxx.xxx/xx/xxxx.xxxx,0.0
www.oxbio.com,www.oxbio.com,1,1,13,www.oxbio.com,X,ADD,ROOT,xxx.xxxx.xxx,0.0
angel.co,angel.co,1,1,8,angel.co,X,ADD,ROOT,xxxx.xx,0.0
www.silverlake.com,www.silverlake.com,1,1,18,www.silverlake.com,X,ADD,ROOT,xxx.xxxx.xxx,0.0
amazon.com,amazon.com,1,1,10,amazon.com,X,ADD,ROOT,xxxx.xxx,0.0
flourishventures.com,flourishventures.com,1,1,20,flourishventures.com,X,ADD,ROOT,xxxx.xxx,0.0
ec.europa.eu/commission/index_en,ec.europa.eu/commission/index_en,1,1,32,ec.europa.eu/commission/index_en,X,ADD,ROOT,xx.xxxx.xx/xxxx/xxxx_xx,0.0
omegafunds.com,omegafunds.com,1,1,14,omegafunds.com,X,ADD,ROOT,xxxx.xxx,0.0
www.iqcapital.vc,www.iqcapital.vc,1,1,16,www.iqcapital.vc,SPACE,_SP,ROOT,xxx.xxxx.xx,0.0
www.sonyinnovationfund.com/,www.sonyinnovationfund.com/,1,1,27,www.sonyinnovationfund.com/,SPACE,_SP,ROOT,xxx.xxxx.xxx/,0.0
www.barclays.co.uk/,www.barclays.co.uk/,1,1,19,www.barclays.co.uk/,NOUN,NN,ROOT,xxx.xxxx.xx.xx/,0.0
www.fvc.co.jp,www.fvc.co.jp,1,1,13,www.fvc.co.jp,ADV,RB,ROOT,xxx.xxx.xx.xx,0.0
allegiscyber.com/,allegiscyber.com/,1,1,17,allegiscyber.com/,PROPN,NNP,ROOT,xxxx.xxx/,0.0
www.techstars.com/programs/austin-program/,www.techstars.com/programs/austin-program/,1,1,42,www.techstars.com/programs/austin-program/,NOUN,NN,ROOT,xxx.xxxx.xxx/xxxx/xxxx-xxxx/,0.0
www.techstars.com/accelerators/london,www.techstars.com/accelerators/london,1,1,37,www.techstars.com/accelerators/london,NUM,CD,ROOT,xxx.xxxx.xxx/xxxx/xxxx,0.0
www.vintage-ip.com,www.vintage-ip.com,1,1,18,www.vintage-ip.com,PROPN,NNP,ROOT,xxx.xxxx-xx.xxx,0.0
www.innovx.eu/,www.innovx.eu/,1,1,14,www.innovx.eu/,VERB,VBN,ROOT,xxx.xxxx.xx/,0.0
investment.tencent.com/,investment.tencent.com/,1,1,23,investment.tencent.com/,PUNCT,.,ROOT,xxxx.xxxx.xxx/,0.0
www.triplepointcapital.com,www.triplepointcapital.com,1,1,26,www.triplepointcapital.com,X,ADD,ROOT,xxx.xxxx.xxx,0.0
fiftyyears.com/,fiftyyears.com/,1,1,15,fiftyyears.com/,X,FW,ROOT,xxxx.xxx/,0.0
www.cdcgroup.com,www.cdcgroup.com,1,1,16,www.cdcgroup.com,X,ADD,ROOT,xxx.xxxx.xxx,0.0
www.canaccordgenuity.com/,www.canaccordgenuity.com/,1,1,25,www.canaccordgenuity.com/,NOUN,NN,ROOT,xxx.xxxx.xxx/,0.0
www.squarepegcap.com,www.squarepegcap.com,1,1,20,www.squarepegcap.com,X,ADD,ROOT,xxx.xxxx.xxx,0.0
www.tribecavp.com,www.tribecavp.com,1,1,17,www.tribecavp.com,X,ADD,ROOT,xxx.xxxx.xxx,0.0
firstminute.capital/,firstminute.capital/,1,1,20,firstminute.capital/,X,LS,ROOT,xxxx.xxxx/,0.0
www.redalpine.com,www.redalpine.com,1,1,17,www.redalpine.com,X,ADD,ROOT,xxx.xxxx.xxx,0.0
mountain.partners/,mountain.partners/,1,1,18,mountain.partners/,NOUN,NNS,ROOT,xxxx.xxxx/,0.0
www.socialleverage.com,www.socialleverage.com,1,1,22,www.socialleverage.com,X,ADD,ROOT,xxx.xxxx.xxx,0.0
www.naxicap.fr,www.naxicap.fr,1,1,14,www.naxicap.fr,SPACE,_SP,ROOT,xxx.xxxx.xx,0.0
www.tiantu.com.cn,www.tiantu.com.cn,1,1,17,www.tiantu.com.cn,VERB,VBN,ROOT,xxx.xxxx.xxx.xx,0.0
www.microsoftaccelerator.com/locations/bangalore,www.microsoftaccelerator.com/locations/bangalore,1,1,48,www.microsoftaccelerator.com/locations/bangalore,ADV,RBR,ROOT,xxx.xxxx.xxx/xxxx/xxxx,0.0
elevationcapital.com,elevationcapital.com,1,1,20,elevationcapital.com,X,ADD,ROOT,xxxx.xxx,0.0
www.ldc.co.uk,www.ldc.co.uk,1,1,13,www.ldc.co.uk,VERB,VB,ROOT,xxx.xxx.xx.xx,0.0
foundersfactory.com/,foundersfactory.com/,1,1,20,foundersfactory.com/,PROPN,NNP,ROOT,xxxx.xxx/,0.0
oxfordscienceenterprises.com/,oxfordscienceenterprises.com/,1,1,29,oxfordscienceenterprises.com/,NOUN,NN,ROOT,xxxx.xxx/,0.0
www.yonghuacapital.com.cn/,www.yonghuacapital.com.cn/,1,1,26,www.yonghuacapital.com.cn/,NOUN,NNS,ROOT,xxx.xxxx.xxx.xx/,0.0
www.openviewpartners.com,www.openviewpartners.com,1,1,24,www.openviewpartners.com,X,ADD,ROOT,xxx.xxxx.xxx,0.0
www.genesiaventures.com,www.genesiaventures.com,1,1,23,www.genesiaventures.com,X,ADD,ROOT,xxx.xxxx.xxx,0.0
wellcome.org,wellcome.org,1,1,12,wellcome.org,ADV,RB,ROOT,xxxx.xxx,0.0
acumen.org,acumen.org,1,1,10,acumen.org,X,ADD,ROOT,xxxx.xxx,0.0
www.dawncapital.com,www.dawncapital.com,1,1,19,www.dawncapital.com,X,ADD,ROOT,xxx.xxxx.xxx,0.0
ventures.swisscom.com,ventures.swisscom.com,1,1,21,ventures.swisscom.com,NOUN,NN,ROOT,xxxx.xxxx.xxx,0.0
www.actoncapital.com,www.actoncapital.com,1,1,20,www.actoncapital.com,X,ADD,ROOT,xxx.xxxx.xxx,0.0
www.chevron.com/technology/technology-ventures,www.chevron.com/technology/technology-ventures,1,1,46,www.chevron.com/technology/technology-venture,VERB,VBZ,ROOT,xxx.xxxx.xxx/xxxx/xxxx-xxxx,0.0
developers.google.com/,developers.google.com/,1,1,22,developers.google.com/,VERB,VB,ROOT,xxxx.xxxx.xxx/,0.0
pjc.vc,pjc.vc,1,1,6,pjc.vc,NUM,CD,ROOT,xxx.xx,0.0
www.massatloan.org,www.massatloan.org,1,1,18,www.massatloan.org,NUM,CD,ROOT,xxx.xxxx.xxx,0.0
www.aspectventures.com,www.aspectventures.com,1,1,22,www.aspectventures.com,X,ADD,ROOT,xxx.xxxx.xxx,0.0
www.aaf.vc,www.aaf.vc,1,1,10,www.aaf.vc,NOUN,NN,ROOT,xxx.xxx.xx,0.0
www.acfinvestors.com,www.acfinvestors.com,1,1,20,www.acfinvestors.com,X,ADD,ROOT,xxx.xxxx.xxx,0.0
www.hedgewood.com,www.hedgewood.com,1,1,17,www.hedgewood.com,X,ADD,ROOT,xxx.xxxx.xxx,0.0
www.novakbiddle.com,www.novakbiddle.com,1,1,19,www.novakbiddle.com,X,ADD,ROOT,xxx.xxxx.xxx,0.0
www.ovp.com,www.ovp.com,1,1,11,www.ovp.com,X,ADD,ROOT,xxx.xxx.xxx,0.0
www.mickk.com,www.mickk.com,1,1,13,www.mickk.com,X,ADD,ROOT,xxx.xxxx.xxx,0.0
www.epvc.com,www.epvc.com,1,1,12,www.epvc.com,X,ADD,ROOT,xxx.xxxx.xxx,0.0
www.preludeventures.com,www.preludeventures.com,1,1,23,www.preludeventures.com,X,ADD,ROOT,xxx.xxxx.xxx,0.0
xrclabs.com/,xrclabs.com/,1,1,12,xrclabs.com/,PROPN,NNP,ROOT,xxxx.xxx/,0.0
www.breakthroughenergy.org,www.breakthroughenergy.org,1,1,26,www.breakthroughenergy.org,NOUN,NN,ROOT,xxx.xxxx.xxx,0.0
mobileonlyx.com/,mobileonlyx.com/,1,1,16,mobileonlyx.com/,VERB,VB,ROOT,xxxx.xxx/,0.0
trifectacapital.in/,trifectacapital.in/,1,1,19,trifectacapital.in/,NOUN,NN,ROOT,xxxx.xx/,0.0
www.bluestartups.com,www.bluestartups.com,1,1,20,www.bluestartups.com,X,ADD,ROOT,xxx.xxxx.xxx,0.0
www.sghcapital.com,www.sghcapital.com,1,1,18,www.sghcapital.com,X,ADD,ROOT,xxx.xxxx.xxx,0.0
www.cbc-capital.com,www.cbc-capital.com,1,1,19,www.cbc-capital.com,PROPN,NNP,ROOT,xxx.xxx-xxxx.xxx,0.0
georgian.io,georgian.io,1,1,11,georgian.io,X,ADD,ROOT,xxxx.xx,0.0
www.ExpansionVC.com,www.ExpansionVC.com,1,1,19,www.ExpansionVC.com,PROPN,NNP,ROOT,xxx.XxxxxXX.xxx,0.0
www.rbvc.com,www.rbvc.com,1,1,12,www.rbvc.com,X,ADD,ROOT,xxx.xxxx.xxx,0.0
www.tlventures.com,www.tlventures.com,1,1,18,www.tlventures.com,X,ADD,ROOT,xxx.xxxx.xxx,0.0
www.bitkraft.vc,www.bitkraft.vc,1,1,15,www.bitkraft.vc,SPACE,_SP,ROOT,xxx.xxxx.xx,0.0
www.jungle.vc,www.jungle.vc,1,1,13,www.jungle.vc,SPACE,_SP,ROOT,xxx.xxxx.xx,0.0
www.outlierventures.io,www.outlierventures.io,1,1,22,www.outlierventures.io,SPACE,_SP,ROOT,xxx.xxxx.xx,0.0
tobacapital.com,tobacapital.com,1,1,15,tobacapital.com,X,ADD,ROOT,xxxx.xxx,0.0
www.ardian.com/,www.ardian.com/,1,1,15,www.ardian.com/,NOUN,NN,ROOT,xxx.xxxx.xxx/,0.0
www.baidu.com,www.baidu.com,1,1,13,www.baidu.com,X,ADD,ROOT,xxx.xxxx.xxx,0.0
www.meridiancapital.com.cn/,www.meridiancapital.com.cn/,1,1,27,www.meridiancapital.com.cn/,NOUN,NNS,ROOT,xxx.xxxx.xxx.xx/,0.0
trustbridgepartners.com/,trustbridgepartners.com/,1,1,24,trustbridgepartners.com/,NOUN,NN,ROOT,xxxx.xxx/,0.0
newschools.org,newschools.org,1,1,14,newschools.org,X,ADD,ROOT,xxxx.xxx,0.0
www.northgate.com,www.northgate.com,1,1,17,www.northgate.com,X,ADD,ROOT,xxx.xxxx.xxx,0.0
www.cfh.de,www.cfh.de,1,1,10,www.cfh.de,ADV,RB,ROOT,xxx.xxx.xx,0.0
www.magmavc.com,www.magmavc.com,1,1,15,www.magmavc.com,X,ADD,ROOT,xxx.xxxx.xxx,0.0
www.crescendoventures.com,www.crescendoventures.com,1,1,25,www.crescendoventures.com,X,ADD,ROOT,xxx.xxxx.xxx,0.0
www.labrador.com,www.labrador.com,1,1,16,www.labrador.com,X,ADD,ROOT,xxx.xxxx.xxx,0.0
capital.lenovo.com/,capital.lenovo.com/,1,1,19,capital.lenovo.com/,PROPN,NNP,ROOT,xxxx.xxxx.xxx/,0.0
cspartners.co.kr,cspartners.co.kr,1,1,16,cspartners.co.kr,VERB,VB,ROOT,xxxx.xx.xx,0.0
www.aislingcapital.com,www.aislingcapital.com,1,1,22,www.aislingcapital.com,X,ADD,ROOT,xxx.xxxx.xxx,0.0
www.isai.fr/,www.isai.fr/,1,1,12,www.isai.fr/,VERB,VB,ROOT,xxx.xxxx.xx/,0.0
www.dtcap.com/cn/home.asp,www.dtcap.com/cn/home.asp,1,1,25,www.dtcap.com/cn/home.asp,SPACE,_SP,ROOT,xxx.xxxx.xxx/xx/xxxx.xxx,0.0
www.florida-institute.com,www.florida-institute.com,1,1,25,www.florida-institute.com,X,ADD,ROOT,xxx.xxxx-xxxx.xxx,0.0
www.jkbcapital.com,www.jkbcapital.com,1,1,18,www.jkbcapital.com,X,ADD,ROOT,xxx.xxxx.xxx,0.0
www.rhsmith.umd.edu,www.rhsmith.umd.edu,1,1,19,www.rhsmith.umd.edu,NOUN,NNS,ROOT,xxx.xxxx.xxx.xxx,0.0
www.mmvf.com/,www.mmvf.com/,1,1,13,www.mmvf.com/,NOUN,NN,ROOT,xxx.xxxx.xxx/,0.0
m13.co,m13.co,1,1,6,m13.co,ADJ,JJ,ROOT,xdd.xx,0.0
tedco.md,tedco.md,1,1,8,tedco.md,X,ADD,ROOT,xxxx.xx,0.0
matchstickventures.com,matchstickventures.com,1,1,22,matchstickventures.com,X,ADD,ROOT,xxxx.xxx,0.0
ldcap.com/,ldcap.com/,1,1,10,ldcap.com/,PROPN,NNP,ROOT,xxxx.xxx/,0.0
www.wndrco.com/,www.wndrco.com/,1,1,15,www.wndrco.com/,SPACE,_SP,ROOT,xxx.xxxx.xxx/,0.0
www.preseedventures.dk,www.preseedventures.dk,1,1,22,www.preseedventures.dk,SPACE,_SP,ROOT,xxx.xxxx.xx,0.0
www.cathayinnovation.com,www.cathayinnovation.com,1,1,24,www.cathayinnovation.com,X,ADD,ROOT,xxx.xxxx.xxx,0.0
telstraventures.com/,telstraventures.com/,1,1,20,telstraventures.com/,X,FW,ROOT,xxxx.xxx/,0.0
www.launchpadventuregroup.com,www.launchpadventuregroup.com,1,1,29,www.launchpadventuregroup.com,X,ADD,ROOT,xxx.xxxx.xxx,0.0
eclipse.vc/,eclipse.vc/,1,1,11,eclipse.vc/,X,XX,ROOT,xxxx.xx/,0.0
signiaventurepartners.com/,signiaventurepartners.com/,1,1,26,signiaventurepartners.com/,NOUN,NN,ROOT,xxxx.xxx/,0.0
www.wisinvpartners.com,www.wisinvpartners.com,1,1,22,www.wisinvpartners.com,X,ADD,ROOT,xxx.xxxx.xxx,0.0
www.axelspringerplugandplay.com,www.axelspringerplugandplay.com,1,1,31,www.axelspringerplugandplay.com,X,ADD,ROOT,xxx.xxxx.xxx,0.0
www.pre-angel.com,www.pre-angel.com,1,1,17,www.pre-angel.com,X,ADD,ROOT,xxx.xxx-xxxx.xxx,0.0
www.genesispartners.com,www.genesispartners.com,1,1,23,www.genesispartners.com,X,ADD,ROOT,xxx.xxxx.xxx,0.0
fourcitiescapital.com/,fourcitiescapital.com/,1,1,22,fourcitiescapital.com/,VERB,VB,ROOT,xxxx.xxx/,0.0
fintechsandbox.org/,fintechsandbox.org/,1,1,19,fintechsandbox.org/,NOUN,NN,ROOT,xxxx.xxx/,0.0
www.ceyuan.com,www.ceyuan.com,1,1,14,www.ceyuan.com,X,ADD,ROOT,xxx.xxxx.xxx,0.0
www.ebrd.com,www.ebrd.com,1,1,12,www.ebrd.com,X,ADD,ROOT,xxx.xxxx.xxx,0.0
titancapital.vc,titancapital.vc,1,1,15,titancapital.vc,X,ADD,ROOT,xxxx.xx,0.0
www.stripes.co,www.stripes.co,1,1,14,www.stripes.co,SPACE,_SP,ROOT,xxx.xxxx.xx,0.0
brooklynbridge.vc,brooklynbridge.vc,1,1,17,brooklynbridge.vc,NUM,CD,ROOT,xxxx.xx,0.0
www.square1bank.com,www.square1bank.com,1,1,19,www.square1bank.com,X,ADD,ROOT,xxx.xxxxdxxxx.xxx,0.0
www.midven.com,www.midven.com,1,1,14,www.midven.com,PUNCT,.,ROOT,xxx.xxxx.xxx,0.0
www.forbion.com,www.forbion.com,1,1,15,www.forbion.com,X,ADD,ROOT,xxx.xxxx.xxx,0.0
reachcapital.com/,reachcapital.com/,1,1,17,reachcapital.com/,PROPN,NNP,ROOT,xxxx.xxx/,0.0
www.albion.vc/,www.albion.vc/,1,1,14,www.albion.vc/,NOUN,NN,ROOT,xxx.xxxx.xx/,0.0
www.acceleratorcentre.com,www.acceleratorcentre.com,1,1,25,www.acceleratorcentre.com,X,ADD,ROOT,xxx.xxxx.xxx,0.0
www.cmcapital.com.cn,www.cmcapital.com.cn,1,1,20,www.cmcapital.com.cn,NOUN,NN,ROOT,xxx.xxxx.xxx.xx,0.0
goldengate.vc/,goldengate.vc/,1,1,14,goldengate.vc/,ADV,RB,ROOT,xxxx.xx/,0.0
innovationisrael.org.il,innovationisrael.org.il,1,1,23,innovationisrael.org.il,SPACE,_SP,ROOT,xxxx.xxx.xx,0.0
www.sig.com,www.sig.com,1,1,11,www.sig.com,X,ADD,ROOT,xxx.xxx.xxx,0.0
www.upwest.vc,www.upwest.vc,1,1,13,www.upwest.vc,SPACE,_SP,ROOT,xxx.xxxx.xx,0.0
www.ttvcapital.com,www.ttvcapital.com,1,1,18,www.ttvcapital.com,X,ADD,ROOT,xxx.xxxx.xxx,0.0
www.airtree.vc,www.airtree.vc,1,1,14,www.airtree.vc,SPACE,_SP,ROOT,xxx.xxxx.xx,0.0
www.rho.com,www.rho.com,1,1,11,www.rho.com,NOUN,NN,ROOT,xxx.xxx.xxx,0.0
www.abven.com,www.abven.com,1,1,13,www.abven.com,X,ADD,ROOT,xxx.xxxx.xxx,0.0
www.connectventures.co/,www.connectventures.co/,1,1,23,www.connectventures.co/,ADJ,JJR,ROOT,xxx.xxxx.xx/,0.0
www.fidelityventures.com,www.fidelityventures.com,1,1,24,www.fidelityventures.com,X,ADD,ROOT,xxx.xxxx.xxx,0.0
www.serena.vc,www.serena.vc,1,1,13,www.serena.vc,SPACE,_SP,ROOT,xxx.xxxx.xx,0.0
www.axilor.com/,www.axilor.com/,1,1,15,www.axilor.com/,NOUN,NN,ROOT,xxx.xxxx.xxx/,0.0
aleph.vc,aleph.vc,1,1,8,aleph.vc,X,ADD,ROOT,xxxx.xx,0.0
www.hofvc.com,www.hofvc.com,1,1,13,www.hofvc.com,X,ADD,ROOT,xxx.xxxx.xxx,0.0
www.icehouseventures.co.nz/,www.icehouseventures.co.nz/,1,1,27,www.icehouseventures.co.nz/,ADV,RB,ROOT,xxx.xxxx.xx.xx/,0.0
www.oriza.com.cn,www.oriza.com.cn,1,1,16,www.oriza.com.cn,NOUN,NN,ROOT,xxx.xxxx.xxx.xx,0.0
www.expa.com,www.expa.com,1,1,12,www.expa.com,NOUN,NN,ROOT,xxx.xxxx.xxx,0.0
