Text,Token,Count,Freq,Length,Lemma,PoS,Tag,Dep,Shape,Sentiment
info@ycombinator.com,info@ycombinator.com,1,1,20,info@ycombinator.com,X,ADD,ROOT,xxxx@xxxx.xxx,0.0
EASME-SME-HELPDESK@ec.europa.eu,EASME-SME-HELPDESK@ec.europa.eu,1,1,31,EASME-SME-HELPDESK@ec.europa.eu,NOUN,NNS,ROOT,XXXX-XXX-XXXX@xx.xxxx.xx,0.0
sbir@nsf.gov,sbir@nsf.gov,1,1,12,sbir@nsf.gov,ADJ,JJ,ROOT,xxxx@xxx.xxx,0.0
info@techstars.com,info@techstars.com,1,5,18,info@techstars.com,X,ADD,ROOT,xxxx@xxxx.xxx,0.0
contact@masschallenge.org,contact@masschallenge.org,1,1,25,contact@masschallenge.org,VERB,VB,ROOT,xxxx@xxxx.xxx,0.0
info@500startups.com,info@500startups.com,1,1,20,info@500startups.com,X,ADD,ROOT,xxxx@dddxxxx.xxx,0.0
hello@sosv.com,hello@sosv.com,1,2,14,hello@sosv.com,X,ADD,ROOT,xxxx@xxxx.xxx,0.0
kbarrett@nea.com,kbarrett@nea.com,1,1,16,kbarrett@nea.com,VERB,VB,ROOT,xxxx@xxx.xxx,0.0
acesso@bossainvest.com,acesso@bossainvest.com,1,1,22,acesso@bossainvest.com,X,ADD,ROOT,xxxx@xxxx.xxx,0.0
Intel.Capital@intel.com,Intel.Capital@intel.com,1,1,23,Intel.Capital@intel.com,PROPN,NNP,ROOT,Xxxxx.Xxxxx@xxxx.xxx,0.0
investment@plugandplaytechcenter.com,investment@plugandplaytechcenter.com,1,1,36,investment@plugandplaytechcenter.com,X,ADD,ROOT,xxxx@xxxx.xxx,0.0
cooperation@idgcapital.com,cooperation@idgcapital.com,1,1,26,cooperation@idgcapital.com,X,ADD,ROOT,xxxx@xxxx.xxx,0.0
plans@kpcb.com,plans@kpcb.com,1,1,14,plans@kpcb.com,X,ADD,ROOT,xxxx@xxxx.xxx,0.0
businessplans@a16z.com,businessplans@a16z.com,1,1,22,businessplans@a16z.com,X,FW,ROOT,xxxx@xddx.xxx,0.0
info@venturekick.ch,info@venturekick.ch,1,1,19,info@venturekick.ch,PROPN,NNP,ROOT,xxxx@xxxx.xx,0.0
businessplans@bvp.com,businessplans@bvp.com,1,1,21,businessplans@bvp.com,X,XX,ROOT,xxxx@xxx.xxx,0.0
info@avgfunds.com,info@avgfunds.com,1,1,17,info@avgfunds.com,X,ADD,ROOT,xxxx@xxxx.xxx,0.0
Admin@rightsidecapital.com,Admin@rightsidecapital.com,1,1,26,admin@rightsidecapital.com,X,ADD,ROOT,Xxxxx@xxxx.xxx,0.0
wayra@wayra.org,wayra@wayra.org,1,1,15,wayra@wayra.org,NUM,CD,ROOT,xxxx@xxxx.xxx,0.0
info@lsvp.com,info@lsvp.com,1,1,13,info@lsvp.com,X,ADD,ROOT,xxxx@xxxx.xxx,0.0
info@advantagecap.com,info@advantagecap.com,1,1,21,info@advantagecap.com,X,ADD,ROOT,xxxx@xxxx.xxx,0.0
gcinfo@generalcatalyst.com,gcinfo@generalcatalyst.com,1,1,26,gcinfo@generalcatalyst.com,X,ADD,ROOT,xxxx@xxxx.xxx,0.0
press@indexventures.com,press@indexventures.com,1,1,23,press@indexventures.com,X,ADD,ROOT,xxxx@xxxx.xxx,0.0
kv@khoslaventures.com,kv@khoslaventures.com,1,1,21,kv@khoslaventures.com,X,ADD,ROOT,xx@xxxx.xxx,0.0
info@nyserda.ny.gov,info@nyserda.ny.gov,1,1,19,info@nyserda.ny.gov,PUNCT,``,ROOT,xxxx@xxxx.xx.xxx,0.0
press@insightpartners.com,press@insightpartners.com,1,1,25,press@insightpartners.com,X,ADD,ROOT,xxxx@xxxx.xxx,0.0
gs-investor-relations@gs.com,gs-investor-relations@gs.com,1,1,28,gs-investor-relations@gs.com,PROPN,NNP,ROOT,xx-xxxx-xxxx@xx.xxx,0.0
contact@startupchile.org,contact@startupchile.org,1,1,24,contact@startupchile.org,NUM,CD,ROOT,xxxx@xxxx.xxx,0.0
F3A@bpifrance.fr,F3A@bpifrance.fr,1,1,16,f3a@bpifrance.fr,ADJ,JJ,ROOT,XdX@xxxx.xx,0.0
press@thresholdvc.com,press@thresholdvc.com,1,1,21,press@thresholdvc.com,X,ADD,ROOT,xxxx@xxxx.xxx,0.0
contact@globalfounderscapital.com,contact@globalfounderscapital.com,1,1,33,contact@globalfounderscapital.com,X,ADD,ROOT,xxxx@xxxx.xxx,0.0
info@firstround.com,info@firstround.com,1,1,19,info@firstround.com,X,ADD,ROOT,xxxx@xxxx.xxx,0.0
businessplan@nvp.com,businessplan@nvp.com,1,1,20,businessplan@nvp.com,X,ADD,ROOT,xxxx@xxx.xxx,0.0
press@greylock.com,press@greylock.com,1,1,18,press@greylock.com,X,ADD,ROOT,xxxx@xxxx.xxx,0.0
clientservice@svb.com,clientservice@svb.com,1,1,21,clientservice@svb.com,VERB,VB,ROOT,xxxx@xxx.xxx,0.0
contactus@qimingvc.com,contactus@qimingvc.com,1,1,22,contactus@qimingvc.com,X,ADD,ROOT,xxxx@xxxx.xxx,0.0
publicrelations@venrock.com,publicrelations@venrock.com,1,1,27,publicrelations@venrock.com,X,ADD,ROOT,xxxx@xxxx.xxx,0.0
media@zhenfund.com,media@zhenfund.com,1,1,18,media@zhenfund.com,X,ADD,ROOT,xxxx@xxxx.xxx,0.0
info@htgf.de,info@htgf.de,1,1,12,info@htgf.de,ADJ,JJ,ROOT,xxxx@xxxx.xx,0.0
info@hiventures.hu,info@hiventures.hu,1,1,18,info@hiventures.hu,PROPN,NNP,ROOT,xxxx@xxxx.xx,0.0
info@creativedestructionlab.com,info@creativedestructionlab.com,1,1,31,info@creativedestructionlab.com,X,ADD,ROOT,xxxx@xxxx.xxx,0.0
info@greycroft.com,info@greycroft.com,1,1,18,info@greycroft.com,X,ADD,ROOT,xxxx@xxxx.xxx,0.0
lhahn@canaan.com,lhahn@canaan.com,1,1,16,lhahn@canaan.com,NUM,CD,ROOT,xxxx@xxxx.xxx,0.0
investors@menlovc.com,investors@menlovc.com,1,1,21,investors@menlovc.com,X,ADD,ROOT,xxxx@xxxx.xxx,0.0
admin@sandhillangels.com,admin@sandhillangels.com,1,1,24,admin@sandhillangels.com,X,ADD,ROOT,xxxx@xxxx.xxx,0.0
gc@tencent.com,gc@tencent.com,1,1,14,gc@tencent.com,X,ADD,ROOT,xx@xxxx.xxx,0.0
info@crowdcube.com,info@crowdcube.com,1,1,18,info@crowdcube.com,X,ADD,ROOT,xxxx@xxxx.xxx,0.0
info@mainetechnology.org,info@mainetechnology.org,1,1,24,info@mainetechnology.org,VERB,VB,ROOT,xxxx@xxxx.xxx,0.0
rannis@rannis.is,rannis@rannis.is,1,1,16,rannis@rannis.is,X,FW,ROOT,xxxx@xxxx.xx,0.0
equitydept@enterprise-ireland.com,equitydept@enterprise-ireland.com,1,1,33,equitydept@enterprise-ireland.com,PROPN,NNP,ROOT,xxxx@xxxx-xxxx.xxx,0.0
info@foundationcapital.com,info@foundationcapital.com,1,1,26,info@foundationcapital.com,X,ADD,ROOT,xxxx@xxxx.xxx,0.0
info@matrixpartners.com.cn,info@matrixpartners.com.cn,1,1,26,info@matrixpartners.com.cn,PROPN,NNP,ROOT,xxxx@xxxx.xxx.xx,0.0
partnership@polarispartners.com,partnership@polarispartners.com,1,1,31,partnership@polarispartners.com,X,ADD,ROOT,xxxx@xxxx.xxx,0.0
careers@crv.com,careers@crv.com,1,1,15,careers@crv.com,VERB,VB,ROOT,xxxx@xxx.xxx,0.0
press@trueventures.com,press@trueventures.com,1,1,22,press@trueventures.com,X,ADD,ROOT,xxxx@xxxx.xxx,0.0
info@mayfield.com,info@mayfield.com,1,1,17,info@mayfield.com,X,ADD,ROOT,xxxx@xxxx.xxx,0.0
NIHinfo@od.nih.gov,NIHinfo@od.nih.gov,1,1,18,nihinfo@od.nih.gov,NOUN,NN,ROOT,XXXxxxx@xx.xxx.xxx,0.0
businessplan@dcm.com,businessplan@dcm.com,1,1,20,businessplan@dcm.com,SPACE,_SP,ROOT,xxxx@xxx.xxx,0.0
contact@lererhippeau.com,contact@lererhippeau.com,1,1,24,contact@lererhippeau.com,X,ADD,ROOT,xxxx@xxxx.xxx,0.0
startindia@sequoiacap.com,startindia@sequoiacap.com,1,1,25,startindia@sequoiacap.com,X,ADD,ROOT,xxxx@xxxx.xxx,0.0
sf@brandcapital.co.in,sf@brandcapital.co.in,1,1,21,sf@brandcapital.co.in,PROPN,NNP,ROOT,xx@xxxx.xx.xx,0.0
info@rre.com,info@rre.com,1,1,12,info@rre.com,X,XX,ROOT,xxxx@xxx.xxx,0.0
bcv@baincapitalventures.com,bcv@baincapitalventures.com,1,1,27,bcv@baincapitalventures.com,NOUN,NN,ROOT,xxx@xxxx.xxx,0.0
members@techcoastangels.com,members@techcoastangels.com,1,1,27,members@techcoastangels.com,X,ADD,ROOT,xxxx@xxxx.xxx,0.0
hello@boxgroup.com,hello@boxgroup.com,1,1,18,hello@boxgroup.com,X,ADD,ROOT,xxxx@xxxx.xxx,0.0
lifesciences@atlasventure.com,lifesciences@atlasventure.com,1,1,29,lifesciences@atlasventure.com,X,ADD,ROOT,xxxx@xxxx.xxx,0.0
support@innovateuk.ukri.org,support@innovateuk.ukri.org,1,1,27,support@innovateuk.ukri.org,NUM,CD,ROOT,xxxx@xxxx.xxxx.xxx,0.0
info@orbimed.com,info@orbimed.com,1,1,16,info@orbimed.com,X,ADD,ROOT,xxxx@xxxx.xxx,0.0
admissions@alchemistaccelerator.com,admissions@alchemistaccelerator.com,1,1,35,admissions@alchemistaccelerator.com,X,ADD,ROOT,xxxx@xxxx.xxx,0.0
info@innovationworks.org,info@innovationworks.org,1,1,24,info@innovationworks.org,X,LS,ROOT,xxxx@xxxx.xxx,0.0
contact@usvp.com,contact@usvp.com,1,1,16,contact@usvp.com,X,ADD,ROOT,xxxx@xxxx.xxx,0.0
info@startupbootcamp.org,info@startupbootcamp.org,1,1,24,info@startupbootcamp.org,X,LS,ROOT,xxxx@xxxx.xxx,0.0
info@east.vc,info@east.vc,1,1,12,info@east.vc,PROPN,NNP,ROOT,xxxx@xxxx.xx,0.0
contactus@sparkcapital.com,contactus@sparkcapital.com,1,1,26,contactus@sparkcapital.com,X,ADD,ROOT,xxxx@xxxx.xxx,0.0
gBETA@gener8tor.com,gBETA@gener8tor.com,1,1,19,gbeta@gener8tor.com,NOUN,NN,ROOT,xXXXX@xxxxdxxx.xxx,0.0
socialmedia@bdc.ca,socialmedia@bdc.ca,1,2,18,socialmedia@bdc.ca,VERB,VB,ROOT,xxxx@xxx.xx,0.0
hello@northstarventures.co.uk,hello@northstarventures.co.uk,1,1,29,hello@northstarventures.co.uk,VERB,VB,ROOT,xxxx@xxxx.xx.xx,0.0
contact@fundersclub.com,contact@fundersclub.com,1,1,23,contact@fundersclub.com,X,ADD,ROOT,xxxx@xxxx.xxx,0.0
makeit@hax.co,makeit@hax.co,1,1,13,makeit@hax.co,INTJ,UH,ROOT,xxxx@xxx.xx,0.0
info@seedcamp.com,info@seedcamp.com,1,1,17,info@seedcamp.com,X,ADD,ROOT,xxxx@xxxx.xxx,0.0
master@szvc.com.cn,master@szvc.com.cn,1,1,18,master@szvc.com.cn,PROPN,NNP,ROOT,xxxx@xxxx.xxx.xx,0.0
media@partechpartners.com,media@partechpartners.com,1,1,25,media@partechpartners.com,X,ADD,ROOT,xxxx@xxxx.xxx,0.0
laurel@hcp.com,laurel@hcp.com,1,1,14,laurel@hcp.com,INTJ,UH,ROOT,xxxx@xxx.xxx,0.0
contact@initialized.com,contact@initialized.com,1,1,23,contact@initialized.com,X,ADD,ROOT,xxxx@xxxx.xxx,0.0
hello@antler.co,hello@antler.co,1,1,15,hello@antler.co,ADJ,JJ,ROOT,xxxx@xxxx.xx,0.0
info@globalbrains.com,info@globalbrains.com,1,1,21,info@globalbrains.com,X,ADD,ROOT,xxxx@xxxx.xxx,0.0
enquiry@temasek.com.sg,enquiry@temasek.com.sg,1,1,22,enquiry@temasek.com.sg,VERB,VB,ROOT,xxxx@xxxx.xxx.xx,0.0
irteam@3i.com,irteam@3i.com,1,1,13,irteam@3i.com,X,ADD,ROOT,xxxx@dx.xxx,0.0
info@trinityventures.com,info@trinityventures.com,1,1,24,info@trinityventures.com,X,ADD,ROOT,xxxx@xxxx.xxx,0.0
skydeck@berkeley.edu,skydeck@berkeley.edu,1,1,20,skydeck@berkeley.edu,X,ADD,ROOT,xxxx@xxxx.xxx,0.0
information@madrona.com,information@madrona.com,1,1,23,information@madrona.com,X,ADD,ROOT,xxxx@xxxx.xxx,0.0
contact@foundercollective.com,contact@foundercollective.com,1,1,29,contact@foundercollective.com,X,ADD,ROOT,xxxx@xxxx.xxx,0.0
hello@vertexventures.com,hello@vertexventures.com,1,1,24,hello@vertexventures.com,X,ADD,ROOT,xxxx@xxxx.xxx,0.0
info@dcvc.com,info@dcvc.com,1,1,13,info@dcvc.com,X,ADD,ROOT,xxxx@xxxx.xxx,0.0
info@iidf.ru,info@iidf.ru,1,1,12,info@iidf.ru,ADV,RB,ROOT,xxxx@xxxx.xx,0.0
investor.services@warburgpincus.com,investor.services@warburgpincus.com,1,1,35,investor.services@warburgpincus.com,X,ADD,ROOT,xxxx.xxxx@xxxx.xxx,0.0
info@greatoaksvc.com,info@greatoaksvc.com,1,1,20,info@greatoaksvc.com,X,ADD,ROOT,xxxx@xxxx.xxx,0.0
contact@launch.co,contact@launch.co,1,1,17,contact@launch.co,VERB,VBN,ROOT,xxxx@xxxx.xx,0.0
info@crosslinkcapital.com,info@crosslinkcapital.com,1,1,25,info@crosslinkcapital.com,X,ADD,ROOT,xxxx@xxxx.xxx,0.0
nicole@joyancepartners.com,nicole@joyancepartners.com,1,1,26,nicole@joyancepartners.com,X,ADD,ROOT,xxxx@xxxx.xxx,0.0
deals@shunwei.com,deals@shunwei.com,1,1,17,deals@shunwei.com,X,ADD,ROOT,xxxx@xxxx.xxx,0.0
Johrenk7@gmail.com,Johrenk7@gmail.com,1,8,18,johrenk7@gmail.com,X,ADD,ROOT,Xxxxxd@xxxx.xxx,0.0
EUInquiries@ARCHVenture.com,EUInquiries@ARCHVenture.com,1,1,27,euinquiries@archventure.com,SPACE,_SP,ROOT,XXXxxxx@XXXXxxxx.xxx,0.0
info@interwest.com,info@interwest.com,1,1,18,info@interwest.com,X,ADD,ROOT,xxxx@xxxx.xxx,0.0
hello@headline.com,hello@headline.com,1,1,18,hello@headline.com,X,ADD,ROOT,xxxx@xxxx.xxx,0.0
inbox@socialcapital.com,inbox@socialcapital.com,1,1,23,inbox@socialcapital.com,X,ADD,ROOT,xxxx@xxxx.xxx,0.0
info@northbridge.com,info@northbridge.com,1,1,20,info@northbridge.com,X,ADD,ROOT,xxxx@xxxx.xxx,0.0
contact@idinvest.com,contact@idinvest.com,1,1,20,contact@idinvest.com,X,ADD,ROOT,xxxx@xxxx.xxx,0.0
info@luxcapital.com,info@luxcapital.com,1,1,19,info@luxcapital.com,X,ADD,ROOT,xxxx@xxxx.xxx,0.0
contactus@hillhousecap.com,contactus@hillhousecap.com,1,1,26,contactus@hillhousecap.com,X,ADD,ROOT,xxxx@xxxx.xxx,0.0
info@shasta.vc,info@shasta.vc,1,1,14,info@shasta.vc,PROPN,NNP,ROOT,xxxx@xxxx.xx,0.0
inquiries@generalatlantic.com,inquiries@generalatlantic.com,1,1,29,inquiries@generalatlantic.com,X,ADD,ROOT,xxxx@xxxx.xxx,0.0
support@pitchatpalace.com,support@pitchatpalace.com,1,1,25,support@pitchatpalace.com,X,ADD,ROOT,xxxx@xxxx.xxx,0.0
infoct@oakvc.com,infoct@oakvc.com,1,1,16,infoct@oakvc.com,X,ADD,ROOT,xxxx@xxxx.xxx,0.0
info@nlightvc.com,info@nlightvc.com,1,1,17,info@nlightvc.com,VERB,VB,ROOT,xxxx@xxxx.xxx,0.0
info@unionsquareventures.com,info@unionsquareventures.com,1,1,28,info@unionsquareventures.com,X,ADD,ROOT,xxxx@xxxx.xxx,0.0
master@legendcapital.com.cn,master@legendcapital.com.cn,1,1,27,master@legendcapital.com.cn,NOUN,NN,ROOT,xxxx@xxxx.xxx.xx,0.0
team@newchip.com,team@newchip.com,1,1,16,team@newchip.com,X,ADD,ROOT,xxxx@xxxx.xxx,0.0
ir@tcv.com,ir@tcv.com,1,1,10,ir@tcv.com,X,ADD,ROOT,xx@xxx.xxx,0.0
hello@flybridge.com,hello@flybridge.com,1,1,19,hello@flybridge.com,X,ADD,ROOT,xxxx@xxxx.xxx,0.0
khughes@austinventures.com,khughes@austinventures.com,1,1,26,khughes@austinventures.com,X,ADD,ROOT,xxxx@xxxx.xxx,0.0
contact@uncorkcapital.com,contact@uncorkcapital.com,1,1,25,contact@uncorkcapital.com,X,ADD,ROOT,xxxx@xxxx.xxx,0.0
info@sfccapital.com,info@sfccapital.com,1,1,19,info@sfccapital.com,X,ADD,ROOT,xxxx@xxxx.xxx,0.0
info@hvcapital.com,info@hvcapital.com,1,1,18,info@hvcapital.com,X,ADD,ROOT,xxxx@xxxx.xxx,0.0
info@startupwiseguys.com,info@startupwiseguys.com,1,1,24,info@startupwiseguys.com,X,ADD,ROOT,xxxx@xxxx.xxx,0.0
info@sierraventures.com,info@sierraventures.com,1,1,23,info@sierraventures.com,X,ADD,ROOT,xxxx@xxxx.xxx,0.0
maria.kessling@almiinvest.se,maria.kessling@almiinvest.se,1,1,28,maria.kessling@almiinvest.se,X,XX,ROOT,xxxx.xxxx@xxxx.xx,0.0
enquiries@businessgrowthfund.co.uk,enquiries@businessgrowthfund.co.uk,1,1,34,enquiries@businessgrowthfund.co.uk,VERB,VB,ROOT,xxxx@xxxx.xx.xx,0.0
info@dreamit.com,info@dreamit.com,1,1,16,info@dreamit.com,X,ADD,ROOT,xxxx@xxxx.xxx,0.0
info@westerntech.com,info@westerntech.com,1,1,20,info@westerntech.com,X,ADD,ROOT,xxxx@xxxx.xxx,0.0
inbound@balderton.com,inbound@balderton.com,1,1,21,inbound@balderton.com,X,ADD,ROOT,xxxx@xxxx.xxx,0.0
info@sbaif.com,info@sbaif.com,1,1,14,info@sbaif.com,X,ADD,ROOT,xxxx@xxxx.xxx,0.0
info@fprimecapital.com,info@fprimecapital.com,1,1,22,info@fprimecapital.com,X,ADD,ROOT,xxxx@xxxx.xxx,0.0
parikshit.sharma@sosv.com,parikshit.sharma@sosv.com,1,1,25,parikshit.sharma@sosv.com,X,ADD,ROOT,xxxx.xxxx@xxxx.xxx,0.0
info@somacap.com,info@somacap.com,1,1,16,info@somacap.com,X,ADD,ROOT,xxxx@xxxx.xxx,0.0
media@8vc.com,media@8vc.com,1,1,13,media@8vc.com,PROPN,NNP,ROOT,xxxx@dxx.xxx,0.0
media@coatue.com,media@coatue.com,1,1,16,media@coatue.com,X,ADD,ROOT,xxxx@xxxx.xxx,0.0
pr@gsrventures.com,pr@gsrventures.com,1,1,18,pr@gsrventures.com,X,ADD,ROOT,xx@xxxx.xxx,0.0
pr@ivp.com,pr@ivp.com,1,1,10,pr@ivp.com,X,ADD,ROOT,xx@xxx.xxx,0.0
vc@ifc.org,vc@ifc.org,1,1,10,vc@ifc.org,NOUN,NN,ROOT,xx@xxx.xxx,0.0
office@speedinvest.com,office@speedinvest.com,1,1,22,office@speedinvest.com,X,ADD,ROOT,xxxx@xxxx.xxx,0.0
businessplans@maples.net,businessplans@maples.net,1,1,24,businessplans@maples.net,NOUN,NN,ROOT,xxxx@xxxx.xxx,0.0
courrier@agoranov.com,courrier@agoranov.com,1,1,21,courrier@agoranov.com,X,ADD,ROOT,xxxx@xxxx.xxx,0.0
neva_lew@comcast.com,neva_lew@comcast.com,1,1,20,neva_lew@comcast.com,X,ADD,ROOT,xxxx_xxx@xxxx.xxx,0.0
info@joinef.com,info@joinef.com,1,1,15,info@joinef.com,X,ADD,ROOT,xxxx@xxxx.xxx,0.0
info@parequity.com,info@parequity.com,1,1,18,info@parequity.com,X,ADD,ROOT,xxxx@xxxx.xxx,0.0
advice@scotent.co.uk,advice@scotent.co.uk,1,1,20,advice@scotent.co.uk,ADJ,JJ,ROOT,xxxx@xxxx.xx.xx,0.0
rose@localglobe.vc,rose@localglobe.vc,1,1,18,rose@localglobe.vc,NOUN,NN,ROOT,xxxx@xxxx.xx,0.0
innovate@startuphealth.com,innovate@startuphealth.com,1,1,26,innovate@startuphealth.com,X,ADD,ROOT,xxxx@xxxx.xxx,0.0
info@firstmarkcap.com,info@firstmarkcap.com,1,1,21,info@firstmarkcap.com,X,ADD,ROOT,xxxx@xxxx.xxx,0.0
info@omidyar.com,info@omidyar.com,1,1,16,info@omidyar.com,X,ADD,ROOT,xxxx@xxxx.xxx,0.0
mail@pitango.com,mail@pitango.com,1,1,16,mail@pitango.com,X,ADD,ROOT,xxxx@xxxx.xxx,0.0
info@octopusvnetures.com,info@octopusvnetures.com,1,1,24,info@octopusvnetures.com,X,ADD,ROOT,xxxx@xxxx.xxx,0.0
plans@draper.vc,plans@draper.vc,1,1,15,plans@draper.vc,NOUN,NN,ROOT,xxxx@xxxx.xx,0.0
info@startx.stanford.edu,info@startx.stanford.edu,1,1,24,info@startx.stanford.edu,NOUN,NN,ROOT,xxxx@xxxx.xxxx.xxx,0.0
info@correlationvc.com,info@correlationvc.com,1,1,22,info@correlationvc.com,X,ADD,ROOT,xxxx@xxxx.xxx,0.0
hello@accomplice.co,hello@accomplice.co,1,1,19,hello@accomplice.co,PROPN,NNP,ROOT,xxxx@xxxx.xx,0.0
start@altair.vc,start@altair.vc,1,1,15,start@altair.vc,PROPN,NNP,ROOT,xxxx@xxxx.xx,0.0
info@eranyc.com,info@eranyc.com,1,1,15,info@eranyc.com,X,ADD,ROOT,xxxx@xxxx.xxx,0.0
peter@sinovationventures.com,peter@sinovationventures.com,1,1,28,peter@sinovationventures.com,X,ADD,ROOT,xxxx@xxxx.xxx,0.0
team@forumvc.com,team@forumvc.com,1,1,16,team@forumvc.com,X,ADD,ROOT,xxxx@xxxx.xxx,0.0
info@sapphireventures.com,info@sapphireventures.com,1,1,25,info@sapphireventures.com,X,ADD,ROOT,xxxx@xxxx.xxx,0.0
info@liquid2.vc,info@liquid2.vc,1,1,15,info@liquid2.vc,ADJ,JJ,ROOT,xxxx@xxxxd.xx,0.0
Info@sig-china.com,Info@sig-china.com,1,1,18,info@sig-china.com,VERB,VB,ROOT,Xxxx@xxx-xxxx.xxx,0.0
info@lightercapital.com,info@lightercapital.com,1,1,23,info@lightercapital.com,X,ADD,ROOT,xxxx@xxxx.xxx,0.0
info@meritechcapital.com,info@meritechcapital.com,1,1,24,info@meritechcapital.com,X,ADD,ROOT,xxxx@xxxx.xxx,0.0
info@nextcanada.com,info@nextcanada.com,1,1,19,info@nextcanada.com,X,ADD,ROOT,xxxx@xxxx.xxx,0.0
jobs@nexusvp.com,jobs@nexusvp.com,1,1,16,jobs@nexusvp.com,X,ADD,ROOT,xxxx@xxxx.xxx,0.0
qed@nfx.com,qed@nfx.com,1,1,11,qed@nfx.com,X,ADD,ROOT,xxx@xxx.xxx,0.0
info@ignitionpartners.com,info@ignitionpartners.com,1,1,25,info@ignitionpartners.com,X,ADD,ROOT,xxxx@xxxx.xxx,0.0
shv@shv.com,shv@shv.com,1,1,11,shv@shv.com,X,ADD,ROOT,xxx@xxx.xxx,0.0
info@ourcrowd.com,info@ourcrowd.com,1,1,17,info@ourcrowd.com,X,ADD,ROOT,xxxx@xxxx.xxx,0.0
pr@softbank.co.jp,pr@softbank.co.jp,1,1,17,pr@softbank.co.jp,ADV,RB,ROOT,xx@xxxx.xx.xx,0.0
info@keiretsuforum.com,info@keiretsuforum.com,1,1,22,info@keiretsuforum.com,X,ADD,ROOT,xxxx@xxxx.xxx,0.0
info@thrivecap.com,info@thrivecap.com,1,1,18,info@thrivecap.com,X,ADD,ROOT,xxxx@xxxx.xxx,0.0
info@troweprice.com,info@troweprice.com,1,1,19,info@troweprice.com,X,ADD,ROOT,xxxx@xxxx.xxx,0.0
ventures@brv.com,ventures@brv.com,1,1,16,ventures@brv.com,PROPN,NNP,ROOT,xxxx@xxx.xxx,0.0
info@mdv.com,info@mdv.com,1,1,12,info@mdv.com,PROPN,NNP,ROOT,xxxx@xxx.xxx,0.0
contact@domainvc.com,contact@domainvc.com,1,1,20,contact@domainvc.com,X,ADD,ROOT,xxxx@xxxx.xxx,0.0
partners@crunchfund.com,partners@crunchfund.com,1,1,23,partners@crunchfund.com,X,ADD,ROOT,xxxx@xxxx.xxx,0.0
dahler.battle@vilcap.com,dahler.battle@vilcap.com,1,1,24,dahler.battle@vilcap.com,NUM,CD,ROOT,xxxx.xxxx@xxxx.xxx,0.0
support@seedrs.com,support@seedrs.com,1,1,18,support@seedrs.com,X,ADD,ROOT,xxxx@xxxx.xxx,0.0
kroy@racap.com,kroy@racap.com,1,1,14,kroy@racap.com,X,ADD,ROOT,xxxx@xxxx.xxx,0.0
info@svlsa.com,info@svlsa.com,1,1,14,info@svlsa.com,X,ADD,ROOT,xxxx@xxxx.xxx,0.0
ContactUs@SoftBank.com,ContactUs@SoftBank.com,1,1,22,contactus@softbank.com,X,ADD,ROOT,XxxxxXx@XxxxXxxx.xxx,0.0
eleven@11.me,eleven@11.me,1,1,12,eleven@11.me,NUM,CD,ROOT,xxxx@dd.xx,0.0
info@blume.vc,info@blume.vc,1,1,13,info@blume.vc,PROPN,NNP,ROOT,xxxx@xxxx.xx,0.0
contact@endeavor.org,contact@endeavor.org,1,1,20,contact@endeavor.org,X,LS,ROOT,xxxx@xxxx.xxx,0.0
webmaster@eda.gov,webmaster@eda.gov,1,1,17,webmaster@eda.gov,VERB,VB,ROOT,xxxx@xxx.xxx,0.0
media@carlyle.com,media@carlyle.com,1,1,17,media@carlyle.com,X,ADD,ROOT,xxxx@xxxx.xxx,0.0
info@ctinnovations.com,info@ctinnovations.com,1,1,22,info@ctinnovations.com,X,ADD,ROOT,xxxx@xxxx.xxx,0.0
info@dcg.co,info@dcg.co,1,1,11,info@dcg.co,VERB,VB,ROOT,xxxx@xxx.xx,0.0
info@inovia.vc,info@inovia.vc,1,1,14,info@inovia.vc,PROPN,NNP,ROOT,xxxx@xxxx.xx,0.0
info@mpmcapital.com,info@mpmcapital.com,1,1,19,info@mpmcapital.com,X,ADD,ROOT,xxxx@xxxx.xxx,0.0
info@sofinnova.com,info@sofinnova.com,1,1,18,info@sofinnova.com,X,ADD,ROOT,xxxx@xxxx.xxx,0.0
businessplans@augustcap.com,businessplans@augustcap.com,1,1,27,businessplans@augustcap.com,X,ADD,ROOT,xxxx@xxxx.xxx,0.0
hello@scalevp.com,hello@scalevp.com,1,1,17,hello@scalevp.com,X,ADD,ROOT,xxxx@xxxx.xxx,0.0
pr@amecloudventures.com,pr@amecloudventures.com,1,1,23,pr@amecloudventures.com,X,ADD,ROOT,xx@xxxx.xxx,0.0
pr@beenext.com,pr@beenext.com,1,1,14,pr@beenext.com,X,LS,ROOT,xx@xxxx.xxx,0.0
info@sofinnovapartners.com,info@sofinnovapartners.com,1,1,26,info@sofinnovapartners.com,X,ADD,ROOT,xxxx@xxxx.xxx,0.0
hello@realventures.com,hello@realventures.com,1,1,22,hello@realventures.com,X,ADD,ROOT,xxxx@xxxx.xxx,0.0
investor-relations@kkr.com,investor-relations@kkr.com,1,1,26,investor-relations@kkr.com,X,ADD,ROOT,xxxx-xxxx@xxx.xxx,0.0
contact@portugalventures.pt,contact@portugalventures.pt,1,1,27,contact@portugalventures.pt,VERB,VB,ROOT,xxxx@xxxx.xx,0.0
support@coinbase.com,support@coinbase.com,1,1,20,support@coinbase.com,X,ADD,ROOT,xxxx@xxxx.xxx,0.0
info@incubatefund.com,info@incubatefund.com,1,1,21,info@incubatefund.com,X,ADD,ROOT,xxxx@xxxx.xxx,0.0
enquiries@parkwalkadvisors.com,enquiries@parkwalkadvisors.com,1,1,30,enquiries@parkwalkadvisors.com,X,ADD,ROOT,xxxx@xxxx.xxx,0.0
info@jafco.co.jp,info@jafco.co.jp,1,1,16,info@jafco.co.jp,NOUN,NN,ROOT,xxxx@xxxx.xx.xx,0.0
jallen@mass-ventures.com,jallen@mass-ventures.com,1,1,24,jallen@mass-ventures.com,PROPN,NNP,ROOT,xxxx@xxxx-xxxx.xxx,0.0
info@altos.vc,info@altos.vc,1,1,13,info@altos.vc,PROPN,NNP,ROOT,xxxx@xxxx.xx,0.0
clientservices.aus@blackrock.com,clientservices.aus@blackrock.com,1,1,32,clientservices.aus@blackrock.com,NOUN,NN,ROOT,xxxx.xxx@xxxx.xxx,0.0
info@boost.vc,info@boost.vc,1,1,13,info@boost.vc,NOUN,NN,ROOT,xxxx@xxxx.xx,0.0
info@ascension.vc,info@ascension.vc,1,1,17,info@ascension.vc,PROPN,NNP,ROOT,xxxx@xxxx.xx,0.0
cateam@chinaccelerator.com,cateam@chinaccelerator.com,1,1,26,cateam@chinaccelerator.com,X,ADD,ROOT,xxxx@xxxx.xxx,0.0
ask@startupstadium.tw,ask@startupstadium.tw,1,1,21,ask@startupstadium.tw,PROPN,NNP,ROOT,xxx@xxxx.xx,0.0
cims@novo.dk,cims@novo.dk,1,1,12,cims@novo.dk,PROPN,NNP,ROOT,xxxx@xxxx.xx,0.0
ian@collaborativefund.com,ian@collaborativefund.com,1,1,25,ian@collaborativefund.com,NOUN,NN,ROOT,xxx@xxxx.xxx,0.0
The.Secretary@hq.doe.gov,The.Secretary@hq.doe.gov,1,1,24,the.secretary@hq.doe.gov,ADV,RB,ROOT,Xxx.Xxxxx@xx.xxx.xxx,0.0
info@dncapital.com,info@dncapital.com,1,1,18,info@dncapital.com,X,ADD,ROOT,xxxx@xxxx.xxx,0.0
walden@waldenintl.com,walden@waldenintl.com,1,1,21,walden@waldenintl.com,X,ADD,ROOT,xxxx@xxxx.xxx,0.0
hi@k2vc.com,hi@k2vc.com,1,1,11,hi@k2vc.com,PROPN,NNP,ROOT,xx@xdxx.xxx,0.0
contactgic@gic.com.sg,contactgic@gic.com.sg,1,1,21,contactgic@gic.com.sg,VERB,VB,ROOT,xxxx@xxx.xxx.xx,0.0
info@venturecatalysts.in,info@venturecatalysts.in,1,1,24,info@venturecatalysts.in,NOUN,NN,ROOT,xxxx@xxxx.xx,0.0
info@amadeuscapital.com,info@amadeuscapital.com,1,1,23,info@amadeuscapital.com,X,ADD,ROOT,xxxx@xxxx.xxx,0.0
alta@altapartners.com,alta@altapartners.com,1,1,21,alta@altapartners.com,X,ADD,ROOT,xxxx@xxxx.xxx,0.0
info@sdtc.ca,info@sdtc.ca,1,1,12,info@sdtc.ca,ADJ,JJ,ROOT,xxxx@xxxx.xx,0.0
info@lanzadera.es,info@lanzadera.es,1,1,17,info@lanzadera.es,VERB,VB,ROOT,xxxx@xxxx.xx,0.0
n.choe@samsung.com,n.choe@samsung.com,1,1,18,n.choe@samsung.com,PROPN,NNP,ROOT,x.xxxx@xxxx.xxx,0.0
info@nxtp.vc,info@nxtp.vc,1,1,12,info@nxtp.vc,PROPN,NNP,ROOT,xxxx@xxxx.xx,0.0
info@iqt.org,info@iqt.org,1,1,12,info@iqt.org,VERB,VB,ROOT,xxxx@xxx.xxx,0.0
info@dagventures.com,info@dagventures.com,1,1,20,info@dagventures.com,X,ADD,ROOT,xxxx@xxxx.xxx,0.0
velocity@uwaterloo.ca,velocity@uwaterloo.ca,1,1,21,velocity@uwaterloo.ca,PROPN,NNP,ROOT,xxxx@xxxx.xx,0.0
dmz@ryerson.ca,dmz@ryerson.ca,1,1,14,dmz@ryerson.ca,ADV,RB,ROOT,xxx@xxxx.xx,0.0
info@kaporcapital.com,info@kaporcapital.com,1,1,21,info@kaporcapital.com,X,ADD,ROOT,xxxx@xxxx.xxx,0.0
info@goodwatercap.com,info@goodwatercap.com,1,1,21,info@goodwatercap.com,X,ADD,ROOT,xxxx@xxxx.xxx,0.0
investmentopps@stormventures.com,investmentopps@stormventures.com,1,1,32,investmentopps@stormventures.com,X,ADD,ROOT,xxxx@xxxx.xxx,0.0
media@ipgroupplc.com,media@ipgroupplc.com,1,1,20,media@ipgroupplc.com,X,ADD,ROOT,xxxx@xxxx.xxx,0.0
info@fondation-fit.ch,info@fondation-fit.ch,1,1,21,info@fondation-fit.ch,VERB,VB,ROOT,xxxx@xxxx-xxx.xx,0.0
info@cure.345pas.com,info@cure.345pas.com,1,1,20,info@cure.345pas.com,SPACE,_SP,ROOT,xxxx@xxxx.dddxxx.xxx,0.0
info@atvcapital.com,info@atvcapital.com,1,1,19,info@atvcapital.com,X,ADD,ROOT,xxxx@xxxx.xxx,0.0
submission@launchcapital.com,submission@launchcapital.com,1,1,28,submission@launchcapital.com,X,ADD,ROOT,xxxx@xxxx.xxx,0.0
info@nep.benfranklin.org,info@nep.benfranklin.org,1,1,24,info@nep.benfranklin.org,ADJ,JJ,ROOT,xxxx@xxx.xxxx.xxx,0.0
info@masscec.com,info@masscec.com,1,1,16,info@masscec.com,X,ADD,ROOT,xxxx@xxxx.xxx,0.0
infoinvestissement@fondsftq.com,infoinvestissement@fondsftq.com,1,1,31,infoinvestissement@fondsftq.com,X,ADD,ROOT,xxxx@xxxx.xxx,0.0
info@pointninecap.com,info@pointninecap.com,1,1,21,info@pointninecap.com,NOUN,NNS,ROOT,xxxx@xxxx.xxx,0.0
info@viola.vc,info@viola.vc,1,1,13,info@viola.vc,VERB,VB,ROOT,xxxx@xxxx.xx,0.0
support@medtechinnovator.org,support@medtechinnovator.org,1,1,28,support@medtechinnovator.org,NUM,CD,ROOT,xxxx@xxxx.xxx,0.0
delltechcapital@dell.com,delltechcapital@dell.com,1,1,24,delltechcapital@dell.com,X,ADD,ROOT,xxxx@xxxx.xxx,0.0
klydon@sosei.com,klydon@sosei.com,1,1,16,klydon@sosei.com,X,ADD,ROOT,xxxx@xxxx.xxx,0.0
info@dst-global.com,info@dst-global.com,1,1,19,info@dst-global.com,X,ADD,ROOT,xxxx@xxx-xxxx.xxx,0.0
vf@vf.dk,vf@vf.dk,1,1,8,vf@vf.dk,NOUN,NN,ROOT,xx@xx.xx,0.0
usinfo@harbourvest.com,usinfo@harbourvest.com,1,1,22,usinfo@harbourvest.com,X,ADD,ROOT,xxxx@xxxx.xxx,0.0
accelerator@eitdigital.eu,accelerator@eitdigital.eu,1,1,25,accelerator@eitdigital.eu,PROPN,NNP,ROOT,xxxx@xxxx.xx,0.0
contact@seventure.fr,contact@seventure.fr,1,1,20,contact@seventure.fr,NOUN,NN,ROOT,xxxx@xxxx.xx,0.0
info@uluventures.com,info@uluventures.com,1,1,20,info@uluventures.com,X,ADD,ROOT,xxxx@xxxx.xxx,0.0
contact@pegasusventures.com,contact@pegasusventures.com,1,1,27,contact@pegasusventures.com,X,ADD,ROOT,xxxx@xxxx.xxx,0.0
msventures@microsoft.com,msventures@microsoft.com,1,1,24,msventures@microsoft.com,X,ADD,ROOT,xxxx@xxxx.xxx,0.0
tai.hutchinson@techstars.com,tai.hutchinson@techstars.com,1,1,28,tai.hutchinson@techstars.com,X,ADD,ROOT,xxx.xxxx@xxxx.xxx,0.0
hello@precursorvc.com,hello@precursorvc.com,1,1,21,hello@precursorvc.com,X,ADD,ROOT,xxxx@xxxx.xxx,0.0
info@aceandcompany.com,info@aceandcompany.com,1,1,22,info@aceandcompany.com,X,ADD,ROOT,xxxx@xxxx.xxx,0.0
sapio@sap.com,sapio@sap.com,1,1,13,sapio@sap.com,PROPN,NNP,ROOT,xxxx@xxx.xxx,0.0
leel@jvpvc.com,leel@jvpvc.com,1,1,14,leel@jvpvc.com,X,ADD,ROOT,xxxx@xxxx.xxx,0.0
info@leadingcities.org,info@leadingcities.org,1,1,22,info@leadingcities.org,X,ADD,ROOT,xxxx@xxxx.xxx,0.0
berlin@btov.vc,berlin@btov.vc,1,1,14,berlin@btov.vc,PROPN,NNP,ROOT,xxxx@xxxx.xx,0.0
info@evonexus.org,info@evonexus.org,1,1,17,info@evonexus.org,X,LS,ROOT,xxxx@xxxx.xxx,0.0
info@pritzkergroup.com,info@pritzkergroup.com,1,1,22,info@pritzkergroup.com,X,ADD,ROOT,xxxx@xxxx.xxx,0.0
jessica@craftventures.com,jessica@craftventures.com,1,1,25,jessica@craftventures.com,X,ADD,ROOT,xxxx@xxxx.xxx,0.0
press@animocabrands.com,press@animocabrands.com,1,1,23,press@animocabrands.com,X,ADD,ROOT,xxxx@xxxx.xxx,0.0
hello@samsungnext.com,hello@samsungnext.com,1,1,21,hello@samsungnext.com,X,ADD,ROOT,xxxx@xxxx.xxx,0.0
helpdesk@hwvp.com,helpdesk@hwvp.com,1,1,17,helpdesk@hwvp.com,X,ADD,ROOT,xxxx@xxxx.xxx,0.0
info@10xcapital.com,info@10xcapital.com,1,1,19,info@10xcapital.com,SPACE,_SP,ROOT,xxxx@ddxxxx.xxx,0.0
contact@omnescapital.com,contact@omnescapital.com,1,1,24,contact@omnescapital.com,X,ADD,ROOT,xxxx@xxxx.xxx,0.0
info@entreecapital.vc,info@entreecapital.vc,1,1,21,info@entreecapital.vc,PROPN,NNP,ROOT,xxxx@xxxx.xx,0.0
info@forerunnerventures.com,info@forerunnerventures.com,1,1,27,info@forerunnerventures.com,X,ADD,ROOT,xxxx@xxxx.xxx,0.0
info@expertdojo.com,info@expertdojo.com,1,1,19,info@expertdojo.com,X,ADD,ROOT,xxxx@xxxx.xxx,0.0
businessplan@wellington-partners.com,businessplan@wellington-partners.com,1,1,36,businessplan@wellington-partners.com,PROPN,NNP,ROOT,xxxx@xxxx-xxxx.xxx,0.0
accueil@eurazeo.com,accueil@eurazeo.com,1,1,19,accueil@eurazeo.com,X,ADD,ROOT,xxxx@xxxx.xxx,0.0
info@anthemis.com,info@anthemis.com,1,1,17,info@anthemis.com,X,ADD,ROOT,xxxx@xxxx.xxx,0.0
hello@emcap.com,hello@emcap.com,1,1,15,hello@emcap.com,X,ADD,ROOT,xxxx@xxxx.xxx,0.0
contact@petersonpartners.com,contact@petersonpartners.com,1,1,28,contact@petersonpartners.com,X,ADD,ROOT,xxxx@xxxx.xxx,0.0
Communications@apax.com,Communications@apax.com,1,1,23,communications@apax.com,X,XX,ROOT,Xxxxx@xxxx.xxx,0.0
info@blumbergcapital.com,info@blumbergcapital.com,1,1,24,info@blumbergcapital.com,X,ADD,ROOT,xxxx@xxxx.xxx,0.0
info@developmentbank.wales,info@developmentbank.wales,1,1,26,info@developmentbank.wale,VERB,VBZ,ROOT,xxxx@xxxx.xxxx,0.0
info@sep.benfranklin.org,info@sep.benfranklin.org,1,1,24,info@sep.benfranklin.org,NOUN,NN,ROOT,xxxx@xxx.xxxx.xxx,0.0
mediainquiries@morganstanley.com,mediainquiries@morganstanley.com,1,1,32,mediainquiries@morganstanley.com,X,ADD,ROOT,xxxx@xxxx.xxx,0.0
info@hbmhealthcare.com,info@hbmhealthcare.com,1,1,22,info@hbmhealthcare.com,X,ADD,ROOT,xxxx@xxxx.xxx,0.0
info@picuscap.com,info@picuscap.com,1,1,17,info@picuscap.com,X,ADD,ROOT,xxxx@xxxx.xxx,0.0
bp@ofcapital.com,bp@ofcapital.com,1,1,16,bp@ofcapital.com,X,ADD,ROOT,xx@xxxx.xxx,0.0
info@innovationendeavors.com,info@innovationendeavors.com,1,1,28,info@innovationendeavors.com,X,ADD,ROOT,xxxx@xxxx.xxx,0.0
contact@monashees.com.br,contact@monashees.com.br,1,1,24,contact@monashees.com.br,VERB,VB,ROOT,xxxx@xxxx.xxx.xx,0.0
info@gspring.com,info@gspring.com,1,1,16,info@gspring.com,X,ADD,ROOT,xxxx@xxxx.xxx,0.0
info@rev1ventures.com,info@rev1ventures.com,1,1,21,info@rev1ventures.com,PROPN,NNP,ROOT,xxxx@xxxdxxxx.xxx,0.0
info@harrisonmetal.com,info@harrisonmetal.com,1,1,22,info@harrisonmetal.com,X,ADD,ROOT,xxxx@xxxx.xxx,0.0
hello@creandum.com,hello@creandum.com,1,1,18,hello@creandum.com,X,ADD,ROOT,xxxx@xxxx.xxx,0.0
Fortune@fortunevc.com,Fortune@fortunevc.com,1,1,21,fortune@fortunevc.com,SPACE,_SP,ROOT,Xxxxx@xxxx.xxx,0.0
info@srfunds.com,info@srfunds.com,1,1,16,info@srfunds.com,X,ADD,ROOT,xxxx@xxxx.xxx,0.0
info@tridentcap.com,info@tridentcap.com,1,1,19,info@tridentcap.com,X,ADD,ROOT,xxxx@xxxx.xxx,0.0
hello@dnx.vc,hello@dnx.vc,1,1,12,hello@dnx.vc,VERB,VB,ROOT,xxxx@xxx.xx,0.0
info@htgc.com,info@htgc.com,1,1,13,info@htgc.com,X,ADD,ROOT,xxxx@xxxx.xxx,0.0
info@kalaari.com,info@kalaari.com,1,1,16,info@kalaari.com,X,ADD,ROOT,xxxx@xxxx.xxx,0.0
iaf@marsdd.com,iaf@marsdd.com,1,1,14,iaf@marsdd.com,VERB,VB,ROOT,xxx@xxxx.xxx,0.0
info@betaworks.com,info@betaworks.com,1,1,18,info@betaworks.com,X,ADD,ROOT,xxxx@xxxx.xxx,0.0
info@serraventures.com,info@serraventures.com,1,1,22,info@serraventures.com,X,ADD,ROOT,xxxx@xxxx.xxx,0.0
info@wellington.com,info@wellington.com,1,1,19,info@wellington.com,X,ADD,ROOT,xxxx@xxxx.xxx,0.0
media@gatesfoundation.org,media@gatesfoundation.org,1,1,25,media@gatesfoundation.org,X,LS,ROOT,xxxx@xxxx.xxx,0.0
xiaomi@xiaomi.com,xiaomi@xiaomi.com,1,1,17,xiaomi@xiaomi.com,X,ADD,ROOT,xxxx@xxxx.xxx,0.0
contact@atomico.com,contact@atomico.com,1,1,19,contact@atomico.com,X,ADD,ROOT,xxxx@xxxx.xxx,0.0
info@compound.vc,info@compound.vc,1,1,16,info@compound.vc,PROPN,NNP,ROOT,xxxx@xxxx.xx,0.0
pitches@seedcapital.dk,pitches@seedcapital.dk,1,1,22,pitches@seedcapital.dk,NOUN,NN,ROOT,xxxx@xxxx.xx,0.0
contact@startengine.com,contact@startengine.com,1,1,23,contact@startengine.com,X,ADD,ROOT,xxxx@xxxx.xxx,0.0
sanjay@letsventure.com,sanjay@letsventure.com,1,1,22,sanjay@letsventure.com,X,ADD,ROOT,xxxx@xxxx.xxx,0.0
info@elevateventures.com,info@elevateventures.com,1,1,24,info@elevateventures.com,X,ADD,ROOT,xxxx@xxxx.xxx,0.0
info@pear.vc,info@pear.vc,1,1,12,info@pear.vc,PROPN,NNP,ROOT,xxxx@xxxx.xx,0.0
steve@baselinev.com,steve@baselinev.com,1,1,19,steve@baselinev.com,X,ADD,ROOT,xxxx@xxxx.xxx,0.0
news@adventinternational.com,news@adventinternational.com,1,1,28,news@adventinternational.com,X,ADD,ROOT,xxxx@xxxx.xxx,0.0
contact@blackbird.vc,contact@blackbird.vc,1,1,20,contact@blackbird.vc,NOUN,NN,ROOT,xxxx@xxxx.xx,0.0
enquiries@scotent.co.uk,enquiries@scotent.co.uk,1,1,23,enquiries@scotent.co.uk,VERB,VB,ROOT,xxxx@xxxx.xx.xx,0.0
ir@panteracapital.com,ir@panteracapital.com,1,1,21,ir@panteracapital.com,X,ADD,ROOT,xx@xxxx.xxx,0.0
info@ndrc.ie,info@ndrc.ie,1,1,12,info@ndrc.ie,PROPN,NNP,ROOT,xxxx@xxxx.xx,0.0
info@casdincapital.com,info@casdincapital.com,1,1,22,info@casdincapital.com,X,ADD,ROOT,xxxx@xxxx.xxx,0.0
llh@plumventures.cn,llh@plumventures.cn,1,1,19,llh@plumventures.cn,VERB,VB,ROOT,xxx@xxxx.xx,0.0
hello@chinagrowthcapital.com,hello@chinagrowthcapital.com,1,1,28,hello@chinagrowthcapital.com,X,ADD,ROOT,xxxx@xxxx.xxx,0.0
industry@wilco-startup.com,industry@wilco-startup.com,1,1,26,industry@wilco-startup.com,VERB,VB,ROOT,xxxx@xxxx-xxxx.xxx,0.0
contact@innovencapital.com,contact@innovencapital.com,1,1,26,contact@innovencapital.com,X,ADD,ROOT,xxxx@xxxx.xxx,0.0
contact@alven.com,contact@alven.com,1,1,17,contact@alven.com,X,ADD,ROOT,xxxx@xxxx.xxx,0.0
contact@ventechvc.com,contact@ventechvc.com,1,1,21,contact@ventechvc.com,X,ADD,ROOT,xxxx@xxxx.xxx,0.0
info@osagepartners.com,info@osagepartners.com,1,1,22,info@osagepartners.com,X,ADD,ROOT,xxxx@xxxx.xxx,0.0
info@kaszek.com,info@kaszek.com,1,1,15,info@kaszek.com,NUM,CD,ROOT,xxxx@xxxx.xxx,0.0
ggonder@tpg.com,ggonder@tpg.com,1,1,15,ggonder@tpg.com,X,XX,ROOT,xxxx@xxx.xxx,0.0
info@jumpcap.com,info@jumpcap.com,1,1,16,info@jumpcap.com,X,ADD,ROOT,xxxx@xxxx.xxx,0.0
info@anri.vc,info@anri.vc,1,1,12,info@anri.vc,PROPN,NNP,ROOT,xxxx@xxxx.xx,0.0
hello@kickstartfund.com,hello@kickstartfund.com,1,1,23,hello@kickstartfund.com,X,ADD,ROOT,xxxx@xxxx.xxx,0.0
founders@serviceprovidercapital.com,founders@serviceprovidercapital.com,1,1,35,founders@serviceprovidercapital.com,X,ADD,ROOT,xxxx@xxxx.xxx,0.0
info@ibbventures.de,info@ibbventures.de,1,1,19,info@ibbventures.de,ADJ,JJ,ROOT,xxxx@xxxx.xx,0.0
businessplan@globespancapital.com,businessplan@globespancapital.com,1,1,33,businessplan@globespancapital.com,X,ADD,ROOT,xxxx@xxxx.xxx,0.0
contact@idgvcindia.com,contact@idgvcindia.com,1,1,22,contact@idgvcindia.com,X,ADD,ROOT,xxxx@xxxx.xxx,0.0
press@cultivationcapital.com,press@cultivationcapital.com,1,1,28,press@cultivationcapital.com,X,ADD,ROOT,xxxx@xxxx.xxx,0.0
hello@bethnalgreenventures.com,hello@bethnalgreenventures.com,1,1,30,hello@bethnalgreenventures.com,X,ADD,ROOT,xxxx@xxxx.xxx,0.0
support@thesyndicate.com,support@thesyndicate.com,1,1,24,support@thesyndicate.com,X,ADD,ROOT,xxxx@xxxx.xxx,0.0
sbrienquiries@hee.co.uk,sbrienquiries@hee.co.uk,1,1,23,sbrienquiries@hee.co.uk,VERB,VB,ROOT,xxxx@xxx.xx.xx,0.0
info@dh.vc,info@dh.vc,1,1,10,info@dh.vc,NOUN,NN,ROOT,xxxx@xx.xx,0.0
info@gener8tor.com,info@gener8tor.com,1,1,18,info@gener8tor.com,PROPN,NNP,ROOT,xxxx@xxxxdxxx.xxx,0.0
info@molten.vc,info@molten.vc,1,1,14,info@molten.vc,PROPN,NNP,ROOT,xxxx@xxxx.xx,0.0
skrug@riverparkfunds.com,skrug@riverparkfunds.com,1,1,24,skrug@riverparkfunds.com,X,ADD,ROOT,xxxx@xxxx.xxx,0.0
info@mumbaiangels.com,info@mumbaiangels.com,1,1,21,info@mumbaiangels.com,X,ADD,ROOT,xxxx@xxxx.xxx,0.0
info@bioadvance.com,info@bioadvance.com,1,1,19,info@bioadvance.com,X,ADD,ROOT,xxxx@xxxx.xxx,0.0
contactus@seedinvest.com,contactus@seedinvest.com,1,1,24,contactus@seedinvest.com,X,ADD,ROOT,xxxx@xxxx.xxx,0.0
info@innovacorp.ca,info@innovacorp.ca,1,1,18,info@innovacorp.ca,VERB,VB,ROOT,xxxx@xxxx.xx,0.0
info@dormroomfund.com,info@dormroomfund.com,1,1,21,info@dormroomfund.com,X,ADD,ROOT,xxxx@xxxx.xxx,0.0
partners@baypartners.com,partners@baypartners.com,1,1,24,partners@baypartners.com,X,ADD,ROOT,xxxx@xxxx.xxx,0.0
contact@aster.com,contact@aster.com,1,1,17,contact@aster.com,X,ADD,ROOT,xxxx@xxxx.xxx,0.0
team@rockstart.com,team@rockstart.com,1,1,18,team@rockstart.com,X,ADD,ROOT,xxxx@xxxx.xxx,0.0
pitches@lowercasellc.com,pitches@lowercasellc.com,1,1,24,pitches@lowercasellc.com,X,ADD,ROOT,xxxx@xxxx.xxx,0.0
info@verve.vc,info@verve.vc,1,1,13,info@verve.vc,PROPN,NNP,ROOT,xxxx@xxxx.xx,0.0
contact@xange.fr,contact@xange.fr,1,1,16,contact@xange.fr,PROPN,NNP,ROOT,xxxx@xxxx.xx,0.0
info@iconventures.com,info@iconventures.com,1,1,21,info@iconventures.com,X,ADD,ROOT,xxxx@xxxx.xxx,0.0
pinevc@pinevc.com.cn,pinevc@pinevc.com.cn,1,1,20,pinevc@pinevc.com.cn,NOUN,NN,ROOT,xxxx@xxxx.xxx.xx,0.0
info@nvcc.co.jp,info@nvcc.co.jp,1,1,15,info@nvcc.co.jp,NOUN,NNS,ROOT,xxxx@xxxx.xx.xx,0.0
susannah@pelionvp.com,susannah@pelionvp.com,1,1,21,susannah@pelionvp.com,X,ADD,ROOT,xxxx@xxxx.xxx,0.0
fundenquiries@mmc.vc,fundenquiries@mmc.vc,1,1,20,fundenquiries@mmc.vc,VERB,VB,ROOT,xxxx@xxx.xx,0.0
info@matrixpartners.com,info@matrixpartners.com,1,1,23,info@matrixpartners.com,X,ADD,ROOT,xxxx@xxxx.xxx,0.0
mail@gobi.vc,mail@gobi.vc,1,1,12,mail@gobi.vc,NOUN,NN,ROOT,xxxx@xxxx.xx,0.0
info@archgrants.org,info@archgrants.org,1,1,19,info@archgrants.org,PROPN,NNP,ROOT,xxxx@xxxx.xxx,0.0
info@bdmifund.com,info@bdmifund.com,1,1,17,info@bdmifund.com,VERB,VB,ROOT,xxxx@xxxx.xxx,0.0
info@ncidea.org,info@ncidea.org,1,2,15,info@ncidea.org,NUM,CD,ROOT,xxxx@xxxx.xxx,0.0
google@google.com,google@google.com,1,1,17,google@google.com,X,ADD,ROOT,xxxx@xxxx.xxx,0.0
info@targetglobal.vc,info@targetglobal.vc,1,1,20,info@targetglobal.vc,PROPN,NNP,ROOT,xxxx@xxxx.xx,0.0
businessplans@silvertonpartners.com,businessplans@silvertonpartners.com,1,1,35,businessplans@silvertonpartners.com,X,ADD,ROOT,xxxx@xxxx.xxx,0.0
info@wiharper.com.cn,info@wiharper.com.cn,1,1,20,info@wiharper.com.cn,NOUN,NN,ROOT,xxxx@xxxx.xxx.xx,0.0
enquiry@cyberport.hk,enquiry@cyberport.hk,1,1,20,enquiry@cyberport.hk,NUM,CD,ROOT,xxxx@xxxx.xx,0.0
Info@acme.vc,Info@acme.vc,1,1,12,info@acme.vc,NOUN,NN,ROOT,Xxxx@xxxx.xx,0.0
info@tenayacapital.com,info@tenayacapital.com,1,1,22,info@tenayacapital.com,X,ADD,ROOT,xxxx@xxxx.xxx,0.0
frontdesk@capitalfactory.com,frontdesk@capitalfactory.com,1,1,28,frontdesk@capitalfactory.com,X,ADD,ROOT,xxxx@xxxx.xxx,0.0
hello@thefund.vc,hello@thefund.vc,1,1,16,hello@thefund.vc,ADJ,JJ,ROOT,xxxx@xxxx.xx,0.0
contact@vertexventures.co.il,contact@vertexventures.co.il,1,1,28,contact@vertexventures.co.il,NOUN,NN,ROOT,xxxx@xxxx.xx.xx,0.0
info@bayernkapital.de,info@bayernkapital.de,1,1,21,info@bayernkapital.de,ADJ,JJ,ROOT,xxxx@xxxx.xx,0.0
info@vaangels.com,info@vaangels.com,1,1,17,info@vaangels.com,X,ADD,ROOT,xxxx@xxxx.xxx,0.0
gap@cit.org,gap@cit.org,1,1,11,gap@cit.org,X,XX,ROOT,xxx@xxx.xxx,0.0
hello@secondcenturyventures.com,hello@secondcenturyventures.com,1,1,31,hello@secondcenturyventures.com,X,ADD,ROOT,xxxx@xxxx.xxx,0.0
info@alloyventures.com,info@alloyventures.com,1,1,22,info@alloyventures.com,X,ADD,ROOT,xxxx@xxxx.xxx,0.0
info@avalon-ventures.com,info@avalon-ventures.com,1,1,24,info@avalon-ventures.com,PROPN,NNP,ROOT,xxxx@xxxx-xxxx.xxx,0.0
pitch@twosigmaventures.com,pitch@twosigmaventures.com,1,1,26,pitch@twosigmaventures.com,X,ADD,ROOT,xxxx@xxxx.xxx,0.0
info@alameda-research.com,info@alameda-research.com,1,1,25,info@alameda-research.com,PROPN,NNP,ROOT,xxxx@xxxx-xxxx.xxx,0.0
angelpad@angelpad.org,angelpad@angelpad.org,1,1,21,angelpad@angelpad.org,ADV,RB,ROOT,xxxx@xxxx.xxx,0.0
info@oxcp.com,info@oxcp.com,1,1,13,info@oxcp.com,X,ADD,ROOT,xxxx@xxxx.xxx,0.0
fundingenquiries@thefsegroup.com,fundingenquiries@thefsegroup.com,1,1,32,fundingenquiries@thefsegroup.com,X,ADD,ROOT,xxxx@xxxx.xxx,0.0
kristin.schwarz@ge.com,kristin.schwarz@ge.com,1,1,22,kristin.schwarz@ge.com,PROPN,NNP,ROOT,xxxx.xxxx@xx.xxx,0.0
mdcc@microsoft.com,mdcc@microsoft.com,1,1,18,mdcc@microsoft.com,X,ADD,ROOT,xxxx@xxxx.xxx,0.0
info@bcapgroup.com,info@bcapgroup.com,1,1,18,info@bcapgroup.com,X,ADD,ROOT,xxxx@xxxx.xxx,0.0
b_plan@softbank.co.kr,b_plan@softbank.co.kr,1,1,21,b_plan@softbank.co.kr,NOUN,NNS,ROOT,x_xxxx@xxxx.xx.xx,0.0
info@lightbank.com,info@lightbank.com,1,1,18,info@lightbank.com,X,ADD,ROOT,xxxx@xxxx.xxx,0.0
harris@voyagercapital.com,harris@voyagercapital.com,1,1,25,harris@voyagercapital.com,X,ADD,ROOT,xxxx@xxxx.xxx,0.0
ideas@vtfcapital.com,ideas@vtfcapital.com,1,1,20,ideas@vtfcapital.com,X,ADD,ROOT,xxxx@xxxx.xxx,0.0
contact@bper.ch,contact@bper.ch,1,1,15,contact@bper.ch,PROPN,NNP,ROOT,xxxx@xxxx.xx,0.0
info@vivocapital.com,info@vivocapital.com,1,1,20,info@vivocapital.com,X,ADD,ROOT,xxxx@xxxx.xxx,0.0
info@gimv.com,info@gimv.com,1,1,13,info@gimv.com,X,ADD,ROOT,xxxx@xxxx.xxx,0.0
beth@homebrew.co,beth@homebrew.co,1,1,16,beth@homebrew.co,VERB,VBN,ROOT,xxxx@xxxx.xx,0.0
toronto@relayventures.com,toronto@relayventures.com,1,1,25,toronto@relayventures.com,X,ADD,ROOT,xxxx@xxxx.xxx,0.0
NYOffice@invus.com,NYOffice@invus.com,1,1,18,NYOffice@invus.com,PROPN,NNP,ROOT,XXXxxxx@xxxx.xxx,0.0
info@ridge.vc,info@ridge.vc,1,1,13,info@ridge.vc,NOUN,NN,ROOT,xxxx@xxxx.xx,0.0
support@silkstart.com,support@silkstart.com,1,1,21,support@silkstart.com,X,ADD,ROOT,xxxx@xxxx.xxx,0.0
ffl@joinffl.com,ffl@joinffl.com,1,1,15,ffl@joinffl.com,NOUN,NNS,ROOT,xxx@xxxx.xxx,0.0
info@sound-ventures.com,info@sound-ventures.com,1,1,23,info@sound-ventures.com,X,ADD,ROOT,xxxx@xxxx-xxxx.xxx,0.0
info@gobeyondinvesting.com,info@gobeyondinvesting.com,1,1,26,info@gobeyondinvesting.com,X,ADD,ROOT,xxxx@xxxx.xxx,0.0
info@rtp-global.com,info@rtp-global.com,1,1,19,info@rtp-global.com,SPACE,_SP,ROOT,xxxx@xxx-xxxx.xxx,0.0
press@signalfire.com,press@signalfire.com,1,1,20,press@signalfire.com,X,ADD,ROOT,xxxx@xxxx.xxx,0.0
info@nlvpartners.com,info@nlvpartners.com,1,2,20,info@nlvpartners.com,X,ADD,ROOT,xxxx@xxxx.xxx,0.0
info@kfw.de,info@kfw.de,1,1,11,info@kfw.de,ADV,RB,ROOT,xxxx@xxx.xx,0.0
info@portlandseedfund.com,info@portlandseedfund.com,1,1,25,info@portlandseedfund.com,X,ADD,ROOT,xxxx@xxxx.xxx,0.0
citiventures@citi.com,citiventures@citi.com,1,1,21,citiventures@citi.com,X,ADD,ROOT,xxxx@xxxx.xxx,0.0
info127@incj.co.jp,info127@incj.co.jp,1,1,18,info127@incj.co.jp,NOUN,NNS,ROOT,xxxxddd@xxxx.xx.xx,0.0
Paulgregory0000@gmail.com,Paulgregory0000@gmail.com,1,1,25,paulgregory0000@gmail.com,VERB,VB,ROOT,Xxxxxdddd@xxxx.xxx,0.0
woot@boomtownboulder.com,woot@boomtownboulder.com,1,1,24,woot@boomtownboulder.com,X,ADD,ROOT,xxxx@xxxx.xxx,0.0
info@360cap.vc,info@360cap.vc,1,1,14,info@360cap.vc,NOUN,NN,ROOT,xxxx@dddxxx.xx,0.0
info@newyorkangels.com,info@newyorkangels.com,1,1,22,info@newyorkangels.com,PROPN,NNP,ROOT,xxxx@xxxx.xxx,0.0
info@atlanticlabs.de,info@atlanticlabs.de,1,1,20,info@atlanticlabs.de,ADJ,JJ,ROOT,xxxx@xxxx.xx,0.0
info@indianangelnetwork.com,info@indianangelnetwork.com,1,1,27,info@indianangelnetwork.com,X,ADD,ROOT,xxxx@xxxx.xxx,0.0
information@dragoneer.com,information@dragoneer.com,1,1,25,information@dragoneer.com,X,ADD,ROOT,xxxx@xxxx.xxx,0.0
info@project-a.com,info@project-a.com,1,1,18,info@project-a.com,SPACE,_SP,ROOT,xxxx@xxxx-x.xxx,0.0
contact@406ventures.com,contact@406ventures.com,1,1,23,contact@406ventures.com,X,ADD,ROOT,xxxx@dddxxxx.xxx,0.0
info@taventures.vc,info@taventures.vc,1,1,18,info@taventures.vc,PROPN,NNP,ROOT,xxxx@xxxx.xx,0.0
info@costanoavc.com,info@costanoavc.com,1,1,19,info@costanoavc.com,X,ADD,ROOT,xxxx@xxxx.xxx,0.0
info@amplifypartners.com,info@amplifypartners.com,1,1,24,info@amplifypartners.com,X,ADD,ROOT,xxxx@xxxx.xxx,0.0
info@granitevc.com,info@granitevc.com,1,1,18,info@granitevc.com,X,ADD,ROOT,xxxx@xxxx.xxx,0.0
info@inveready.com,info@inveready.com,1,1,18,info@inveready.com,X,ADD,ROOT,xxxx@xxxx.xxx,0.0
info@abingworth.com,info@abingworth.com,1,1,19,info@abingworth.com,X,ADD,ROOT,xxxx@xxxx.xxx,0.0
webinfo@downing.co.uk,webinfo@downing.co.uk,1,1,21,webinfo@downing.co.uk,VERB,VBG,ROOT,xxxx@xxxx.xx.xx,0.0
info@azurecap.com,info@azurecap.com,1,1,17,info@azurecap.com,NUM,CD,ROOT,xxxx@xxxx.xxx,0.0
info@notion.vc,info@notion.vc,1,1,14,info@notion.vc,NOUN,NN,ROOT,xxxx@xxxx.xx,0.0
mlavigne@launchny.org,mlavigne@launchny.org,1,1,21,mlavigne@launchny.org,X,ADD,ROOT,xxxx@xxxx.xxx,0.0
info@quake.vc,info@quake.vc,1,1,13,info@quake.vc,NOUN,NN,ROOT,xxxx@xxxx.xx,0.0
enquiry_shanghai@jafcoasia.com,enquiry_shanghai@jafcoasia.com,1,1,30,enquiry_shanghai@jafcoasia.com,X,ADD,ROOT,xxxx_xxxx@xxxx.xxx,0.0
info@citylightcap.com,info@citylightcap.com,1,1,21,info@citylightcap.com,X,ADD,ROOT,xxxx@xxxx.xxx,0.0
info@resolute.vc,info@resolute.vc,1,1,16,info@resolute.vc,NOUN,NN,ROOT,xxxx@xxxx.xx,0.0
greg@hydeparkvp.com,greg@hydeparkvp.com,1,1,19,greg@hydeparkvp.com,X,ADD,ROOT,xxxx@xxxx.xxx,0.0
info@industrifonden.com,info@industrifonden.com,1,1,23,info@industrifonden.com,X,ADD,ROOT,xxxx@xxxx.xxx,0.0
info@epicvc.com,info@epicvc.com,1,1,15,info@epicvc.com,X,ADD,ROOT,xxxx@xxxx.xxx,0.0
publicrelations@rwbaird.com,publicrelations@rwbaird.com,1,1,27,publicrelations@rwbaird.com,X,ADD,ROOT,xxxx@xxxx.xxx,0.0
info@industryventures.com,info@industryventures.com,1,1,25,info@industryventures.com,X,ADD,ROOT,xxxx@xxxx.xxx,0.0
contact@intersouth.com,contact@intersouth.com,1,1,22,contact@intersouth.com,X,ADD,ROOT,xxxx@xxxx.xxx,0.0
hello@k50ventures.com,hello@k50ventures.com,1,1,21,hello@k50ventures.com,X,ADD,ROOT,xxxx@xddxxxx.xxx,0.0
info@cicc.com.cn,info@cicc.com.cn,1,1,16,info@cicc.com.cn,NOUN,NN,ROOT,xxxx@xxxx.xxx.xx,0.0
press@cherry.vc,press@cherry.vc,1,1,15,press@cherry.vc,NOUN,NN,ROOT,xxxx@xxxx.xx,0.0
info@lillyasiaventures.com,info@lillyasiaventures.com,1,1,26,info@lillyasiaventures.com,X,ADD,ROOT,xxxx@xxxx.xxx,0.0
team@angelsquare.co,team@angelsquare.co,1,1,19,team@angelsquare.co,ADV,RB,ROOT,xxxx@xxxx.xx,0.0
team@ngpcap.com,team@ngpcap.com,1,1,15,team@ngpcap.com,X,ADD,ROOT,xxxx@xxxx.xxx,0.0
hello@kakao.vc,hello@kakao.vc,1,1,14,hello@kakao.vc,PROPN,NNP,ROOT,xxxx@xxxx.xx,0.0
info@valorep.com,info@valorep.com,1,1,16,info@valorep.com,X,ADD,ROOT,xxxx@xxxx.xxx,0.0
info@primary.vc,info@primary.vc,1,1,15,info@primary.vc,PROPN,NNP,ROOT,xxxx@xxxx.xx,0.0
matt@contourventures.com,matt@contourventures.com,1,1,24,matt@contourventures.com,X,ADD,ROOT,xxxx@xxxx.xxx,0.0
info@9unicorns.in,info@9unicorns.in,1,1,17,info@9unicorns.in,VERB,VB,ROOT,xxxx@dxxxx.xx,0.0
swindham-bannister@masslifesciences.com,swindham-bannister@masslifesciences.com,1,1,39,swindham-bannister@masslifesciences.com,VERB,VB,ROOT,xxxx-xxxx@xxxx.xxx,0.0
enquiries@sep.co.uk,enquiries@sep.co.uk,1,1,19,enquiries@sep.co.uk,VERB,VB,ROOT,xxxx@xxx.xx.xx,0.0
contact@newfund.fr,contact@newfund.fr,1,1,18,contact@newfund.fr,PROPN,NNP,ROOT,xxxx@xxxx.xx,0.0
entrepreneur@aurigapartners.com,entrepreneur@aurigapartners.com,1,1,31,entrepreneur@aurigapartners.com,NUM,CD,ROOT,xxxx@xxxx.xxx,0.0
info@passioncapital.com,info@passioncapital.com,1,1,23,info@passioncapital.com,X,ADD,ROOT,xxxx@xxxx.xxx,0.0
hello@sixthirty.co,hello@sixthirty.co,1,1,18,hello@sixthirty.co,PROPN,NNP,ROOT,xxxx@xxxx.xx,0.0
info@hambroperks.com,info@hambroperks.com,1,1,20,info@hambroperks.com,X,ADD,ROOT,xxxx@xxxx.xxx,0.0
bp@yunqi.vc,bp@yunqi.vc,1,1,11,bp@yunqi.vc,X,XX,ROOT,xx@xxxx.xx,0.0
info@cotacapital.com,info@cotacapital.com,1,1,20,info@cotacapital.com,X,ADD,ROOT,xxxx@xxxx.xxx,0.0
invest@hustlefund.vc,invest@hustlefund.vc,1,1,20,invest@hustlefund.vc,NOUN,NN,ROOT,xxxx@xxxx.xx,0.0
info@valorcapitalgroup.com,info@valorcapitalgroup.com,1,1,26,info@valorcapitalgroup.com,X,ADD,ROOT,xxxx@xxxx.xxx,0.0
info@futurx.co.il,info@futurx.co.il,1,1,17,info@futurx.co.il,PROPN,NNP,ROOT,xxxx@xxxx.xx.xx,0.0
admin@cherubic.com,admin@cherubic.com,1,1,18,admin@cherubic.com,X,ADD,ROOT,xxxx@xxxx.xxx,0.0
hello@starta.vc,hello@starta.vc,1,1,15,hello@starta.vc,VERB,VB,ROOT,xxxx@xxxx.xx,0.0
officeoca@ocaventures.com,officeoca@ocaventures.com,1,1,25,officeoca@ocaventures.com,X,ADD,ROOT,xxxx@xxxx.xxx,0.0
deals@mangrove.vc,deals@mangrove.vc,1,1,17,deals@mangrove.vc,ADJ,JJR,ROOT,xxxx@xxxx.xx,0.0
TIC@caixacapitalrisc.es,TIC@caixacapitalrisc.es,1,1,23,tic@caixacapitalrisc.es,VERB,VB,ROOT,XXX@xxxx.xx,0.0
media@freestyle.vc,media@freestyle.vc,1,1,18,media@freestyle.vc,NOUN,NN,ROOT,xxxx@xxxx.xx,0.0
info@foresightgroup.eu,info@foresightgroup.eu,1,1,22,info@foresightgroup.eu,NOUN,NN,ROOT,xxxx@xxxx.xx,0.0
ventures@hearst.com,ventures@hearst.com,1,1,19,ventures@hearst.com,X,ADD,ROOT,xxxx@xxxx.xxx,0.0
bp@empowerinvestment.com,bp@empowerinvestment.com,1,1,24,bp@empowerinvestment.com,X,ADD,ROOT,xx@xxxx.xxx,0.0
info@technation.io,info@technation.io,1,1,18,info@technation.io,ADV,RB,ROOT,xxxx@xxxx.xx,0.0
contact@shima.capital,contact@shima.capital,1,1,21,contact@shima.capital,ADJ,JJ,ROOT,xxxx@xxxx.xxxx,0.0
info@canary.com.br,info@canary.com.br,1,1,18,info@canary.com.br,VERB,VB,ROOT,xxxx@xxxx.xxx.xx,0.0
info@sparklabs.co.kr,info@sparklabs.co.kr,1,1,20,info@sparklabs.co.kr,NOUN,NNS,ROOT,xxxx@xxxx.xx.xx,0.0
infoHQ@edbi.com,infoHQ@edbi.com,1,1,15,infohq@edbi.com,X,ADD,ROOT,xxxxXX@xxxx.xxx,0.0
ir@prismventure.com,ir@prismventure.com,1,1,19,ir@prismventure.com,X,LS,ROOT,xx@xxxx.xxx,0.0
info-gcp@globis.co.jp,info-gcp@globis.co.jp,1,1,21,info-gcp@globis.co.jp,X,ADD,ROOT,xxxx-xxx@xxxx.xx.xx,0.0
hello@tribecap.co,hello@tribecap.co,1,1,17,hello@tribecap.co,PROPN,NNP,ROOT,xxxx@xxxx.xx,0.0
info@chicagoventures.com,info@chicagoventures.com,1,1,24,info@chicagoventures.com,X,ADD,ROOT,xxxx@xxxx.xxx,0.0
info@launchub.com,info@launchub.com,1,1,17,info@launchub.com,X,ADD,ROOT,xxxx@xxxx.xxx,0.0
info@advancitcap.com,info@advancitcap.com,1,1,20,info@advancitcap.com,X,ADD,ROOT,xxxx@xxxx.xxx,0.0
info@investnebraska.com,info@investnebraska.com,1,1,23,info@investnebraska.com,X,ADD,ROOT,xxxx@xxxx.xxx,0.0
enquiries@morningside.com,enquiries@morningside.com,1,1,25,enquiries@morningside.com,X,ADD,ROOT,xxxx@xxxx.xxx,0.0
bp@freesvc.com,bp@freesvc.com,1,1,14,bp@freesvc.com,X,LS,ROOT,xx@xxxx.xxx,0.0
contact@lstar.vc,contact@lstar.vc,1,1,16,contact@lstar.vc,NOUN,NN,ROOT,xxxx@xxxx.xx,0.0
info@learncapital.com,info@learncapital.com,1,1,21,info@learncapital.com,X,ADD,ROOT,xxxx@xxxx.xxx,0.0
ask@jumpstartinc.org,ask@jumpstartinc.org,1,1,20,ask@jumpstartinc.org,ADV,RB,ROOT,xxx@xxxx.xxx,0.0
rasha.almasri@fastercapital.com,rasha.almasri@fastercapital.com,1,1,31,rasha.almasri@fastercapital.com,X,ADD,ROOT,xxxx.xxxx@xxxx.xxx,0.0
chris@founderscoop.com,chris@founderscoop.com,1,1,22,chris@founderscoop.com,X,ADD,ROOT,xxxx@xxxx.xxx,0.0
enquiries@mavencp.com,enquiries@mavencp.com,1,1,21,enquiries@mavencp.com,X,ADD,ROOT,xxxx@xxxx.xxx,0.0
submissions@paladincapgroup.com,submissions@paladincapgroup.com,1,1,31,submissions@paladincapgroup.com,X,ADD,ROOT,xxxx@xxxx.xxx,0.0
info@commercevc.com,info@commercevc.com,1,1,19,info@commercevc.com,X,ADD,ROOT,xxxx@xxxx.xxx,0.0
info@beringea.com,info@beringea.com,1,1,17,info@beringea.com,X,ADD,ROOT,xxxx@xxxx.xxx,0.0
info@evolutionvcp.com,info@evolutionvcp.com,1,1,21,info@evolutionvcp.com,X,ADD,ROOT,xxxx@xxxx.xxx,0.0
bahri@entrepreneurventure.com,bahri@entrepreneurventure.com,1,1,29,bahri@entrepreneurventure.com,X,ADD,ROOT,xxxx@xxxx.xxx,0.0
info@formation8.com,info@formation8.com,1,1,19,info@formation8.com,X,ADD,ROOT,xxxx@xxxxd.xxx,0.0
plans@assetman.com,plans@assetman.com,1,1,18,plans@assetman.com,X,ADD,ROOT,xxxx@xxxx.xxx,0.0
info@higcapital.com,info@higcapital.com,1,1,19,info@higcapital.com,X,ADD,ROOT,xxxx@xxxx.xxx,0.0
aveverka@newspringcapital.com,aveverka@newspringcapital.com,1,1,29,aveverka@newspringcapital.com,X,ADD,ROOT,xxxx@xxxx.xxx,0.0
partners@zillionize.com,partners@zillionize.com,1,1,23,partners@zillionize.com,X,ADD,ROOT,xxxx@xxxx.xxx,0.0
bp@innoangel.com,bp@innoangel.com,1,1,16,bp@innoangel.com,X,ADD,ROOT,xx@xxxx.xxx,0.0
shi-goglobal@samurai-incubate.asia,shi-goglobal@samurai-incubate.asia,1,1,34,shi-goglobal@samurai-incubate.asia,NOUN,NN,ROOT,xxx-xxxx@xxxx-xxxx.xxxx,0.0
contact@elaia.com,contact@elaia.com,1,1,17,contact@elaia.com,X,ADD,ROOT,xxxx@xxxx.xxx,0.0
social.media@credit-suisse.com,social.media@credit-suisse.com,1,1,30,social.media@credit-suisse.com,X,ADD,ROOT,xxxx.xxxx@xxxx-xxxx.xxx,0.0
help@bailliegifford.com,help@bailliegifford.com,1,1,23,help@bailliegifford.com,X,ADD,ROOT,xxxx@xxxx.xxx,0.0
collaborate@technexus.com,collaborate@technexus.com,1,1,25,collaborate@technexus.com,X,ADD,ROOT,xxxx@xxxx.xxx,0.0
jt@ludlowventures.com,jt@ludlowventures.com,1,1,21,jt@ludlowventures.com,PROPN,NNP,ROOT,xx@xxxx.xxx,0.0
info@oasis500.com,info@oasis500.com,1,1,17,info@oasis500.com,X,ADD,ROOT,xxxx@xxxxddd.xxx,0.0
ventures@verizon.com,ventures@verizon.com,1,1,20,ventures@verizon.com,X,ADD,ROOT,xxxx@xxxx.xxx,0.0
info@rocket-internet.com,info@rocket-internet.com,1,1,24,info@rocket-internet.com,NOUN,NN,ROOT,xxxx@xxxx-xxxx.xxx,0.0
victor@m25vc.com,victor@m25vc.com,1,1,16,victor@m25vc.com,PROPN,NNP,ROOT,xxxx@xddxx.xxx,0.0
team@roughdraft.vc,team@roughdraft.vc,1,1,18,team@roughdraft.vc,PROPN,NNP,ROOT,xxxx@xxxx.xx,0.0
info@marcbell.com,info@marcbell.com,1,1,17,info@marcbell.com,X,ADD,ROOT,xxxx@xxxx.xxx,0.0
investor_relations@pequotcap.com,investor_relations@pequotcap.com,1,1,32,investor_relations@pequotcap.com,X,ADD,ROOT,xxxx_xxxx@xxxx.xxx,0.0
info@brinc.io,info@brinc.io,1,1,13,info@brinc.io,PROPN,NNP,ROOT,xxxx@xxxx.xx,0.0
info@cybele.co.il,info@cybele.co.il,1,1,17,info@cybele.co.il,PROPN,NNP,ROOT,xxxx@xxxx.xx.xx,0.0
info@actvc.ie,info@actvc.ie,1,1,13,info@actvc.ie,ADV,RB,ROOT,xxxx@xxxx.xx,0.0
deutsche.bank@db.com,deutsche.bank@db.com,1,1,20,deutsche.bank@db.com,PROPN,NNP,ROOT,xxxx.xxxx@xx.xxx,0.0
info@wing.vc,info@wing.vc,1,1,12,info@wing.vc,ADJ,JJ,ROOT,xxxx@xxxx.xx,0.0
bp@bertelsmann.com,bp@bertelsmann.com,1,1,18,bp@bertelsmann.com,X,ADD,ROOT,xx@xxxx.xxx,0.0
hi@bv.ai,hi@bv.ai,1,1,8,hi@bv.ai,X,ADD,ROOT,xx@xx.xx,0.0
IR@lakestar.com,IR@lakestar.com,1,1,15,IR@lakestar.com,PROPN,NNP,ROOT,XX@xxxx.xxx,0.0
paul@venturesouth.vc,paul@venturesouth.vc,1,1,20,paul@venturesouth.vc,PROPN,NNP,ROOT,xxxx@xxxx.xx,0.0
info@esofund.com,info@esofund.com,1,1,16,info@esofund.com,X,ADD,ROOT,xxxx@xxxx.xxx,0.0
lspamsterdam@lspvc.com,lspamsterdam@lspvc.com,1,1,22,lspamsterdam@lspvc.com,X,ADD,ROOT,xxxx@xxxx.xxx,0.0
help@pioneerfund.vc,help@pioneerfund.vc,1,1,19,help@pioneerfund.vc,PROPN,NNP,ROOT,xxxx@xxxx.xx,0.0
hello@cowboy.vc,hello@cowboy.vc,1,1,15,hello@cowboy.vc,PROPN,NNP,ROOT,xxxx@xxxx.xx,0.0
info+1@strive.vc,info+1@strive.vc,1,1,16,info+1@strive.vc,NUM,CD,ROOT,xxxx+d@xxxx.xx,0.0
info@ut-ec.co.jp,info@ut-ec.co.jp,1,1,16,info@ut-ec.co.jp,ADP,IN,ROOT,xxxx@xx-xx.xx.xx,0.0
info@flat6labs.com,info@flat6labs.com,1,1,18,info@flat6labs.com,X,ADD,ROOT,xxxx@xxxxdxxxx.xxx,0.0
contact@innoenergy.com,contact@innoenergy.com,1,1,22,contact@innoenergy.com,X,ADD,ROOT,xxxx@xxxx.xxx,0.0
info@clocktowerventures.com,info@clocktowerventures.com,1,1,27,info@clocktowerventures.com,X,ADD,ROOT,xxxx@xxxx.xxx,0.0
info@crosscut.vc,info@crosscut.vc,1,1,16,info@crosscut.vc,PROPN,NNP,ROOT,xxxx@xxxx.xx,0.0
info@atdc.org,info@atdc.org,1,1,13,info@atdc.org,X,LS,ROOT,xxxx@xxxx.xxx,0.0
jun@hardyaka.com,jun@hardyaka.com,1,1,16,jun@hardyaka.com,PROPN,NNP,ROOT,xxx@xxxx.xxx,0.0
apply@surgeahead.com,apply@surgeahead.com,1,1,20,apply@surgeahead.com,X,ADD,ROOT,xxxx@xxxx.xxx,0.0
info@golden.ventures,info@golden.ventures,1,1,20,info@golden.venture,NOUN,NNS,ROOT,xxxx@xxxx.xxxx,0.0
mgicontactsjfvz@mitsui.com,mgicontactsjfvz@mitsui.com,1,1,26,mgicontactsjfvz@mitsui.com,X,ADD,ROOT,xxxx@xxxx.xxx,0.0
info@oxfordfinance.com,info@oxfordfinance.com,1,1,22,info@oxfordfinance.com,X,ADD,ROOT,xxxx@xxxx.xxx,0.0
info@innovacom.com,info@innovacom.com,1,1,18,info@innovacom.com,VERB,VB,ROOT,xxxx@xxxx.xxx,0.0
info@angesquebec.com,info@angesquebec.com,1,1,20,info@angesquebec.com,X,ADD,ROOT,xxxx@xxxx.xxx,0.0
info@lventuregroup.com,info@lventuregroup.com,1,1,22,info@lventuregroup.com,X,ADD,ROOT,xxxx@xxxx.xxx,0.0
info@fomcap.com,info@fomcap.com,1,1,15,info@fomcap.com,X,ADD,ROOT,xxxx@xxxx.xxx,0.0
info@launchtn.org,info@launchtn.org,1,1,17,info@launchtn.org,NUM,CD,ROOT,xxxx@xxxx.xxx,0.0
hello@startupedmonton.com,hello@startupedmonton.com,1,1,25,hello@startupedmonton.com,X,ADD,ROOT,xxxx@xxxx.xxx,0.0
inquiries@rembrandtvc.com,inquiries@rembrandtvc.com,1,1,25,inquiries@rembrandtvc.com,X,ADD,ROOT,xxxx@xxxx.xxx,0.0
contactus@starveups.com,contactus@starveups.com,1,1,23,contactus@starveups.com,X,ADD,ROOT,xxxx@xxxx.xxx,0.0
maria.ljungberg@sting.co,maria.ljungberg@sting.co,1,1,24,maria.ljungberg@sting.co,SPACE,_SP,ROOT,xxxx.xxxx@xxxx.xx,0.0
contactus@cincytechusa.com,contactus@cincytechusa.com,1,1,26,contactus@cincytechusa.com,X,ADD,ROOT,xxxx@xxxx.xxx,0.0
hello@3one4capital.com,hello@3one4capital.com,1,1,22,hello@3one4capital.com,VERB,VB,ROOT,xxxx@dxxxdxxxx.xxx,0.0
info@metaprop.vc,info@metaprop.vc,1,1,16,info@metaprop.vc,NOUN,NN,ROOT,xxxx@xxxx.xx,0.0
timo@lifelineventures.com,timo@lifelineventures.com,1,1,25,timo@lifelineventures.com,X,ADD,ROOT,xxxx@xxxx.xxx,0.0
info@translinkcapital.com,info@translinkcapital.com,1,1,25,info@translinkcapital.com,X,ADD,ROOT,xxxx@xxxx.xxx,0.0
info@wrvi.vc,info@wrvi.vc,1,1,12,info@wrvi.vc,NOUN,NN,ROOT,xxxx@xxxx.xx,0.0
dream@lightspeedcp.com,dream@lightspeedcp.com,1,1,22,dream@lightspeedcp.com,X,ADD,ROOT,xxxx@xxxx.xxx,0.0
info@nttdocomo-v.com,info@nttdocomo-v.com,1,1,20,info@nttdocomo-v.com,X,ADD,ROOT,xxxx@xxxx-x.xxx,0.0
contact@sbcvc.com,contact@sbcvc.com,1,1,17,contact@sbcvc.com,X,ADD,ROOT,xxxx@xxxx.xxx,0.0
Executive.office@jpm.capital,Executive.office@jpm.capital,1,1,28,executive.office@jpm.capital,ADJ,JJ,ROOT,Xxxxx.xxxx@xxx.xxxx,0.0
info@obvious.com,info@obvious.com,1,1,16,info@obvious.com,X,ADD,ROOT,xxxx@xxxx.xxx,0.0
boris@versionone.vc,boris@versionone.vc,1,1,19,boris@versionone.vc,NOUN,NN,ROOT,xxxx@xxxx.xx,0.0
iratcliffe@sandscap.com,iratcliffe@sandscap.com,1,1,23,iratcliffe@sandscap.com,X,ADD,ROOT,xxxx@xxxx.xxx,0.0
info@nautacapital.com,info@nautacapital.com,1,1,21,info@nautacapital.com,X,ADD,ROOT,xxxx@xxxx.xxx,0.0
info@chalmersventures.com,info@chalmersventures.com,1,1,25,info@chalmersventures.com,X,ADD,ROOT,xxxx@xxxx.xxx,0.0
t-venture@telekom.de,t-venture@telekom.de,1,1,20,t-venture@telekom.de,X,ADD,ROOT,x-xxxx@xxxx.xx,0.0
bp@vplus.vc,bp@vplus.vc,1,1,11,bp@vplus.vc,X,LS,ROOT,xx@xxxx.xx,0.0
contact@blockchaincapital.com,contact@blockchaincapital.com,1,1,29,contact@blockchaincapital.com,X,ADD,ROOT,xxxx@xxxx.xxx,0.0
info@uphonestcapital.com,info@uphonestcapital.com,1,1,24,info@uphonestcapital.com,X,ADD,ROOT,xxxx@xxxx.xxx,0.0
info@runacap.com,info@runacap.com,1,1,16,info@runacap.com,X,ADD,ROOT,xxxx@xxxx.xxx,0.0
info@frontline.vc,info@frontline.vc,1,1,17,info@frontline.vc,PROPN,NNP,ROOT,xxxx@xxxx.xx,0.0
vlab@aucegypt.edu,vlab@aucegypt.edu,1,1,17,vlab@aucegypt.edu,NOUN,NN,ROOT,xxxx@xxxx.xxx,0.0
info@gemini.co.il,info@gemini.co.il,1,1,17,info@gemini.co.il,PROPN,NNP,ROOT,xxxx@xxxx.xx.xx,0.0
HAT@magic.fund,HAT@magic.fund,1,1,14,hat@magic.fund,ADP,IN,ROOT,XXX@xxxx.xxxx,0.0
info@javelinvp.com,info@javelinvp.com,1,1,18,info@javelinvp.com,X,ADD,ROOT,xxxx@xxxx.xxx,0.0
contact@fenbushi.vc,contact@fenbushi.vc,1,1,19,contact@fenbushi.vc,PROPN,NNP,ROOT,xxxx@xxxx.xx,0.0
hello@aminocapital.com,hello@aminocapital.com,1,1,22,hello@aminocapital.com,X,ADD,ROOT,xxxx@xxxx.xxx,0.0
info@nycapartners.com,info@nycapartners.com,1,1,21,info@nycapartners.com,X,ADD,ROOT,xxxx@xxxx.xxx,0.0
vc@crcm.com,vc@crcm.com,1,1,11,vc@crcm.com,X,ADD,ROOT,xx@xxxx.xxx,0.0
press@winklevosscapital.com,press@winklevosscapital.com,1,1,27,press@winklevosscapital.com,X,ADD,ROOT,xxxx@xxxx.xxx,0.0
info@noro-moseley.com,info@noro-moseley.com,1,1,21,info@noro-moseley.com,PROPN,NNP,ROOT,xxxx@xxxx-xxxx.xxx,0.0
contact@helionvc.com,contact@helionvc.com,1,1,20,contact@helionvc.com,X,ADD,ROOT,xxxx@xxxx.xxx,0.0
venturesinfo@telus.com,venturesinfo@telus.com,1,1,22,venturesinfo@telus.com,X,ADD,ROOT,xxxx@xxxx.xxx,0.0
contact@maineangels.org,contact@maineangels.org,1,1,23,contact@maineangels.org,VERB,VB,ROOT,xxxx@xxxx.xxx,0.0
contact@kodiakvp.com,contact@kodiakvp.com,1,1,20,contact@kodiakvp.com,X,ADD,ROOT,xxxx@xxxx.xxx,0.0
info@omersventures.com,info@omersventures.com,1,1,22,info@omersventures.com,X,ADD,ROOT,xxxx@xxxx.xxx,0.0
contact@hashed.com,contact@hashed.com,1,1,18,contact@hashed.com,X,ADD,ROOT,xxxx@xxxx.xxx,0.0
hello@space3.ac,hello@space3.ac,1,1,15,hello@space3.ac,NOUN,NN,ROOT,xxxx@xxxxd.xx,0.0
info@strongvc.com,info@strongvc.com,1,1,17,info@strongvc.com,X,ADD,ROOT,xxxx@xxxx.xxx,0.0
yuki-isobe@garage.co.jp,yuki-isobe@garage.co.jp,1,1,23,yuki-isobe@garage.co.jp,NOUN,NNS,ROOT,xxxx-xxxx@xxxx.xx.xx,0.0
info@charterventures.com,info@charterventures.com,1,1,24,info@charterventures.com,X,ADD,ROOT,xxxx@xxxx.xxx,0.0
invest@loyal.vc,invest@loyal.vc,1,1,15,invest@loyal.vc,VERB,VB,ROOT,xxxx@xxxx.xx,0.0
info@foresitecapital.com,info@foresitecapital.com,1,1,24,info@foresitecapital.com,X,ADD,ROOT,xxxx@xxxx.xxx,0.0
info@filrougecapital.com,info@filrougecapital.com,1,1,24,info@filrougecapital.com,X,ADD,ROOT,xxxx@xxxx.xxx,0.0
info@whitestarcapital.com,info@whitestarcapital.com,1,1,25,info@whitestarcapital.com,X,ADD,ROOT,xxxx@xxxx.xxx,0.0
contact@iriscapital.com,contact@iriscapital.com,1,1,23,contact@iriscapital.com,X,ADD,ROOT,xxxx@xxxx.xxx,0.0
info@millenniapartners.com,info@millenniapartners.com,1,1,26,info@millenniapartners.com,X,ADD,ROOT,xxxx@xxxx.xxx,0.0
info@star-ventures.de,info@star-ventures.de,1,1,21,info@star-ventures.de,ADJ,JJ,ROOT,xxxx@xxxx-xxxx.xx,0.0
website@vikingglobal.com,website@vikingglobal.com,1,1,24,website@vikingglobal.com,X,ADD,ROOT,xxxx@xxxx.xxx,0.0
info@breyercapital.com,info@breyercapital.com,1,1,22,info@breyercapital.com,X,ADD,ROOT,xxxx@xxxx.xxx,0.0
info@ebvc.com.cn,info@ebvc.com.cn,1,1,16,info@ebvc.com.cn,PROPN,NNP,ROOT,xxxx@xxxx.xxx.xx,0.0
mp@onset.com,mp@onset.com,1,1,12,mp@onset.com,X,ADD,ROOT,xx@xxxx.xxx,0.0
Tiffany.Galvin-Cohen@Point72.com,Tiffany.Galvin-Cohen@Point72.com,1,1,32,tiffany.galvin-cohen@point72.com,VERB,VB,ROOT,Xxxxx.Xxxxx-Xxxxx@Xxxxxdd.xxx,0.0
ideaneu@gmail.com,ideaneu@gmail.com,1,1,17,ideaneu@gmail.com,X,ADD,ROOT,xxxx@xxxx.xxx,0.0
hresc@asu.edu,hresc@asu.edu,1,1,13,hresc@asu.edu,NOUN,NN,ROOT,xxxx@xxx.xxx,0.0
info@tenoneten.net,info@tenoneten.net,1,1,18,info@tenoneten.net,NOUN,NN,ROOT,xxxx@xxxx.xxx,0.0
hello@fuelcapital.com,hello@fuelcapital.com,1,1,21,hello@fuelcapital.com,X,ADD,ROOT,xxxx@xxxx.xxx,0.0
press@dfj.com,press@dfj.com,1,1,13,press@dfj.com,PROPN,NNP,ROOT,xxxx@xxx.xxx,0.0
stacey@baycitycapital.com,stacey@baycitycapital.com,1,1,25,stacey@baycitycapital.com,X,ADD,ROOT,xxxx@xxxx.xxx,0.0
hello@apx.vc,hello@apx.vc,1,1,12,hello@apx.vc,ADV,RB,ROOT,xxxx@xxx.xx,0.0
info@catterton.com,info@catterton.com,1,1,18,info@catterton.com,X,ADD,ROOT,xxxx@xxxx.xxx,0.0
info@promusventures.com,info@promusventures.com,1,1,23,info@promusventures.com,X,ADD,ROOT,xxxx@xxxx.xxx,0.0
info@ipventures.in,info@ipventures.in,1,1,18,info@ipventures.in,NOUN,NN,ROOT,xxxx@xxxx.xx,0.0
ir@safeguard.com,ir@safeguard.com,1,1,16,ir@safeguard.com,X,ADD,ROOT,xx@xxxx.xxx,0.0
contact@wilab.com,contact@wilab.com,1,1,17,contact@wilab.com,X,ADD,ROOT,xxxx@xxxx.xxx,0.0
info@kinnevik.se,info@kinnevik.se,1,1,16,info@kinnevik.se,NOUN,NN,ROOT,xxxx@xxxx.xx,0.0
info@newark.vc,info@newark.vc,1,1,14,info@newark.vc,PROPN,NNP,ROOT,xxxx@xxxx.xx,0.0
info@oxfordtechnology.com,info@oxfordtechnology.com,1,1,25,info@oxfordtechnology.com,X,ADD,ROOT,xxxx@xxxx.xxx,0.0
trustcenter@mit.edu,trustcenter@mit.edu,1,1,19,trustcenter@mit.edu,X,XX,ROOT,xxxx@xxx.xxx,0.0
info@fusecapital.com,info@fusecapital.com,1,1,20,info@fusecapital.com,X,ADD,ROOT,xxxx@xxxx.xxx,0.0
info@merciafund.co.uk,info@merciafund.co.uk,1,1,21,info@merciafund.co.uk,VERB,VB,ROOT,xxxx@xxxx.xx.xx,0.0
info@venturesouq.com,info@venturesouq.com,1,1,20,info@venturesouq.com,X,ADD,ROOT,xxxx@xxxx.xxx,0.0
info@au21.capital,info@au21.capital,1,1,17,info@au21.capital,NUM,CD,ROOT,xxxx@xxdd.xxxx,0.0
submit@hlmvp.com,submit@hlmvp.com,1,1,16,submit@hlmvp.com,X,ADD,ROOT,xxxx@xxxx.xxx,0.0
investment@growthworks.ca,investment@growthworks.ca,1,1,25,investment@growthworks.ca,ADJ,JJ,ROOT,xxxx@xxxx.xx,0.0
info@thomvest.com,info@thomvest.com,1,1,17,info@thomvest.com,X,ADD,ROOT,xxxx@xxxx.xxx,0.0
info@ftvcapital.com,info@ftvcapital.com,1,1,19,info@ftvcapital.com,X,ADD,ROOT,xxxx@xxxx.xxx,0.0
hello@inventure.vc,hello@inventure.vc,1,1,18,hello@inventure.vc,PROPN,NNP,ROOT,xxxx@xxxx.xx,0.0
michelle@oakhcft.com,michelle@oakhcft.com,1,1,20,michelle@oakhcft.com,X,ADD,ROOT,xxxx@xxxx.xxx,0.0
info@qbvp.com,info@qbvp.com,1,1,13,info@qbvp.com,X,ADD,ROOT,xxxx@xxxx.xxx,0.0
hello@thirdsphere.com,hello@thirdsphere.com,1,1,21,hello@thirdsphere.com,X,ADD,ROOT,xxxx@xxxx.xxx,0.0
uv.investments@unilever.com,uv.investments@unilever.com,1,1,27,uv.investments@unilever.com,PROPN,NNP,ROOT,xx.xxxx@xxxx.xxx,0.0
contact@bandangels.com,contact@bandangels.com,1,1,22,contact@bandangels.com,X,ADD,ROOT,xxxx@xxxx.xxx,0.0
a.gall@siparex.com,a.gall@siparex.com,1,1,18,a.gall@siparex.com,VERB,VB,ROOT,x.xxxx@xxxx.xxx,0.0
kelly@moonshotscapital.com,kelly@moonshotscapital.com,1,1,26,kelly@moonshotscapital.com,X,ADD,ROOT,xxxx@xxxx.xxx,0.0
info@gsv.com,info@gsv.com,1,1,12,info@gsv.com,X,ADD,ROOT,xxxx@xxx.xxx,0.0
contact@numa.paris,contact@numa.paris,1,1,18,contact@numa.paris,NOUN,NN,ROOT,xxxx@xxxx.xxxx,0.0
info@kreoscapital.com,info@kreoscapital.com,1,1,21,info@kreoscapital.com,X,ADD,ROOT,xxxx@xxxx.xxx,0.0
ideas@fifthwall.com,ideas@fifthwall.com,1,1,19,ideas@fifthwall.com,X,ADD,ROOT,xxxx@xxxx.xxx,0.0
info@afventures.vc,info@afventures.vc,1,1,18,info@afventures.vc,NOUN,NN,ROOT,xxxx@xxxx.xx,0.0
socialmedia@zkb.ch,socialmedia@zkb.ch,1,1,18,socialmedia@zkb.ch,NOUN,NN,ROOT,xxxx@xxx.xx,0.0
info@capitalinnovators.com,info@capitalinnovators.com,1,1,26,info@capitalinnovators.com,X,ADD,ROOT,xxxx@xxxx.xxx,0.0
public@qfcapital.com.cn,public@qfcapital.com.cn,1,1,23,public@qfcapital.com.cn,NOUN,NN,ROOT,xxxx@xxxx.xxx.xx,0.0
businessplans@rho.com,businessplans@rho.com,1,1,21,businessplans@rho.com,X,XX,ROOT,xxxx@xxx.xxx,0.0
info@techstart.vc,info@techstart.vc,1,1,17,info@techstart.vc,PROPN,NNP,ROOT,xxxx@xxxx.xx,0.0
info@signaturescapital.com,info@signaturescapital.com,1,1,26,info@signaturescapital.com,X,ADD,ROOT,xxxx@xxxx.xxx,0.0
businessplans@birchmerevc.com,businessplans@birchmerevc.com,1,1,29,businessplans@birchmerevc.com,X,ADD,ROOT,xxxx@xxxx.xxx,0.0
info@daiwa-inv.co.jp,info@daiwa-inv.co.jp,1,1,20,info@daiwa-inv.co.jp,VERB,VB,ROOT,xxxx@xxxx-xxx.xx.xx,0.0
info@bostonharborangels.com,info@bostonharborangels.com,1,1,27,info@bostonharborangels.com,X,ADD,ROOT,xxxx@xxxx.xxx,0.0
addor@addorcapital.com,addor@addorcapital.com,1,1,22,addor@addorcapital.com,X,ADD,ROOT,xxxx@xxxx.xxx,0.0
info@thirdrockventures.com,info@thirdrockventures.com,1,1,26,info@thirdrockventures.com,X,ADD,ROOT,xxxx@xxxx.xxx,0.0
contato@goace.vc,contato@goace.vc,1,1,16,contato@goace.vc,ADJ,JJ,ROOT,xxxx@xxxx.xx,0.0
contact@karista.vc,contact@karista.vc,1,1,18,contact@karista.vc,PROPN,NNP,ROOT,xxxx@xxxx.xx,0.0
info@eldorado.com,info@eldorado.com,1,1,17,info@eldorado.com,X,ADD,ROOT,xxxx@xxxx.xxx,0.0
threearchpartners@threearchpartners.com,threearchpartners@threearchpartners.com,1,1,39,threearchpartners@threearchpartners.com,X,ADD,ROOT,xxxx@xxxx.xxx,0.0
hello@iosg.vc,hello@iosg.vc,1,1,13,hello@iosg.vc,NOUN,NN,ROOT,xxxx@xxxx.xx,0.0
hello@vertexventures.cn,hello@vertexventures.cn,1,1,23,hello@vertexventures.cn,PROPN,NNP,ROOT,xxxx@xxxx.xx,0.0
info@rockspringscapital.com,info@rockspringscapital.com,1,1,27,info@rockspringscapital.com,X,ADD,ROOT,xxxx@xxxx.xxx,0.0
investissement@fondaction.com,investissement@fondaction.com,1,1,29,investissement@fondaction.com,X,ADD,ROOT,xxxx@xxxx.xxx,0.0
ventures@rga.com,ventures@rga.com,1,1,16,ventures@rga.com,X,XX,ROOT,xxxx@xxx.xxx,0.0
yjc-info@mail.yahoo.co.jp,yjc-info@mail.yahoo.co.jp,1,1,25,yjc-info@mail.yahoo.co.jp,ADJ,JJ,ROOT,xxx-xxxx@xxxx.xxxx.xx.xx,0.0
bizplan@oxbio.com,bizplan@oxbio.com,1,1,17,bizplan@oxbio.com,X,ADD,ROOT,xxxx@xxxx.xxx,0.0
Wben34690@gmail.com,Wben34690@gmail.com,1,1,19,wben34690@gmail.com,ADP,IN,ROOT,Xxxxdddd@xxxx.xxx,0.0
mediainquiry@silverlake.com,mediainquiry@silverlake.com,1,1,27,mediainquiry@silverlake.com,X,ADD,ROOT,xxxx@xxxx.xxx,0.0
catherine@flourishventures.com,catherine@flourishventures.com,1,1,30,catherine@flourishventures.com,X,ADD,ROOT,xxxx@xxxx.xxx,0.0
info@omegafunds.net,info@omegafunds.net,1,1,19,info@omegafunds.net,VERB,VB,ROOT,xxxx@xxxx.xxx,0.0
hello@iqcapital.vc,hello@iqcapital.vc,1,1,18,hello@iqcapital.vc,PROPN,NNP,ROOT,xxxx@xxxx.xx,0.0
info@barclays.co.uk,info@barclays.co.uk,1,1,19,info@barclays.co.uk,PROPN,NNP,ROOT,xxxx@xxxx.xx.xx,0.0
info@vintage-ip.com,info@vintage-ip.com,1,1,19,info@vintage-ip.com,VERB,VB,ROOT,xxxx@xxxx-xx.xxx,0.0
office@innovx.eu,office@innovx.eu,1,1,16,office@innovx.eu,ADJ,JJ,ROOT,xxxx@xxxx.xx,0.0
info@triplepointcapital.com,info@triplepointcapital.com,1,1,27,info@triplepointcapital.com,X,ADD,ROOT,xxxx@xxxx.xxx,0.0
hello@fifty.vc,hello@fifty.vc,1,1,14,hello@fifty.vc,PROPN,NNP,ROOT,xxxx@xxxx.xx,0.0
enquiries@cdcgroup.com,enquiries@cdcgroup.com,1,1,22,enquiries@cdcgroup.com,X,ADD,ROOT,xxxx@xxxx.xxx,0.0
investor.relations@canaccordgenuitygroup.com,investor.relations@canaccordgenuitygroup.com,1,1,44,investor.relations@canaccordgenuitygroup.com,X,ADD,ROOT,xxxx.xxxx@xxxx.xxx,0.0
admin@tribecavp.com,admin@tribecavp.com,1,1,19,admin@tribecavp.com,X,ADD,ROOT,xxxx@xxxx.xxx,0.0
team@firstminute.capital,team@firstminute.capital,1,1,24,team@firstminute.capital,ADJ,JJ,ROOT,xxxx@xxxx.xxxx,0.0
info@redalpine.com,info@redalpine.com,1,1,18,info@redalpine.com,X,ADD,ROOT,xxxx@xxxx.xxx,0.0
contact@mountain.partners,contact@mountain.partners,1,1,25,contact@mountain.partner,NOUN,NNS,ROOT,xxxx@xxxx.xxxx,0.0
info@socialleverage.com,info@socialleverage.com,1,1,23,info@socialleverage.com,X,ADD,ROOT,xxxx@xxxx.xxx,0.0
contact_toulouse@naxicap.fr,contact_toulouse@naxicap.fr,1,1,27,contact_toulouse@naxicap.fr,X,FW,ROOT,xxxx_xxxx@xxxx.xx,0.0
tc@tiantu.com.cn,tc@tiantu.com.cn,1,1,16,tc@tiantu.com.cn,VERB,VBN,ROOT,xx@xxxx.xxx.xx,0.0
info@ldc.co.uk,info@ldc.co.uk,1,1,14,info@ldc.co.uk,SPACE,_SP,ROOT,xxxx@xxx.xx.xx,0.0
hello@foundersfactory.com,hello@foundersfactory.com,1,1,25,hello@foundersfactory.com,X,ADD,ROOT,xxxx@xxxx.xxx,0.0
hello@oxfordsciences.com,hello@oxfordsciences.com,1,1,24,hello@oxfordsciences.com,X,ADD,ROOT,xxxx@xxxx.xxx,0.0
Yonghua@yonghuacapital.com.cn,Yonghua@yonghuacapital.com.cn,1,1,29,yonghua@yonghuacapital.com.cn,NOUN,NN,ROOT,Xxxxx@xxxx.xxx.xx,0.0
info@openviewpartners.com,info@openviewpartners.com,1,1,25,info@openviewpartners.com,X,ADD,ROOT,xxxx@xxxx.xxx,0.0
mediaoffice@wellcome.ac.uk,mediaoffice@wellcome.ac.uk,1,1,26,mediaoffice@wellcome.ac.uk,VERB,VB,ROOT,xxxx@xxxx.xx.xx,0.0
media@acumen.org,media@acumen.org,1,1,16,media@acumen.org,PROPN,NNP,ROOT,xxxx@xxxx.xxx,0.0
deals@dawncapital.com,deals@dawncapital.com,1,1,21,deals@dawncapital.com,X,ADD,ROOT,xxxx@xxxx.xxx,0.0
inquiries@tpg.com,inquiries@tpg.com,1,1,17,inquiries@tpg.com,VERB,VB,ROOT,xxxx@xxx.xxx,0.0
info@actoncapital.com,info@actoncapital.com,1,1,21,info@actoncapital.com,X,ADD,ROOT,xxxx@xxxx.xxx,0.0
techventures@chevron.com,techventures@chevron.com,1,1,24,techventures@chevron.com,X,ADD,ROOT,xxxx@xxxx.xxx,0.0
info@pjc.vc,info@pjc.vc,1,1,11,info@pjc.vc,NOUN,NN,ROOT,xxxx@xxx.xx,0.0
hello@fundinglondon.co.uk,hello@fundinglondon.co.uk,1,1,25,hello@fundinglondon.co.uk,VERB,VB,ROOT,xxxx@xxxx.xx.xx,0.0
info@aspectventures.com,info@aspectventures.com,1,1,23,info@aspectventures.com,X,ADD,ROOT,xxxx@xxxx.xxx,0.0
info@angelcofund.co.uk,info@angelcofund.co.uk,1,1,22,info@angelcofund.co.uk,VERB,VBN,ROOT,xxxx@xxxx.xx.xx,0.0
info@novakbiddle.com,info@novakbiddle.com,1,1,20,info@novakbiddle.com,X,ADD,ROOT,xxxx@xxxx.xxx,0.0
info@ovp.com,info@ovp.com,1,1,12,info@ovp.com,X,XX,ROOT,xxxx@xxx.xxx,0.0
hello@xrclabs.com,hello@xrclabs.com,1,1,17,hello@xrclabs.com,X,ADD,ROOT,xxxx@xxxx.xxx,0.0
mox@mobileonlyx.com,mox@mobileonlyx.com,1,1,19,mox@mobileonlyx.com,NOUN,NN,ROOT,xxx@xxxx.xxx,0.0
info@trifectacapital.in,info@trifectacapital.in,1,1,23,info@trifectacapital.in,ADV,RB,ROOT,xxxx@xxxx.xx,0.0
aloha@bluestartups.com,aloha@bluestartups.com,1,1,22,aloha@bluestartups.com,X,ADD,ROOT,xxxx@xxxx.xxx,0.0
venture@sghcapital.com,venture@sghcapital.com,1,1,22,venture@sghcapital.com,X,ADD,ROOT,xxxx@xxxx.xxx,0.0
info@georgian.io,info@georgian.io,1,1,16,info@georgian.io,PROPN,NNP,ROOT,xxxx@xxxx.xx,0.0
info@expansionvc.com,info@expansionvc.com,1,1,20,info@expansionvc.com,X,ADD,ROOT,xxxx@xxxx.xxx,0.0
Info.RBVC@de.bosch.com,Info.RBVC@de.bosch.com,1,1,22,Info.RBVC@de.bosch.com,PROPN,NNP,ROOT,Xxxx.XXXX@xx.xxxx.xxx,0.0
farmer_dave@emc.com,farmer_dave@emc.com,1,1,19,farmer_dave@emc.com,X,ADD,ROOT,xxxx_xxxx@xxx.xxx,0.0
info@bitkraft.vc,info@bitkraft.vc,1,1,16,info@bitkraft.vc,PROPN,NNP,ROOT,xxxx@xxxx.xx,0.0
info@jungle-ventures.com,info@jungle-ventures.com,1,1,24,info@jungle-ventures.com,PROPN,NNP,ROOT,xxxx@xxxx-xxxx.xxx,0.0
contact@outlierventures.io,contact@outlierventures.io,1,1,26,contact@outlierventures.io,PROPN,NNP,ROOT,xxxx@xxxx.xx,0.0
hello@tobacapital.com,hello@tobacapital.com,1,1,21,hello@tobacapital.com,X,ADD,ROOT,xxxx@xxxx.xxx,0.0
press@ardian.com,press@ardian.com,1,1,16,press@ardian.com,X,ADD,ROOT,xxxx@xxxx.xxx,0.0
ir@baidu.com,ir@baidu.com,1,1,12,ir@baidu.com,X,ADD,ROOT,xx@xxxx.xxx,0.0
info@trustbridgepartners.com,info@trustbridgepartners.com,1,1,28,info@trustbridgepartners.com,X,ADD,ROOT,xxxx@xxxx.xxx,0.0
info@newschools.org,info@newschools.org,1,1,19,info@newschools.org,X,LS,ROOT,xxxx@xxxx.xxx,0.0
info@northgate.com,info@northgate.com,1,1,18,info@northgate.com,X,ADD,ROOT,xxxx@xxxx.xxx,0.0
info@tgfs.de,info@tgfs.de,1,1,12,info@tgfs.de,VERB,VB,ROOT,xxxx@xxxx.xx,0.0
info@magmavc.com,info@magmavc.com,1,1,16,info@magmavc.com,X,ADD,ROOT,xxxx@xxxx.xxx,0.0
investorservices@crescendoventures.com,investorservices@crescendoventures.com,1,1,38,investorservices@crescendoventures.com,X,ADD,ROOT,xxxx@xxxx.xxx,0.0
businessplans@labrador.com,businessplans@labrador.com,1,1,26,businessplans@labrador.com,X,ADD,ROOT,xxxx@xxxx.xxx,0.0
contact@cspartners.co.kr,contact@cspartners.co.kr,1,1,24,contact@cspartners.co.kr,VERB,VBG,ROOT,xxxx@xxxx.xx.xx,0.0
jhoerrner@aislingcapital.com,jhoerrner@aislingcapital.com,1,1,28,jhoerrner@aislingcapital.com,X,ADD,ROOT,xxxx@xxxx.xxx,0.0
info@isai.fr,info@isai.fr,1,1,12,info@isai.fr,PROPN,NNP,ROOT,xxxx@xxxx.xx,0.0
info@dtcap.com,info@dtcap.com,1,1,14,info@dtcap.com,X,ADD,ROOT,xxxx@xxxx.xxx,0.0
info@florida-institute.com,info@florida-institute.com,1,1,26,info@florida-institute.com,NOUN,NN,ROOT,xxxx@xxxx-xxxx.xxx,0.0
team@m13.co,team@m13.co,1,1,11,team@m13.co,NUM,CD,ROOT,xxxx@xdd.xx,0.0
info@tedco.md,info@tedco.md,1,1,13,info@tedco.md,NOUN,NN,ROOT,xxxx@xxxx.xx,0.0
hello@matchstickventures.com,hello@matchstickventures.com,1,1,28,hello@matchstickventures.com,X,ADD,ROOT,xxxx@xxxx.xxx,0.0
bp@ldcap.com,bp@ldcap.com,1,1,12,bp@ldcap.com,X,ADD,ROOT,xx@xxxx.xxx,0.0
pitch@preseedventures.dk,pitch@preseedventures.dk,1,1,24,pitch@preseedventures.dk,PROPN,NNP,ROOT,xxxx@xxxx.xx,0.0
info@telstraventures.com,info@telstraventures.com,1,1,24,info@telstraventures.com,NOUN,NNS,ROOT,xxxx@xxxx.xxx,0.0
manager@launchpadventuregroup.com,manager@launchpadventuregroup.com,1,1,33,manager@launchpadventuregroup.com,X,ADD,ROOT,xxxx@xxxx.xxx,0.0
admin@eclipse.vc,admin@eclipse.vc,1,1,16,admin@eclipse.vc,PROPN,NNP,ROOT,xxxx@xxxx.xx,0.0
admin@wisinvpartners.com,admin@wisinvpartners.com,1,1,24,admin@wisinvpartners.com,X,ADD,ROOT,xxxx@xxxx.xxx,0.0
PlugandPlay@Axelspringer.de,PlugandPlay@Axelspringer.de,1,1,27,PlugandPlay@Axelspringer.de,NOUN,NNS,ROOT,XxxxxXxxx@Xxxxx.xx,0.0
BP@Pre-Angel.com​,BP@Pre,1,1,6,BP@Pre,NOUN,NNS,npadvmod,XX@Xxx,0.0
BP@Pre-Angel.com​,-,1,1,1,-,PUNCT,HYPH,punct,-,0.0
BP@Pre-Angel.com​,Angel.com​,1,1,10,angel.com​,NOUN,NN,ROOT,Xxxxx.xxx​,0.0
info@fintechsandbox.org,info@fintechsandbox.org,1,1,23,info@fintechsandbox.org,X,ADD,ROOT,xxxx@xxxx.xxx,0.0
info@ceyuan.com,info@ceyuan.com,1,1,15,info@ceyuan.com,X,ADD,ROOT,xxxx@xxxx.xxx,0.0
info@ebrd.com,info@ebrd.com,1,1,13,info@ebrd.com,X,ADD,ROOT,xxxx@xxxx.xxx,0.0
startups@titancapital.vc,startups@titancapital.vc,1,1,24,startups@titancapital.vc,PROPN,NNP,ROOT,xxxx@xxxx.xx,0.0
info@stripes.co,info@stripes.co,1,1,15,info@stripes.co,VERB,VBN,ROOT,xxxx@xxxx.xx,0.0
charlie@brooklynbridge.vc,charlie@brooklynbridge.vc,1,1,25,charlie@brooklynbridge.vc,NOUN,NN,ROOT,xxxx@xxxx.xx,0.0
nsc@square1bank.com,nsc@square1bank.com,1,1,19,nsc@square1bank.com,X,ADD,ROOT,xxx@xxxxdxxxx.xxx,0.0
enquiries@midven.com,enquiries@midven.com,1,1,20,enquiries@midven.com,X,ADD,ROOT,xxxx@xxxx.xxx,0.0
info@forbion.com,info@forbion.com,1,1,16,info@forbion.com,X,ADD,ROOT,xxxx@xxxx.xxx,0.0
info@reachcapital.com,info@reachcapital.com,1,1,21,info@reachcapital.com,X,ADD,ROOT,xxxx@xxxx.xxx,0.0
marketing@albion.capital,marketing@albion.capital,1,1,24,marketing@albion.capital,NOUN,NN,ROOT,xxxx@xxxx.xxxx,0.0
info@acceleratorcentre.com,info@acceleratorcentre.com,1,1,26,info@acceleratorcentre.com,NUM,CD,ROOT,xxxx@xxxx.xxx,0.0
hello@goldengate.vc,hello@goldengate.vc,1,1,19,hello@goldengate.vc,VERB,VB,ROOT,xxxx@xxxx.xx,0.0
ContactUs@innovationisrael.org.il,ContactUs@innovationisrael.org.il,1,1,33,ContactUs@innovationisrael.org.il,PROPN,NNP,ROOT,XxxxxXx@xxxx.xxx.xx,0.0
eric.noll@sig.com,eric.noll@sig.com,1,1,17,eric.noll@sig.com,X,ADD,ROOT,xxxx.xxxx@xxx.xxx,0.0
hello@upwest.vc,hello@upwest.vc,1,1,15,hello@upwest.vc,PROPN,NNP,ROOT,xxxx@xxxx.xx,0.0
info@ttvcapital.com,info@ttvcapital.com,1,1,19,info@ttvcapital.com,X,ADD,ROOT,xxxx@xxxx.xxx,0.0
info@airtree.vc,info@airtree.vc,1,1,15,info@airtree.vc,NOUN,NN,ROOT,xxxx@xxxx.xx,0.0
info@abven.com,info@abven.com,1,1,14,info@abven.com,X,ADD,ROOT,xxxx@xxxx.xxx,0.0
ventures@fidelityventures.com,ventures@fidelityventures.com,1,1,29,ventures@fidelityventures.com,X,ADD,ROOT,xxxx@xxxx.xxx,0.0
contact@serena.vc,contact@serena.vc,1,1,17,contact@serena.vc,PROPN,NNP,ROOT,xxxx@xxxx.xx,0.0
payal@axilor.com,payal@axilor.com,1,1,16,payal@axilor.com,X,ADD,ROOT,xxxx@xxxx.xxx,0.0
erica@aleph.vc,erica@aleph.vc,1,1,14,erica@aleph.vc,PROPN,NNP,ROOT,xxxx@xxxx.xx,0.0
nyc@hof.capital,nyc@hof.capital,1,1,15,nyc@hof.capital,ADJ,JJ,ROOT,xxx@xxx.xxxx,0.0
orizaholdings@oriza.com.cn,orizaholdings@oriza.com.cn,1,1,26,orizaholdings@oriza.com.cn,VERB,VBD,ROOT,xxxx@xxxx.xxx.xx,0.0
hello@expa.com,hello@expa.com,1,1,14,hello@expa.com,X,ADD,ROOT,xxxx@xxxx.xxx,0.0
